date,month,doy,month_sin,month_cos,rainfall_mm,rain_7d,rain_30d,discharge_m3s,discharge_lag1,discharge_lag3,lst_c,lst_lag1,soil_moisture,veg_index,temp_72h,flood
2016-01-04,1,4,0.49999999999999994,0.8660254037844387,0.0,0.0,0.0,8.35,4.88,8.0,23.75,22.87,0.1457,0.2019,25.85,0
2016-01-05,1,5,0.49999999999999994,0.8660254037844387,0.0,0.0,0.0,12.06,8.35,9.22,24.75,23.75,0.1555,0.2647,25.71,0
2016-01-06,1,6,0.49999999999999994,0.8660254037844387,0.0,0.0,0.0,3.64,12.06,4.88,25.53,24.75,0.1401,0.1915,26.32,0
2016-01-07,1,7,0.49999999999999994,0.8660254037844387,0.0,0.0,0.0,2.0,3.64,8.35,25.85,25.53,0.1611,0.2366,26.1,0
2016-01-08,1,8,0.49999999999999994,0.8660254037844387,0.2,0.2,0.2,2.0,2.0,12.06,25.71,25.85,0.1385,0.255,25.78,0
2016-01-09,1,9,0.49999999999999994,0.8660254037844387,1.29,1.49,1.49,2.0,2.0,3.64,26.32,25.71,0.1637,0.2634,26.06,0
2016-01-10,1,10,0.49999999999999994,0.8660254037844387,0.76,2.25,2.25,2.0,2.0,2.0,26.1,26.32,0.1609,0.2471,25.12,0
2016-01-11,1,11,0.49999999999999994,0.8660254037844387,0.0,2.25,2.25,2.0,2.0,2.0,25.78,26.1,0.1508,0.2404,25.04,0
2016-01-12,1,12,0.49999999999999994,0.8660254037844387,0.0,2.25,2.25,4.23,2.0,2.0,26.06,25.78,0.1432,0.2767,25.08,0
2016-01-13,1,13,0.49999999999999994,0.8660254037844387,0.0,2.25,2.25,7.94,4.23,2.0,25.12,26.06,0.1551,0.2599,25.92,0
2016-01-14,1,14,0.49999999999999994,0.8660254037844387,0.0,2.25,2.25,8.26,7.94,2.0,25.04,25.12,0.163,0.2319,26.44,0
2016-01-15,1,15,0.49999999999999994,0.8660254037844387,0.0,2.05,2.25,12.77,8.26,4.23,25.08,25.04,0.1933,0.2525,27.22,0
2016-01-16,1,16,0.49999999999999994,0.8660254037844387,0.28,1.04,2.53,13.97,12.77,7.94,25.92,25.08,0.1711,0.263,26.06,0
2016-01-17,1,17,0.49999999999999994,0.8660254037844387,1.01,1.29,3.54,9.7,13.97,8.26,26.44,25.92,0.1727,0.3037,26.05,0
2016-01-18,1,18,0.49999999999999994,0.8660254037844387,0.77,2.06,4.31,11.0,9.7,12.77,27.22,26.44,0.2156,0.2762,25.4,0
2016-01-19,1,19,0.49999999999999994,0.8660254037844387,2.75,4.81,7.06,6.84,11.0,13.97,26.06,27.22,0.1667,0.2907,24.95,0
2016-01-20,1,20,0.49999999999999994,0.8660254037844387,0.1,4.91,7.16,10.66,6.84,9.7,26.05,26.06,0.1661,0.236,25.43,0
2016-01-21,1,21,0.49999999999999994,0.8660254037844387,0.0,4.91,7.16,10.19,10.66,11.0,25.4,26.05,0.1705,0.2386,24.18,0
2016-01-22,1,22,0.49999999999999994,0.8660254037844387,0.0,4.91,7.16,9.25,10.19,6.84,24.95,25.4,0.1363,0.2472,23.53,0
2016-01-23,1,23,0.49999999999999994,0.8660254037844387,0.0,4.63,7.16,6.47,9.25,10.66,25.43,24.95,0.1476,0.25,23.07,0
2016-01-24,1,24,0.49999999999999994,0.8660254037844387,0.0,3.62,7.16,11.72,6.47,10.19,24.18,25.43,0.1463,0.2241,23.27,0
2016-01-25,1,25,0.49999999999999994,0.8660254037844387,0.0,2.85,7.16,10.67,11.72,9.25,23.53,24.18,0.1694,0.2923,23.94,0
2016-01-26,1,26,0.49999999999999994,0.8660254037844387,0.0,0.1,7.16,8.68,10.67,6.47,23.07,23.53,0.153,0.2808,23.88,0
2016-01-27,1,27,0.49999999999999994,0.8660254037844387,0.0,0.0,7.16,7.3,8.68,11.72,23.27,23.07,0.1592,0.2451,24.23,0
2016-01-28,1,28,0.49999999999999994,0.8660254037844387,0.0,0.0,7.16,9.66,7.3,10.67,23.94,23.27,0.1782,0.2735,24.58,0
2016-01-29,1,29,0.49999999999999994,0.8660254037844387,0.0,0.0,7.16,11.01,9.66,8.68,23.88,23.94,0.1737,0.261,24.26,0
2016-01-30,1,30,0.49999999999999994,0.8660254037844387,0.0,0.0,7.16,12.33,11.01,7.3,24.23,23.88,0.1532,0.2759,25.56,0
2016-01-31,1,31,0.49999999999999994,0.8660254037844387,0.0,0.0,7.16,13.54,12.33,9.66,24.58,24.23,0.143,0.214,25.83,0
2016-02-01,2,32,0.8660254037844386,0.5000000000000001,0.0,0.0,7.16,21.4,13.54,11.01,24.26,24.58,0.1791,0.2499,27.35,0
2016-02-02,2,33,0.8660254037844386,0.5000000000000001,0.0,0.0,7.16,17.89,21.4,12.33,25.56,24.26,0.1719,0.2526,27.4,0
2016-02-03,2,34,0.8660254037844386,0.5000000000000001,0.0,0.0,7.16,14.49,17.89,13.54,25.83,25.56,0.1243,0.273,26.92,0
2016-02-04,2,35,0.8660254037844386,0.5000000000000001,0.0,0.0,7.16,10.39,14.49,21.4,27.35,25.83,0.1502,0.2354,26.23,0
2016-02-05,2,36,0.8660254037844386,0.5000000000000001,0.0,0.0,7.16,12.62,10.39,17.89,27.4,27.35,0.1598,0.1793,26.08,0
2016-02-06,2,37,0.8660254037844386,0.5000000000000001,0.0,0.0,7.16,16.58,12.62,14.49,26.92,27.4,0.172,0.2218,25.4,0
2016-02-07,2,38,0.8660254037844386,0.5000000000000001,0.0,0.0,6.96,14.96,16.58,10.39,26.23,26.92,0.1745,0.2523,25.06,0
2016-02-08,2,39,0.8660254037844386,0.5000000000000001,0.0,0.0,5.67,10.66,14.96,12.62,26.08,26.23,0.1608,0.2553,24.97,0
2016-02-09,2,40,0.8660254037844386,0.5000000000000001,0.0,0.0,4.91,7.05,10.66,16.58,25.4,26.08,0.1661,0.3035,26.14,0
2016-02-10,2,41,0.8660254037844386,0.5000000000000001,0.0,0.0,4.91,9.88,7.05,14.96,25.06,25.4,0.1557,0.2704,26.08,0
2016-02-11,2,42,0.8660254037844386,0.5000000000000001,0.0,0.0,4.91,12.66,9.88,10.66,24.97,25.06,0.1409,0.2554,26.65,0
2016-02-12,2,43,0.8660254037844386,0.5000000000000001,0.0,0.0,4.91,14.22,12.66,7.05,26.14,24.97,0.1492,0.252,27.12,0
2016-02-13,2,44,0.8660254037844386,0.5000000000000001,0.0,0.0,4.91,10.72,14.22,9.88,26.08,26.14,0.1548,0.2861,28.06,0
2016-02-14,2,45,0.8660254037844386,0.5000000000000001,0.0,0.0,4.91,11.33,10.72,12.66,26.65,26.08,0.1537,0.2352,28.54,0
2016-02-15,2,46,0.8660254037844386,0.5000000000000001,0.0,0.0,4.63,11.38,11.33,14.22,27.12,26.65,0.1165,0.2486,28.51,0
2016-02-16,2,47,0.8660254037844386,0.5000000000000001,0.0,0.0,3.62,11.81,11.38,10.72,28.06,27.12,0.1453,0.2195,29.0,0
2016-02-17,2,48,0.8660254037844386,0.5000000000000001,0.0,0.0,2.85,14.78,11.81,11.33,28.54,28.06,0.1537,0.2943,29.32,0
2016-02-18,2,49,0.8660254037844386,0.5000000000000001,0.0,0.0,0.1,14.66,14.78,11.38,28.51,28.54,0.1445,0.2618,29.67,0
2016-02-19,2,50,0.8660254037844386,0.5000000000000001,0.0,0.0,0.0,16.37,14.66,11.81,29.0,28.51,0.1451,0.2288,29.81,0
2016-02-20,2,51,0.8660254037844386,0.5000000000000001,0.0,0.0,0.0,15.39,16.37,14.78,29.32,29.0,0.1598,0.2466,29.18,0
2016-02-21,2,52,0.8660254037844386,0.5000000000000001,0.0,0.0,0.0,15.44,15.39,14.66,29.67,29.32,0.1284,0.2653,29.4,0
2016-02-22,2,53,0.8660254037844386,0.5000000000000001,0.0,0.0,0.0,16.85,15.44,16.37,29.81,29.67,0.1174,0.2425,28.16,0
2016-02-23,2,54,0.8660254037844386,0.5000000000000001,0.0,0.0,0.0,9.69,16.85,15.39,29.18,29.81,0.143,0.234,28.76,0
2016-02-24,2,55,0.8660254037844386,0.5000000000000001,0.0,0.0,0.0,8.16,9.69,15.44,29.4,29.18,0.1653,0.2304,28.6,0
2016-02-25,2,56,0.8660254037844386,0.5000000000000001,0.03,0.03,0.03,6.25,8.16,16.85,28.16,29.4,0.1838,0.2602,29.03,0
2016-02-26,2,57,0.8660254037844386,0.5000000000000001,0.02,0.05,0.05,3.96,6.25,9.69,28.76,28.16,0.1657,0.2393,28.34,0
2016-02-27,2,58,0.8660254037844386,0.5000000000000001,0.03,0.08,0.08,3.47,3.96,8.16,28.6,28.76,0.1207,0.2364,28.42,0
2016-02-28,2,59,0.8660254037844386,0.5000000000000001,0.05,0.13,0.13,10.13,3.47,6.25,29.03,28.6,0.1455,0.21,29.73,0
2016-02-29,2,60,0.8660254037844386,0.5000000000000001,0.19,0.32,0.32,6.35,10.13,3.96,28.34,29.03,0.1554,0.2525,29.34,0
2016-03-01,3,61,1.0,6.123233995736766e-17,0.1,0.42,0.42,10.48,6.35,3.47,28.42,28.34,0.1539,0.2448,29.67,0
2016-03-02,3,62,1.0,6.123233995736766e-17,0.21,0.63,0.63,3.39,10.48,10.13,29.73,28.42,0.1614,0.2407,28.74,0
2016-03-03,3,63,1.0,6.123233995736766e-17,0.18,0.78,0.81,2.76,3.39,6.35,29.34,29.73,0.1324,0.2564,28.38,0
2016-03-04,3,64,1.0,6.123233995736766e-17,0.41,1.17,1.22,4.22,2.76,10.48,29.67,29.34,0.1524,0.2732,28.95,0
2016-03-05,3,65,1.0,6.123233995736766e-17,1.4,2.54,2.62,7.18,4.22,3.39,28.74,29.67,0.1608,0.2726,27.06,0
2016-03-06,3,66,1.0,6.123233995736766e-17,0.43,2.92,3.05,10.2,7.18,2.76,28.38,28.74,0.1693,0.2684,27.63,0
2016-03-07,3,67,1.0,6.123233995736766e-17,2.02,4.75,5.07,13.13,10.2,4.22,28.95,28.38,0.1384,0.2458,27.54,0
2016-03-08,3,68,1.0,6.123233995736766e-17,3.41,8.06,8.48,11.12,13.13,7.18,27.06,28.95,0.1507,0.2381,27.81,0
2016-03-09,3,69,1.0,6.123233995736766e-17,1.73,9.58,10.21,8.99,11.12,10.2,27.63,27.06,0.1051,0.2248,28.16,0
2016-03-10,3,70,1.0,6.123233995736766e-17,2.41,11.81,12.62,12.5,8.99,13.13,27.54,27.63,0.1489,0.2398,27.18,0
2016-03-11,3,71,1.0,6.123233995736766e-17,1.2,12.6,13.82,11.31,12.5,11.12,27.81,27.54,0.1519,0.2589,26.73,0
2016-03-12,3,72,1.0,6.123233995736766e-17,1.9,13.1,15.72,5.99,11.31,8.99,28.16,27.81,0.1438,0.2358,29.31,0
2016-03-13,3,73,1.0,6.123233995736766e-17,7.53,20.2,23.25,2.18,5.99,12.5,27.18,28.16,0.1742,0.2668,27.43,0
2016-03-14,3,74,1.0,6.123233995736766e-17,2.95,21.13,26.2,2.0,2.18,11.31,26.73,27.18,0.1725,0.2368,27.5,0
2016-03-15,3,75,1.0,6.123233995736766e-17,1.03,18.75,27.23,3.55,2.0,5.99,29.31,26.73,0.1293,0.2165,27.14,0
2016-03-16,3,76,1.0,6.123233995736766e-17,4.36,21.38,31.59,5.36,3.55,2.18,27.43,29.31,0.1827,0.2935,27.1,0
2016-03-17,3,77,1.0,6.123233995736766e-17,6.21,25.18,37.8,9.2,5.36,2.0,27.5,27.43,0.1655,0.2584,27.44,0
2016-03-18,3,78,1.0,6.123233995736766e-17,5.28,29.26,43.08,8.08,9.2,3.55,27.14,27.5,0.1985,0.2507,27.28,0
2016-03-19,3,79,1.0,6.123233995736766e-17,1.04,28.4,44.12,9.5,8.08,5.36,27.1,27.14,0.1641,0.2437,27.2,0
2016-03-20,3,80,1.0,6.123233995736766e-17,2.99,23.86,47.11,12.63,9.5,9.2,27.44,27.1,0.193,0.291,26.8,0
2016-03-21,3,81,1.0,6.123233995736766e-17,4.55,25.46,51.66,11.63,12.63,8.08,27.28,27.44,0.1908,0.3222,25.8,0
2016-03-22,3,82,1.0,6.123233995736766e-17,7.5,31.93,59.16,13.98,11.63,9.5,27.2,27.28,0.2093,0.2734,26.29,0
2016-03-23,3,83,1.0,6.123233995736766e-17,12.47,40.04,71.63,11.72,13.98,12.63,26.8,27.2,0.217,0.2865,26.77,0
2016-03-24,3,84,1.0,6.123233995736766e-17,15.04,48.87,86.67,11.27,11.72,11.63,25.8,26.8,0.2229,0.3342,26.68,0
2016-03-25,3,85,1.0,6.123233995736766e-17,9.27,52.86,95.94,10.98,11.27,13.98,26.29,25.8,0.2056,0.2533,28.06,0
2016-03-26,3,86,1.0,6.123233995736766e-17,1.71,53.53,97.62,7.51,10.98,11.72,26.77,26.29,0.2083,0.3676,28.58,0
2016-03-27,3,87,1.0,6.123233995736766e-17,0.03,50.57,97.63,11.29,7.51,11.27,26.68,26.77,0.2262,0.3819,28.27,0
2016-03-28,3,88,1.0,6.123233995736766e-17,0.03,46.05,97.63,10.68,11.29,10.98,28.06,26.68,0.2377,0.2274,27.8,0
2016-03-29,3,89,1.0,6.123233995736766e-17,0.07,38.62,97.65,12.09,10.68,7.51,28.58,28.06,0.2257,0.3057,27.08,0
2016-03-30,3,90,1.0,6.123233995736766e-17,0.06,26.21,97.52,15.16,12.09,11.29,28.27,28.58,0.2503,0.2869,27.17,0
2016-03-31,3,91,1.0,6.123233995736766e-17,0.14,11.31,97.56,17.63,15.16,10.68,27.8,28.27,0.2322,0.3006,27.48,0
2016-04-01,4,92,0.8660254037844387,-0.49999999999999983,9.72,11.76,107.07,20.78,17.63,12.09,27.08,27.8,0.2271,0.3017,27.37,0
2016-04-02,4,93,0.8660254037844387,-0.49999999999999983,5.54,15.59,112.43,20.49,20.78,15.16,27.17,27.08,0.2456,0.3418,26.72,0
2016-04-03,4,94,0.8660254037844387,-0.49999999999999983,3.97,19.53,115.99,19.02,20.49,17.63,27.48,27.17,0.2589,0.3162,26.41,0
2016-04-04,4,95,0.8660254037844387,-0.49999999999999983,4.84,24.34,119.43,19.2,19.02,20.78,27.37,27.48,0.264,0.2943,27.07,0
2016-04-05,4,96,0.8660254037844387,-0.49999999999999983,6.45,30.72,125.45,13.04,19.2,20.49,26.72,27.37,0.3005,0.3201,27.04,0
2016-04-06,4,97,0.8660254037844387,-0.49999999999999983,13.17,43.83,136.6,8.96,13.04,19.02,26.41,26.72,0.2596,0.3474,27.08,0
2016-04-07,4,98,0.8660254037844387,-0.49999999999999983,4.49,48.18,137.68,6.01,8.96,19.2,27.07,26.41,0.2724,0.2971,27.01,0
2016-04-08,4,99,0.8660254037844387,-0.49999999999999983,3.06,41.52,139.01,4.83,6.01,13.04,27.04,27.07,0.2836,0.284,26.45,0
2016-04-09,4,100,0.8660254037844387,-0.49999999999999983,5.29,41.27,141.89,9.47,4.83,8.96,27.08,27.04,0.2772,0.3949,26.0,0
2016-04-10,4,101,0.8660254037844387,-0.49999999999999983,3.65,40.95,144.34,8.23,9.47,6.01,27.01,27.08,0.2699,0.3173,26.78,0
2016-04-11,4,102,0.8660254037844387,-0.49999999999999983,7.13,43.24,149.57,9.39,8.23,4.83,26.45,27.01,0.2536,0.3356,26.59,0
2016-04-12,4,103,0.8660254037844387,-0.49999999999999983,1.32,38.11,143.36,16.97,9.39,9.47,26.0,26.45,0.2688,0.3241,26.71,0
2016-04-13,4,104,0.8660254037844387,-0.49999999999999983,6.11,31.05,146.52,16.85,16.97,8.23,26.78,26.0,0.2604,0.3544,26.73,0
2016-04-14,4,105,0.8660254037844387,-0.49999999999999983,8.73,35.29,154.22,21.26,16.85,9.39,26.59,26.78,0.2543,0.3957,27.06,0
2016-04-15,4,106,0.8660254037844387,-0.49999999999999983,6.84,39.07,156.7,18.38,21.26,16.97,26.71,26.59,0.2751,0.3614,25.7,0
2016-04-16,4,107,0.8660254037844387,-0.49999999999999983,1.09,34.87,151.58,18.74,18.38,16.85,26.73,26.71,0.2655,0.2954,26.41,0
2016-04-17,4,108,0.8660254037844387,-0.49999999999999983,1.02,32.24,147.32,16.0,18.74,21.26,27.06,26.73,0.2943,0.2969,26.91,0
2016-04-18,4,109,0.8660254037844387,-0.49999999999999983,2.74,27.85,149.02,16.15,16.0,18.38,25.7,27.06,0.2961,0.3274,26.81,0
2016-04-19,4,110,0.8660254037844387,-0.49999999999999983,0.9,27.43,146.93,20.96,16.15,18.74,26.41,25.7,0.2642,0.3301,27.15,0
2016-04-20,4,111,0.8660254037844387,-0.49999999999999983,1.48,22.8,143.86,14.72,20.96,16.0,26.91,26.41,0.2743,0.2847,27.82,0
2016-04-21,4,112,0.8660254037844387,-0.49999999999999983,0.89,14.96,137.25,17.95,14.72,16.15,26.81,26.91,0.2364,0.3569,27.25,0
2016-04-22,4,113,0.8660254037844387,-0.49999999999999983,0.61,8.73,125.39,19.7,17.95,20.96,27.15,26.81,0.253,0.2926,26.69,0
2016-04-23,4,114,0.8660254037844387,-0.49999999999999983,0.81,8.45,111.16,17.6,19.7,14.72,27.82,27.15,0.258,0.3615,26.43,0
2016-04-24,4,115,0.8660254037844387,-0.49999999999999983,2.01,9.44,103.9,12.29,17.6,17.95,27.25,27.82,0.26,0.367,26.65,0
2016-04-25,4,116,0.8660254037844387,-0.49999999999999983,1.25,7.95,103.44,13.84,12.29,19.7,26.69,27.25,0.2288,0.3046,25.91,0
2016-04-26,4,117,0.8660254037844387,-0.49999999999999983,7.28,14.33,110.69,12.88,13.84,17.6,26.43,26.69,0.2707,0.3296,26.41,0
2016-04-27,4,118,0.8660254037844387,-0.49999999999999983,6.32,19.17,116.98,15.24,12.88,12.29,26.65,26.43,0.225,0.2832,27.11,0
2016-04-28,4,119,0.8660254037844387,-0.49999999999999983,6.27,24.55,123.18,16.51,15.24,13.84,25.91,26.65,0.2359,0.3426,27.45,0
2016-04-29,4,120,0.8660254037844387,-0.49999999999999983,1.45,25.39,124.57,23.95,16.51,12.88,26.41,25.91,0.2763,0.3098,26.93,0
2016-04-30,4,121,0.8660254037844387,-0.49999999999999983,4.48,29.06,128.91,22.98,23.95,15.24,27.11,26.41,0.2994,0.2947,26.52,0
2016-05-01,5,122,0.49999999999999994,-0.8660254037844387,2.19,29.24,121.38,18.9,22.98,16.51,27.45,27.11,0.2691,0.3141,26.68,0
2016-05-02,5,123,0.49999999999999994,-0.8660254037844387,2.98,30.97,118.82,20.2,18.9,23.95,26.93,27.45,0.2561,0.3073,26.82,0
2016-05-03,5,124,0.49999999999999994,-0.8660254037844387,2.81,26.5,117.66,21.46,20.2,22.98,26.52,26.93,0.212,0.3108,26.74,0
2016-05-04,5,125,0.49999999999999994,-0.8660254037844387,0.95,21.13,113.77,27.02,21.46,18.9,26.68,26.52,0.2119,0.3468,26.36,0
2016-05-05,5,126,0.49999999999999994,-0.8660254037844387,0.26,15.12,107.58,29.55,27.02,20.2,26.82,26.68,0.2494,0.291,25.48,0
2016-05-06,5,127,0.49999999999999994,-0.8660254037844387,5.83,19.5,100.24,29.66,29.55,21.46,26.74,26.82,0.2331,0.3622,26.51,0
2016-05-07,5,128,0.49999999999999994,-0.8660254037844387,5.04,20.06,100.79,34.2,29.66,27.02,26.36,26.74,0.2186,0.2707,26.91,0
2016-05-08,5,129,0.49999999999999994,-0.8660254037844387,5.42,23.29,103.15,27.51,34.2,29.55,25.48,26.36,0.2441,0.3604,27.3,0
2016-05-09,5,130,0.49999999999999994,-0.8660254037844387,1.63,21.94,99.49,23.96,27.51,29.66,26.51,25.48,0.2418,0.2792,26.11,0
2016-05-10,5,131,0.49999999999999994,-0.8660254037844387,1.8,20.93,97.64,19.77,23.96,34.2,26.91,26.51,0.2568,0.3086,25.97,0
2016-05-11,5,132,0.49999999999999994,-0.8660254037844387,1.36,21.34,91.87,18.27,19.77,27.51,27.3,26.91,0.2354,0.2904,25.87,0
2016-05-12,5,133,0.49999999999999994,-0.8660254037844387,8.21,29.29,98.76,13.19,18.27,23.96,26.11,27.3,0.2635,0.2989,25.07,0
2016-05-13,5,134,0.49999999999999994,-0.8660254037844387,7.32,30.78,99.97,16.95,13.19,19.77,25.97,26.11,0.2401,0.334,25.9,0
2016-05-14,5,135,0.49999999999999994,-0.8660254037844387,4.92,30.66,96.16,16.67,16.95,18.27,25.87,25.97,0.2342,0.3527,25.08,0
2016-05-15,5,136,0.49999999999999994,-0.8660254037844387,4.97,30.21,94.29,11.42,16.67,13.19,25.07,25.87,0.2561,0.3423,26.1,1
2016-05-16,5,137,0.49999999999999994,-0.8660254037844387,4.61,33.19,97.81,8.86,11.42,16.95,25.9,25.07,0.2185,0.2965,26.36,0
2016-05-17,5,138,0.49999999999999994,-0.8660254037844387,1.44,32.83,98.23,12.03,8.86,16.67,25.08,25.9,0.2947,0.3145,25.83,0
2016-05-18,5,139,0.49999999999999994,-0.8660254037844387,1.09,32.56,96.58,16.82,12.03,11.42,26.1,25.08,0.2444,0.2845,25.84,0
2016-05-19,5,140,0.49999999999999994,-0.8660254037844387,7.56,31.91,103.24,25.66,16.82,8.86,26.36,26.1,0.2505,0.2822,24.5,0
2016-05-20,5,141,0.49999999999999994,-0.8660254037844387,7.39,31.98,109.15,36.98,25.66,12.03,25.83,26.36,0.2587,0.2811,24.29,0
2016-05-21,5,142,0.49999999999999994,-0.8660254037844387,13.41,40.47,121.67,36.86,36.98,16.82,25.84,25.83,0.297,0.3099,25.2,0
2016-05-22,5,143,0.49999999999999994,-0.8660254037844387,28.31,63.81,149.37,31.66,36.86,25.66,24.5,25.84,0.3003,0.3471,26.32,0
2016-05-23,5,144,0.49999999999999994,-0.8660254037844387,4.48,63.68,153.04,22.78,31.66,36.98,24.29,24.5,0.2556,0.2845,25.39,0
2016-05-24,5,145,0.49999999999999994,-0.8660254037844387,3.78,66.02,154.81,24.88,22.78,36.86,25.2,24.29,0.3174,0.3415,26.46,0
2016-05-25,5,146,0.49999999999999994,-0.8660254037844387,6.11,71.04,159.67,22.48,24.88,31.66,26.32,25.2,0.2869,0.3913,25.33,0
2016-05-26,5,147,0.49999999999999994,-0.8660254037844387,7.23,70.71,159.62,22.06,22.48,22.78,25.39,26.32,0.2958,0.3794,26.09,0
2016-05-27,5,148,0.49999999999999994,-0.8660254037844387,1.56,64.88,154.86,20.87,22.06,24.88,26.46,25.39,0.2638,0.3254,25.49,1
2016-05-28,5,149,0.49999999999999994,-0.8660254037844387,2.9,54.37,151.49,21.73,20.87,22.48,25.33,26.46,0.2969,0.299,25.93,0
2016-05-29,5,150,0.49999999999999994,-0.8660254037844387,3.61,29.67,153.65,27.36,21.73,22.06,26.09,25.33,0.2753,0.356,26.13,0
2016-05-30,5,151,0.49999999999999994,-0.8660254037844387,3.49,28.68,152.66,28.55,27.36,20.87,25.49,26.09,0.2894,0.2721,26.25,0
2016-05-31,5,152,0.49999999999999994,-0.8660254037844387,0.32,25.22,150.79,28.31,28.55,21.73,25.93,25.49,0.28,0.3738,25.58,0
2016-06-01,6,153,1.2246467991473532e-16,-1.0,1.41,20.52,149.22,24.63,28.31,27.36,26.13,25.93,0.3228,0.3331,26.35,0
2016-06-02,6,154,1.2246467991473532e-16,-1.0,1.67,14.96,148.08,18.98,24.63,28.55,26.25,26.13,0.3229,0.3938,25.33,0
2016-06-03,6,155,1.2246467991473532e-16,-1.0,0.63,14.03,147.76,18.98,18.98,28.31,25.58,26.25,0.2839,0.2868,25.51,0
2016-06-04,6,156,1.2246467991473532e-16,-1.0,1.07,12.2,148.57,20.79,18.98,24.63,26.35,25.58,0.285,0.3667,24.89,0
2016-06-05,6,157,1.2246467991473532e-16,-1.0,11.54,20.13,154.28,29.79,20.79,18.98,25.33,26.35,0.2814,0.3396,26.12,0
2016-06-06,6,158,1.2246467991473532e-16,-1.0,3.19,19.83,152.43,30.92,29.79,18.98,25.51,25.33,0.3093,0.3315,25.46,0
2016-06-07,6,159,1.2246467991473532e-16,-1.0,2.39,21.9,149.4,35.31,30.92,20.79,24.89,25.51,0.2779,0.2985,25.08,0
2016-06-08,6,160,1.2246467991473532e-16,-1.0,4.36,24.85,152.13,33.25,35.31,29.79,26.12,24.89,0.2785,0.3592,24.7,0
2016-06-09,6,161,1.2246467991473532e-16,-1.0,22.69,45.87,173.02,29.21,33.25,30.92,25.46,26.12,0.3253,0.3741,25.74,0
2016-06-10,6,162,1.2246467991473532e-16,-1.0,2.27,47.51,173.93,26.75,29.21,35.31,25.08,25.46,0.2958,0.4079,24.81,0
2016-06-11,6,163,1.2246467991473532e-16,-1.0,1.9,48.34,167.62,25.61,26.75,33.25,24.7,25.08,0.3001,0.3808,24.9,0
2016-06-12,6,164,1.2246467991473532e-16,-1.0,7.19,43.99,167.49,36.14,25.61,29.21,25.74,24.7,0.2691,0.3327,23.47,0
2016-06-13,6,165,1.2246467991473532e-16,-1.0,1.84,42.64,164.41,33.34,36.14,26.75,24.81,25.74,0.3121,0.3185,23.3,0
2016-06-14,6,166,1.2246467991473532e-16,-1.0,3.07,43.32,162.51,37.67,33.34,25.61,24.9,24.81,0.3351,0.3065,24.64,1
2016-06-15,6,167,1.2246467991473532e-16,-1.0,20.55,59.51,178.45,34.78,37.67,36.14,23.47,24.9,0.325,0.4013,25.16,0
2016-06-16,6,168,1.2246467991473532e-16,-1.0,3.37,40.19,180.38,39.81,34.78,33.34,23.3,23.47,0.3416,0.3349,24.73,0
2016-06-17,6,169,1.2246467991473532e-16,-1.0,0.99,38.91,180.28,42.02,39.81,37.67,24.64,23.3,0.2953,0.4026,23.61,0
2016-06-18,6,170,1.2246467991473532e-16,-1.0,7.87,44.88,180.59,41.86,42.02,34.78,25.16,24.64,0.3173,0.3741,23.42,0
2016-06-19,6,171,1.2246467991473532e-16,-1.0,27.69,65.38,200.89,42.69,41.86,39.81,24.73,25.16,0.3119,0.3804,24.35,0
2016-06-20,6,172,1.2246467991473532e-16,-1.0,4.71,68.25,192.19,40.92,42.69,42.02,23.61,24.73,0.3184,0.3561,24.62,0
2016-06-21,6,173,1.2246467991473532e-16,-1.0,2.67,67.85,166.55,43.5,40.92,41.86,23.42,23.61,0.3153,0.3698,24.41,0
2016-06-22,6,174,1.2246467991473532e-16,-1.0,0.87,48.17,162.94,42.17,43.5,42.69,24.35,23.42,0.2987,0.3473,24.21,0
2016-06-23,6,175,1.2246467991473532e-16,-1.0,1.3,46.1,160.46,38.07,42.17,40.92,24.62,24.35,0.2662,0.3352,24.75,0
2016-06-24,6,176,1.2246467991473532e-16,-1.0,1.95,47.06,156.3,34.46,38.07,43.5,24.41,24.62,0.2644,0.3647,24.15,0
2016-06-25,6,177,1.2246467991473532e-16,-1.0,2.26,41.45,151.33,37.27,34.46,42.17,24.21,24.41,0.2586,0.3365,23.77,0
2016-06-26,6,178,1.2246467991473532e-16,-1.0,4.62,18.38,154.39,45.51,37.27,38.07,24.75,24.21,0.2988,0.3187,24.57,0
2016-06-27,6,179,1.2246467991473532e-16,-1.0,20.68,34.35,172.17,47.34,45.51,34.46,24.15,24.75,0.3462,0.3713,23.65,0
2016-06-28,6,180,1.2246467991473532e-16,-1.0,14.97,46.65,183.53,48.17,47.34,37.27,23.77,24.15,0.3424,0.3582,24.66,0
2016-06-29,6,181,1.2246467991473532e-16,-1.0,3.35,49.13,183.39,50.69,48.17,45.51,24.57,23.77,0.2771,0.3747,25.41,0
2016-06-30,6,182,1.2246467991473532e-16,-1.0,4.12,51.95,187.19,57.17,50.69,47.34,23.65,24.57,0.3469,0.3487,25.01,0
2016-07-01,7,183,-0.4999999999999998,-0.8660254037844388,1.81,51.81,187.59,58.55,57.17,48.17,24.66,23.65,0.3376,0.3263,25.02,0
2016-07-02,7,184,-0.4999999999999998,-0.8660254037844388,1.64,51.19,187.56,57.42,58.55,50.69,25.41,24.66,0.2879,0.4146,24.42,0
2016-07-03,7,185,-0.4999999999999998,-0.8660254037844388,4.04,50.61,190.97,62.8,57.42,57.17,25.01,25.41,0.3158,0.411,25.0,0
2016-07-04,7,186,-0.4999999999999998,-0.8660254037844388,2.25,32.18,192.15,64.91,62.8,58.55,25.02,25.01,0.3448,0.3918,25.11,0
2016-07-05,7,187,-0.4999999999999998,-0.8660254037844388,3.76,20.97,184.37,71.22,64.91,57.42,24.42,25.02,0.3269,0.349,25.44,0
2016-07-06,7,188,-0.4999999999999998,-0.8660254037844388,2.99,20.61,184.17,71.42,71.22,62.8,25.0,24.42,0.2896,0.3515,24.05,0
2016-07-07,7,189,-0.4999999999999998,-0.8660254037844388,2.81,19.3,184.59,66.2,71.42,64.91,25.11,25.0,0.3283,0.4022,23.66,0
2016-07-08,7,190,-0.4999999999999998,-0.8660254037844388,5.04,22.53,185.27,61.46,66.2,71.22,25.44,25.11,0.274,0.3505,23.84,0
2016-07-09,7,191,-0.4999999999999998,-0.8660254037844388,4.52,25.41,167.1,69.43,61.46,71.42,24.05,25.44,0.2959,0.3313,24.06,0
2016-07-10,7,192,-0.4999999999999998,-0.8660254037844388,10.96,32.33,175.79,76.92,69.43,66.2,23.66,24.05,0.331,0.4116,23.3,0
2016-07-11,7,193,-0.4999999999999998,-0.8660254037844388,9.2,39.28,183.09,76.07,76.92,61.46,23.84,23.66,0.3151,0.3584,24.51,0
2016-07-12,7,194,-0.4999999999999998,-0.8660254037844388,5.48,41.0,181.38,74.79,76.07,69.43,24.06,23.84,0.3033,0.4119,23.75,0
2016-07-13,7,195,-0.4999999999999998,-0.8660254037844388,3.1,41.11,182.64,81.37,74.79,76.92,23.3,24.06,0.3322,0.3176,23.57,0
2016-07-14,7,196,-0.4999999999999998,-0.8660254037844388,2.66,40.96,182.23,76.98,81.37,76.07,24.51,23.3,0.3335,0.3749,23.81,0
2016-07-15,7,197,-0.4999999999999998,-0.8660254037844388,4.91,40.83,166.59,74.11,76.98,74.79,23.75,24.51,0.3261,0.4121,24.2,0
2016-07-16,7,198,-0.4999999999999998,-0.8660254037844388,10.65,46.96,173.87,78.24,74.11,81.37,23.57,23.75,0.324,0.3552,23.54,0
2016-07-17,7,199,-0.4999999999999998,-0.8660254037844388,7.48,43.48,180.36,78.03,78.24,76.98,23.81,23.57,0.334,0.3503,24.32,0
2016-07-18,7,200,-0.4999999999999998,-0.8660254037844388,2.37,36.65,174.86,79.62,78.03,74.11,24.2,23.81,0.322,0.3199,24.59,0
2016-07-19,7,201,-0.4999999999999998,-0.8660254037844388,6.64,37.81,153.81,80.26,79.62,78.24,23.54,24.2,0.2937,0.3748,23.64,0
2016-07-20,7,202,-0.4999999999999998,-0.8660254037844388,11.58,46.29,160.68,83.26,80.26,78.03,24.32,23.54,0.2964,0.3233,24.07,0
2016-07-21,7,203,-0.4999999999999998,-0.8660254037844388,8.7,52.33,166.71,90.51,83.26,79.62,24.59,24.32,0.2953,0.3472,23.66,1
2016-07-22,7,204,-0.4999999999999998,-0.8660254037844388,13.65,61.07,179.49,91.97,90.51,80.26,23.64,24.59,0.2873,0.3207,23.17,0
2016-07-23,7,205,-0.4999999999999998,-0.8660254037844388,44.63,95.05,222.82,96.52,91.97,83.26,24.07,23.64,0.3314,0.4304,23.37,0
2016-07-24,7,206,-0.4999999999999998,-0.8660254037844388,5.39,92.96,226.26,90.01,96.52,90.51,23.66,24.07,0.348,0.4204,24.0,0
2016-07-25,7,207,-0.4999999999999998,-0.8660254037844388,9.75,100.34,233.75,92.95,90.01,91.97,23.17,23.66,0.3652,0.3893,24.32,1
2016-07-26,7,208,-0.4999999999999998,-0.8660254037844388,5.06,98.76,234.19,92.62,92.95,96.52,23.37,23.17,0.3896,0.3559,24.49,1
2016-07-27,7,209,-0.4999999999999998,-0.8660254037844388,5.96,93.14,219.47,90.9,92.62,90.01,24.0,23.37,0.3467,0.4278,23.88,1
2016-07-28,7,210,-0.4999999999999998,-0.8660254037844388,8.84,93.28,213.34,91.03,90.9,92.95,24.32,24.0,0.3621,0.367,24.31,1
2016-07-29,7,211,-0.4999999999999998,-0.8660254037844388,10.6,90.23,220.59,93.79,91.03,92.62,24.49,24.32,0.3701,0.3492,24.77,1
2016-07-30,7,212,-0.4999999999999998,-0.8660254037844388,1.29,46.89,217.76,101.42,93.79,90.9,23.88,24.49,0.3414,0.3278,24.52,1
2016-07-31,7,213,-0.4999999999999998,-0.8660254037844388,1.49,42.99,217.44,99.28,101.42,91.03,24.31,23.88,0.3576,0.3611,24.3,0
2016-08-01,8,214,-0.8660254037844384,-0.5000000000000004,1.07,34.31,216.87,103.21,99.28,93.79,24.77,24.31,0.3403,0.3365,24.37,1
2016-08-02,8,215,-0.8660254037844384,-0.5000000000000004,1.89,31.14,214.72,104.79,103.21,101.42,24.52,24.77,0.3697,0.3601,23.44,1
2016-08-03,8,216,-0.8660254037844384,-0.5000000000000004,1.07,26.25,213.54,107.08,104.79,99.28,24.3,24.52,0.3549,0.4005,23.23,0
2016-08-04,8,217,-0.8660254037844384,-0.5000000000000004,0.72,18.13,210.5,114.63,107.08,103.21,24.37,24.3,0.3156,0.365,24.35,1
2016-08-05,8,218,-0.8660254037844384,-0.5000000000000004,2.18,9.71,209.69,119.5,114.63,104.79,23.44,24.37,0.342,0.3865,24.52,0
2016-08-06,8,219,-0.8660254037844384,-0.5000000000000004,7.55,15.97,214.43,127.26,119.5,107.08,23.23,23.44,0.3759,0.357,24.6,1
2016-08-07,8,220,-0.8660254037844384,-0.5000000000000004,2.04,16.52,211.43,128.15,127.26,114.63,24.35,23.23,0.3367,0.3788,24.1,1
2016-08-08,8,221,-0.8660254037844384,-0.5000000000000004,1.8,17.25,208.71,127.02,128.15,119.5,24.52,24.35,0.3468,0.4329,24.51,0
2016-08-09,8,222,-0.8660254037844384,-0.5000000000000004,3.46,18.82,201.21,128.13,127.02,127.26,24.6,24.52,0.342,0.3603,24.16,1
2016-08-10,8,223,-0.8660254037844384,-0.5000000000000004,2.65,20.4,194.66,131.13,128.13,128.15,24.1,24.6,0.3045,0.3783,24.59,1
2016-08-11,8,224,-0.8660254037844384,-0.5000000000000004,2.96,22.64,192.14,133.68,131.13,127.02,24.51,24.1,0.3331,0.3183,24.04,1
2016-08-12,8,225,-0.8660254037844384,-0.5000000000000004,3.2,23.66,192.24,131.11,133.68,128.13,24.16,24.51,0.2951,0.4109,24.35,1
2016-08-13,8,226,-0.8660254037844384,-0.5000000000000004,3.1,19.21,192.68,133.92,131.11,131.13,24.59,24.16,0.3109,0.3513,24.12,1
2016-08-14,8,227,-0.8660254037844384,-0.5000000000000004,11.11,28.28,198.88,137.26,133.92,133.68,24.04,24.59,0.3505,0.4008,23.23,1
2016-08-15,8,228,-0.8660254037844384,-0.5000000000000004,7.41,33.89,195.64,149.48,137.26,131.11,24.35,24.04,0.3332,0.3637,24.42,1
2016-08-16,8,229,-0.8660254037844384,-0.5000000000000004,5.22,35.65,193.38,157.53,149.48,133.92,24.12,24.35,0.318,0.3844,24.93,1
2016-08-17,8,230,-0.8660254037844384,-0.5000000000000004,4.12,37.12,195.13,153.74,157.53,137.26,23.23,24.12,0.3345,0.3872,24.42,0
2016-08-18,8,231,-0.8660254037844384,-0.5000000000000004,4.29,38.45,192.78,153.0,153.74,149.48,24.42,23.23,0.3223,0.3521,24.76,1
2016-08-19,8,232,-0.8660254037844384,-0.5000000000000004,3.62,38.87,184.82,147.76,153.0,157.53,24.93,24.42,0.3166,0.3936,24.78,1
2016-08-20,8,233,-0.8660254037844384,-0.5000000000000004,9.82,45.59,185.94,147.05,147.76,153.74,24.42,24.93,0.3305,0.3388,24.53,1
2016-08-21,8,234,-0.8660254037844384,-0.5000000000000004,4.63,39.11,176.92,150.14,147.05,153.0,24.76,24.42,0.2947,0.3795,24.24,1
2016-08-22,8,235,-0.8660254037844384,-0.5000000000000004,4.93,36.63,137.22,155.81,150.14,147.76,24.78,24.76,0.2743,0.3206,24.02,1
2016-08-23,8,236,-0.8660254037844384,-0.5000000000000004,8.62,40.03,140.45,153.15,155.81,147.05,24.53,24.78,0.2702,0.3448,24.08,1
2016-08-24,8,237,-0.8660254037844384,-0.5000000000000004,4.5,40.41,135.2,151.29,153.15,150.14,24.24,24.53,0.24,0.3173,23.36,1
2016-08-25,8,238,-0.8660254037844384,-0.5000000000000004,3.72,39.84,133.86,143.88,151.29,155.81,24.02,24.24,0.2521,0.3318,23.85,0
2016-08-26,8,239,-0.8660254037844384,-0.5000000000000004,3.59,39.81,131.49,145.64,143.88,153.15,24.08,24.02,0.2997,0.2967,24.35,1
2016-08-27,8,240,-0.8660254037844384,-0.5000000000000004,11.94,41.93,134.59,143.74,145.64,151.29,23.36,24.08,0.2788,0.3382,24.23,1
2016-08-28,8,241,-0.8660254037844384,-0.5000000000000004,2.35,39.65,126.34,144.25,143.74,143.88,23.85,23.36,0.2372,0.3271,24.33,0
2016-08-29,8,242,-0.8660254037844384,-0.5000000000000004,3.89,38.61,128.94,143.46,144.25,145.64,24.35,23.85,0.2352,0.3112,23.85,0
2016-08-30,8,243,-0.8660254037844384,-0.5000000000000004,7.97,37.96,135.42,146.14,143.46,143.74,24.23,24.35,0.2696,0.3296,23.96,1
2016-08-31,8,244,-0.8660254037844384,-0.5000000000000004,4.66,38.12,139.01,141.93,146.14,144.25,24.33,24.23,0.3063,0.3374,24.43,1
2016-09-01,9,245,-1.0,-1.8369701987210297e-16,13.07,47.47,150.19,139.79,141.93,143.46,23.85,24.33,0.2814,0.3216,24.87,1
2016-09-02,9,246,-1.0,-1.8369701987210297e-16,4.59,48.47,153.71,152.49,139.79,146.14,23.96,23.85,0.3145,0.3384,24.25,1
2016-09-03,9,247,-1.0,-1.8369701987210297e-16,8.83,45.36,161.82,149.81,152.49,141.93,24.43,23.96,0.3027,0.3169,23.94,1
2016-09-04,9,248,-1.0,-1.8369701987210297e-16,9.7,52.71,169.34,148.47,149.81,139.79,24.87,24.43,0.3118,0.422,24.34,1
2016-09-05,9,249,-1.0,-1.8369701987210297e-16,18.96,67.78,180.75,159.29,148.47,152.49,24.25,24.87,0.286,0.3902,25.01,1
2016-09-06,9,250,-1.0,-1.8369701987210297e-16,10.55,70.36,189.26,172.93,159.29,149.81,23.94,24.25,0.3391,0.3717,24.35,1
2016-09-07,9,251,-1.0,-1.8369701987210297e-16,3.76,69.46,191.22,168.24,172.93,148.47,24.34,23.94,0.3154,0.3999,24.04,1
2016-09-08,9,252,-1.0,-1.8369701987210297e-16,8.47,64.86,196.23,167.53,168.24,159.29,25.01,24.34,0.3439,0.3084,24.28,1
2016-09-09,9,253,-1.0,-1.8369701987210297e-16,7.99,68.26,201.57,169.83,167.53,172.93,24.35,25.01,0.3151,0.2942,24.06,1
2016-09-10,9,254,-1.0,-1.8369701987210297e-16,26.13,85.56,224.74,177.7,169.83,168.24,24.04,24.35,0.3558,0.3729,24.31,1
2016-09-11,9,255,-1.0,-1.8369701987210297e-16,4.7,80.56,226.24,173.48,177.7,167.53,24.28,24.04,0.3607,0.3444,23.3,0
2016-09-12,9,256,-1.0,-1.8369701987210297e-16,4.67,66.27,227.81,172.82,173.48,169.83,24.06,24.28,0.3519,0.3796,24.21,1
2016-09-13,9,257,-1.0,-1.8369701987210297e-16,10.19,65.91,226.89,176.23,172.82,177.7,24.31,24.06,0.3623,0.3923,24.51,1
2016-09-14,9,258,-1.0,-1.8369701987210297e-16,13.75,75.9,233.23,177.77,176.23,173.48,23.3,24.31,0.3546,0.4176,24.57,1
2016-09-15,9,259,-1.0,-1.8369701987210297e-16,3.94,71.37,231.95,175.68,177.77,172.82,24.21,23.3,0.3458,0.355,24.25,1
2016-09-16,9,260,-1.0,-1.8369701987210297e-16,4.84,68.22,232.67,174.76,175.68,176.23,24.51,24.21,0.3915,0.4016,24.2,1
2016-09-17,9,261,-1.0,-1.8369701987210297e-16,5.6,47.69,233.98,168.88,174.76,177.77,24.57,24.51,0.3816,0.3908,23.86,1
2016-09-18,9,262,-1.0,-1.8369701987210297e-16,6.98,49.97,237.34,168.33,168.88,175.68,24.25,24.57,0.3484,0.4028,24.88,1
2016-09-19,9,263,-1.0,-1.8369701987210297e-16,21.7,67.0,249.22,167.79,168.33,174.76,24.2,24.25,0.3857,0.3839,24.23,1
2016-09-20,9,264,-1.0,-1.8369701987210297e-16,40.11,96.92,284.7,169.78,167.79,168.88,23.86,24.2,0.3914,0.4623,23.71,1
2016-09-21,9,265,-1.0,-1.8369701987210297e-16,12.38,95.55,292.15,168.25,169.78,168.33,24.88,23.86,0.3892,0.4222,24.25,1
2016-09-22,9,266,-1.0,-1.8369701987210297e-16,26.54,118.15,310.07,171.18,168.25,167.79,24.23,24.88,0.4497,0.4893,24.3,1
2016-09-23,9,267,-1.0,-1.8369701987210297e-16,15.13,128.44,320.7,175.79,171.18,169.78,23.71,24.23,0.4045,0.4187,24.84,1
2016-09-24,9,268,-1.0,-1.8369701987210297e-16,35.39,158.23,352.37,176.63,175.79,168.25,24.25,23.71,0.4857,0.4837,24.16,1
2016-09-25,9,269,-1.0,-1.8369701987210297e-16,7.79,159.04,356.57,177.96,176.63,171.18,24.3,24.25,0.4659,0.4622,25.07,1
2016-09-26,9,270,-1.0,-1.8369701987210297e-16,3.84,141.18,348.47,177.49,177.96,175.79,24.84,24.3,0.4594,0.4492,25.88,1
2016-09-27,9,271,-1.0,-1.8369701987210297e-16,16.92,117.99,363.04,176.89,177.49,176.63,24.16,24.84,0.4849,0.4868,25.32,1
2016-09-28,9,272,-1.0,-1.8369701987210297e-16,6.56,112.17,365.71,173.27,176.89,177.96,25.07,24.16,0.4908,0.4605,24.69,1
2016-09-29,9,273,-1.0,-1.8369701987210297e-16,7.75,93.38,365.49,174.06,173.27,177.49,25.88,25.07,0.4624,0.3894,23.73,1
2016-09-30,9,274,-1.0,-1.8369701987210297e-16,18.94,97.19,379.77,173.04,174.06,176.89,25.32,25.88,0.5061,0.386,24.72,1
2016-10-01,10,275,-0.8660254037844386,0.5000000000000001,12.34,74.14,379.04,180.64,173.04,173.27,24.69,25.32,0.4934,0.5156,25.34,1
2016-10-02,10,276,-0.8660254037844386,0.5000000000000001,4.78,71.13,379.23,184.72,180.64,174.06,23.73,24.69,0.4662,0.5144,25.54,1
2016-10-03,10,277,-0.8660254037844386,0.5000000000000001,1.89,69.18,372.29,183.0,184.72,173.04,24.72,23.73,0.4817,0.53,25.26,1
2016-10-04,10,278,-0.8660254037844386,0.5000000000000001,10.46,62.72,373.05,176.65,183.0,180.64,25.34,24.72,0.5134,0.4733,25.52,1
2016-10-05,10,279,-0.8660254037844386,0.5000000000000001,9.63,65.79,363.72,169.37,176.65,184.72,25.54,25.34,0.5109,0.4295,24.84,1
2016-10-06,10,280,-0.8660254037844386,0.5000000000000001,7.37,65.41,360.54,172.01,169.37,183.0,25.26,25.54,0.4888,0.4537,24.24,1
2016-10-07,10,281,-0.8660254037844386,0.5000000000000001,15.63,62.1,372.41,170.44,172.01,176.65,25.52,25.26,0.4614,0.4738,24.85,1
2016-10-08,10,282,-0.8660254037844386,0.5000000000000001,12.65,62.41,376.59,169.71,170.44,169.37,24.84,25.52,0.4987,0.4457,24.65,1
2016-10-09,10,283,-0.8660254037844386,0.5000000000000001,2.12,59.75,370.72,159.76,169.71,172.01,24.24,24.84,0.5007,0.5219,24.84,1
2016-10-10,10,284,-0.8660254037844386,0.5000000000000001,10.97,68.83,355.56,161.38,159.76,170.44,24.85,24.24,0.4845,0.5305,25.4,1
2016-10-11,10,285,-0.8660254037844386,0.5000000000000001,13.55,71.92,364.41,160.69,161.38,169.71,24.65,24.85,0.4937,0.483,25.37,1
2016-10-12,10,286,-0.8660254037844386,0.5000000000000001,5.36,67.65,365.1,153.51,160.69,159.76,24.84,24.65,0.4859,0.4687,25.57,0
2016-10-13,10,287,-0.8660254037844386,0.5000000000000001,15.72,76.0,370.63,149.73,153.51,161.38,25.4,24.84,0.4821,0.4335,25.54,1
2016-10-14,10,288,-0.8660254037844386,0.5000000000000001,14.12,74.49,371.0,149.12,149.73,160.69,25.37,25.4,0.4717,0.519,25.65,1
2016-10-15,10,289,-0.8660254037844386,0.5000000000000001,4.93,66.77,371.99,147.44,149.12,153.51,25.57,25.37,0.4468,0.4755,25.4,1
2016-10-16,10,290,-0.8660254037844386,0.5000000000000001,13.83,78.48,380.98,144.45,147.44,149.73,25.54,25.57,0.4997,0.4699,24.98,1
2016-10-17,10,291,-0.8660254037844386,0.5000000000000001,6.57,74.08,381.95,142.35,144.45,149.12,25.65,25.54,0.4975,0.4936,25.23,1
2016-10-18,10,292,-0.8660254037844386,0.5000000000000001,18.5,79.03,393.47,139.83,142.35,147.44,25.4,25.65,0.5153,0.4685,24.53,1
2016-10-19,10,293,-0.8660254037844386,0.5000000000000001,4.85,78.52,376.62,138.68,139.83,144.45,24.98,25.4,0.4622,0.4804,24.52,1
2016-10-20,10,294,-0.8660254037844386,0.5000000000000001,3.76,66.56,340.27,141.98,138.68,142.35,25.23,24.98,0.4691,0.4109,25.17,1
2016-10-21,10,295,-0.8660254037844386,0.5000000000000001,26.22,78.66,354.11,128.56,141.98,139.83,24.53,25.23,0.5098,0.4951,26.3,1
2016-10-22,10,296,-0.8660254037844386,0.5000000000000001,8.6,82.33,336.17,125.81,128.56,138.68,24.52,24.53,0.4541,0.4486,26.27,1
2016-10-23,10,297,-0.8660254037844386,0.5000000000000001,0.86,69.36,321.9,124.55,125.81,141.98,25.17,24.52,0.4385,0.4779,26.02,1
2016-10-24,10,298,-0.8660254037844386,0.5000000000000001,1.38,64.17,287.89,123.03,124.55,128.56,26.3,25.17,0.4153,0.4167,26.28,1
2016-10-25,10,299,-0.8660254037844386,0.5000000000000001,3.1,48.77,283.2,118.66,123.03,125.81,26.27,26.3,0.4455,0.4158,26.15,1
2016-10-26,10,300,-0.8660254037844386,0.5000000000000001,3.05,46.97,282.41,109.08,118.66,124.55,26.02,26.27,0.3837,0.3831,25.96,0
2016-10-27,10,301,-0.8660254037844386,0.5000000000000001,2.02,45.23,267.51,108.7,109.08,123.03,26.28,26.02,0.3948,0.4333,24.18,0
2016-10-28,10,302,-0.8660254037844386,0.5000000000000001,0.65,19.66,261.6,113.56,108.7,118.66,26.15,26.28,0.3694,0.3807,25.05,0
2016-10-29,10,303,-0.8660254037844386,0.5000000000000001,0.81,11.87,254.66,104.23,113.56,109.08,25.96,26.15,0.3683,0.3882,24.79,0
2016-10-30,10,304,-0.8660254037844386,0.5000000000000001,0.86,11.87,236.58,105.27,104.23,108.7,24.18,25.96,0.3619,0.392,24.67,0
2016-10-31,10,305,-0.8660254037844386,0.5000000000000001,0.6,11.09,224.84,100.89,105.27,113.56,25.05,24.18,0.3793,0.3885,25.39,0
2016-11-01,11,306,-0.5000000000000004,0.8660254037844384,1.03,9.02,221.09,97.88,100.89,104.23,24.79,25.05,0.385,0.3315,24.96,0
2016-11-02,11,307,-0.5000000000000004,0.8660254037844384,0.28,6.25,219.48,91.05,97.88,105.27,24.67,24.79,0.3565,0.3748,25.73,0
2016-11-03,11,308,-0.5000000000000004,0.8660254037844384,0.16,4.39,209.18,87.67,91.05,100.89,25.39,24.67,0.3307,0.3994,25.08,0
2016-11-04,11,309,-0.5000000000000004,0.8660254037844384,0.11,3.85,199.66,90.89,87.67,97.88,24.96,25.39,0.3795,0.3584,25.36,0
2016-11-05,11,310,-0.5000000000000004,0.8660254037844384,0.1,3.14,192.39,90.37,90.89,91.05,25.73,24.96,0.3146,0.3587,25.72,0
2016-11-06,11,311,-0.5000000000000004,0.8660254037844384,0.05,2.33,176.81,94.0,90.37,87.67,25.08,25.73,0.2977,0.361,25.31,0
2016-11-07,11,312,-0.5000000000000004,0.8660254037844384,0.59,2.32,164.75,94.41,94.0,90.89,25.36,25.08,0.2628,0.3451,24.69,0
2016-11-08,11,313,-0.5000000000000004,0.8660254037844384,1.06,2.35,163.69,91.54,94.41,90.37,25.72,25.36,0.3252,0.3173,25.04,1
2016-11-09,11,314,-0.5000000000000004,0.8660254037844384,0.33,2.4,153.05,93.89,91.54,94.0,25.31,25.72,0.3071,0.3407,25.33,0
2016-11-10,11,315,-0.5000000000000004,0.8660254037844384,0.49,2.73,139.99,90.22,93.89,94.41,24.69,25.31,0.3243,0.3638,25.86,0
2016-11-11,11,316,-0.5000000000000004,0.8660254037844384,2.43,5.05,137.06,88.38,90.22,91.54,25.04,24.69,0.2456,0.3007,24.81,0
2016-11-12,11,317,-0.5000000000000004,0.8660254037844384,0.0,4.95,121.34,81.82,88.38,93.89,25.33,25.04,0.2884,0.3116,25.4,0
2016-11-13,11,318,-0.5000000000000004,0.8660254037844384,0.0,4.9,107.22,77.24,81.82,90.22,25.86,25.33,0.2479,0.2729,25.94,0
2016-11-14,11,319,-0.5000000000000004,0.8660254037844384,0.0,4.31,102.29,70.0,77.24,88.38,24.81,25.86,0.2582,0.3396,25.32,0
2016-11-15,11,320,-0.5000000000000004,0.8660254037844384,0.0,3.25,88.46,70.16,70.0,81.82,25.4,24.81,0.1967,0.3003,25.64,0
2016-11-16,11,321,-0.5000000000000004,0.8660254037844384,0.0,2.92,81.89,61.31,70.16,77.24,25.94,25.4,0.2531,0.2736,26.06,0
2016-11-17,11,322,-0.5000000000000004,0.8660254037844384,0.14,2.57,63.53,61.13,61.31,70.0,25.32,25.94,0.2229,0.2909,26.61,0
2016-11-18,11,323,-0.5000000000000004,0.8660254037844384,0.41,0.55,59.09,56.82,61.13,70.16,25.64,25.32,0.2024,0.2493,25.08,0
2016-11-19,11,324,-0.5000000000000004,0.8660254037844384,0.47,1.02,55.8,58.39,56.82,61.31,26.06,25.64,0.2131,0.2525,25.09,0
2016-11-20,11,325,-0.5000000000000004,0.8660254037844384,0.21,1.23,29.79,57.41,58.39,61.13,26.61,26.06,0.1615,0.2241,25.83,0
2016-11-21,11,326,-0.5000000000000004,0.8660254037844384,0.33,1.56,21.52,60.55,57.41,56.82,25.08,26.61,0.1578,0.2309,26.57,0
2016-11-22,11,327,-0.5000000000000004,0.8660254037844384,0.06,1.62,20.72,58.7,60.55,58.39,25.09,25.08,0.1594,0.3032,26.89,0
2016-11-23,11,328,-0.5000000000000004,0.8660254037844384,0.2,1.82,19.54,47.75,58.7,57.41,25.83,25.09,0.1305,0.2397,25.78,0
2016-11-24,11,329,-0.5000000000000004,0.8660254037844384,0.14,1.82,16.58,44.27,47.75,60.55,26.57,25.83,0.1822,0.2739,25.56,0
2016-11-25,11,330,-0.5000000000000004,0.8660254037844384,0.11,1.52,13.64,36.71,44.27,58.7,26.89,26.57,0.1861,0.2331,25.61,0
2016-11-26,11,331,-0.5000000000000004,0.8660254037844384,0.14,1.19,11.76,32.74,36.71,47.75,25.78,26.89,0.1466,0.2798,25.43,0
2016-11-27,11,332,-0.5000000000000004,0.8660254037844384,0.66,1.64,11.77,37.36,32.74,44.27,25.56,25.78,0.1676,0.2263,26.4,0
2016-11-28,11,333,-0.5000000000000004,0.8660254037844384,0.42,1.73,11.38,37.67,37.36,36.71,25.61,25.56,0.1549,0.258,26.16,0
2016-11-29,11,334,-0.5000000000000004,0.8660254037844384,0.25,1.92,10.77,32.47,37.67,32.74,25.43,25.61,0.1663,0.258,26.07,0
2016-11-30,11,335,-0.5000000000000004,0.8660254037844384,0.4,2.12,10.57,26.68,32.47,37.36,26.4,25.43,0.147,0.3262,24.97,0
2016-12-01,12,336,-2.4492935982947064e-16,1.0,0.24,2.22,9.78,25.83,26.68,37.67,26.16,26.4,0.1411,0.2748,24.76,0
2016-12-02,12,337,-2.4492935982947064e-16,1.0,0.0,2.11,9.5,20.01,25.83,32.47,26.07,26.16,0.1796,0.2379,24.53,0
2016-12-03,12,338,-2.4492935982947064e-16,1.0,0.0,1.97,9.34,17.15,20.01,26.68,24.97,26.07,0.1571,0.2762,24.33,0
2016-12-04,12,339,-2.4492935982947064e-16,1.0,0.0,1.31,9.23,18.56,17.15,25.83,24.76,24.97,0.1987,0.3197,24.86,0
2016-12-05,12,340,-2.4492935982947064e-16,1.0,0.0,0.89,9.13,23.05,18.56,20.01,24.53,24.76,0.1591,0.2066,24.13,0
2016-12-06,12,341,-2.4492935982947064e-16,1.0,0.0,0.64,9.08,24.6,23.05,17.15,24.33,24.53,0.1397,0.2302,24.81,0
2016-12-07,12,342,-2.4492935982947064e-16,1.0,0.12,0.36,8.61,14.24,24.6,18.56,24.86,24.33,0.1823,0.2481,25.43,0
2016-12-08,12,343,-2.4492935982947064e-16,1.0,0.34,0.46,7.89,15.73,14.24,23.05,24.13,24.86,0.1697,0.2422,25.9,0
2016-12-09,12,344,-2.4492935982947064e-16,1.0,0.23,0.69,7.79,16.0,15.73,24.6,24.81,24.13,0.1715,0.2447,25.02,0
2016-12-10,12,345,-2.4492935982947064e-16,1.0,0.48,1.17,7.78,17.53,16.0,14.24,25.43,24.81,0.1808,0.2155,25.2,0
2016-12-11,12,346,-2.4492935982947064e-16,1.0,1.63,2.8,6.98,23.57,17.53,15.73,25.9,25.43,0.1432,0.2963,25.54,0
2016-12-12,12,347,-2.4492935982947064e-16,1.0,0.37,3.17,7.35,13.93,23.57,16.0,25.02,25.9,0.1541,0.2117,25.2,0
2016-12-13,12,348,-2.4492935982947064e-16,1.0,0.07,3.24,7.42,11.58,13.93,17.53,25.2,25.02,0.1532,0.2484,25.82,0
2016-12-14,12,349,-2.4492935982947064e-16,1.0,0.08,3.2,7.5,14.25,11.58,23.57,25.54,25.2,0.1309,0.2859,25.95,0
2016-12-15,12,350,-2.4492935982947064e-16,1.0,0.21,3.07,7.71,7.8,14.25,13.93,25.2,25.54,0.1517,0.2537,26.04,0
2016-12-16,12,351,-2.4492935982947064e-16,1.0,0.16,3.0,7.87,14.49,7.8,11.58,25.82,25.2,0.1838,0.2253,25.61,0
2016-12-17,12,352,-2.4492935982947064e-16,1.0,0.0,2.52,7.73,15.71,14.49,14.25,25.95,25.82,0.1617,0.2142,25.55,0
2016-12-18,12,353,-2.4492935982947064e-16,1.0,0.0,0.89,7.32,18.62,15.71,7.8,26.04,25.95,0.1297,0.2475,23.99,0
2016-12-19,12,354,-2.4492935982947064e-16,1.0,0.0,0.52,6.85,15.37,18.62,14.49,25.61,26.04,0.125,0.2314,25.02,0
2016-12-20,12,355,-2.4492935982947064e-16,1.0,0.0,0.45,6.64,18.1,15.37,15.71,25.55,25.61,0.1893,0.2601,24.28,0
2016-12-21,12,356,-2.4492935982947064e-16,1.0,0.0,0.37,6.31,21.41,18.1,18.62,23.99,25.55,0.1539,0.2117,25.39,0
2016-12-22,12,357,-2.4492935982947064e-16,1.0,0.0,0.16,6.25,20.85,21.41,15.37,25.02,23.99,0.1427,0.2781,25.41,0
2016-12-23,12,358,-2.4492935982947064e-16,1.0,0.0,0.0,6.05,20.34,20.85,18.1,24.28,25.02,0.15,0.2571,23.56,0
2016-12-24,12,359,-2.4492935982947064e-16,1.0,0.0,0.0,5.91,20.03,20.34,21.41,25.39,24.28,0.1258,0.2592,22.06,0
2016-12-25,12,360,-2.4492935982947064e-16,1.0,0.0,0.0,5.8,15.2,20.03,20.85,25.41,25.39,0.1837,0.2967,23.24,0
2016-12-26,12,361,-2.4492935982947064e-16,1.0,0.0,0.0,5.66,13.93,15.2,20.34,23.56,25.41,0.1472,0.2403,23.02,0
2016-12-27,12,362,-2.4492935982947064e-16,1.0,0.0,0.0,5.0,12.8,13.93,20.03,22.06,23.56,0.1818,0.2312,23.85,0
2016-12-28,12,363,-2.4492935982947064e-16,1.0,0.0,0.0,4.58,13.95,12.8,15.2,23.24,22.06,0.1552,0.2363,23.61,0
2016-12-29,12,364,-2.4492935982947064e-16,1.0,0.0,0.0,4.33,17.37,13.95,13.93,23.02,23.24,0.1825,0.2468,23.79,0
2016-12-30,12,365,-2.4492935982947064e-16,1.0,0.0,0.0,3.93,12.02,17.37,12.8,23.85,23.02,0.1587,0.2496,24.4,0
2016-12-31,12,366,-2.4492935982947064e-16,1.0,0.0,0.0,3.69,11.18,12.02,13.95,23.61,23.85,0.1704,0.2273,24.34,0
2017-01-01,1,1,0.49999999999999994,0.8660254037844387,0.0,0.0,3.69,16.7,11.18,17.37,23.79,23.61,0.1677,0.1915,24.01,0
2017-01-02,1,2,0.49999999999999994,0.8660254037844387,0.0,0.0,3.69,12.49,16.7,12.02,24.4,23.79,0.1658,0.2354,24.71,0
2017-01-03,1,3,0.49999999999999994,0.8660254037844387,0.0,0.0,3.69,8.59,12.49,11.18,24.34,24.4,0.1603,0.263,23.91,0
2017-01-04,1,4,0.49999999999999994,0.8660254037844387,0.0,0.0,3.69,9.38,8.59,16.7,24.01,24.34,0.1487,0.2563,24.07,0
2017-01-05,1,5,0.49999999999999994,0.8660254037844387,0.0,0.0,3.69,12.62,9.38,12.49,24.71,24.01,0.1916,0.2882,23.87,0
2017-01-06,1,6,0.49999999999999994,0.8660254037844387,0.0,0.0,3.57,12.03,12.62,8.59,23.91,24.71,0.1351,0.3108,23.86,0
2017-01-07,1,7,0.49999999999999994,0.8660254037844387,0.0,0.0,3.23,16.8,12.03,9.38,24.07,23.91,0.153,0.2747,23.98,0
2017-01-08,1,8,0.49999999999999994,0.8660254037844387,0.0,0.0,3.0,18.96,16.8,12.62,23.87,24.07,0.153,0.2933,24.26,0
2017-01-09,1,9,0.49999999999999994,0.8660254037844387,0.0,0.0,2.52,20.73,18.96,12.03,23.86,23.87,0.1603,0.2745,25.27,0
2017-01-10,1,10,0.49999999999999994,0.8660254037844387,0.0,0.0,0.89,21.05,20.73,16.8,23.98,23.86,0.1422,0.3018,24.43,0
2017-01-11,1,11,0.49999999999999994,0.8660254037844387,0.08,0.08,0.6,28.42,21.05,18.96,24.26,23.98,0.1568,0.3059,23.78,0
2017-01-12,1,12,0.49999999999999994,0.8660254037844387,0.12,0.2,0.65,24.55,28.42,20.73,25.27,24.26,0.1472,0.2789,24.49,0
2017-01-13,1,13,0.49999999999999994,0.8660254037844387,0.25,0.45,0.82,14.06,24.55,21.05,24.43,25.27,0.1191,0.2717,25.41,0
2017-01-14,1,14,0.49999999999999994,0.8660254037844387,0.0,0.45,0.61,19.58,14.06,28.42,23.78,24.43,0.1507,0.2442,25.82,0
2017-01-15,1,15,0.49999999999999994,0.8660254037844387,0.0,0.45,0.45,16.02,19.58,24.55,24.49,23.78,0.1284,0.249,25.63,0
2017-01-16,1,16,0.49999999999999994,0.8660254037844387,0.0,0.45,0.45,15.26,16.02,14.06,25.41,24.49,0.1157,0.2401,26.47,0
2017-01-17,1,17,0.49999999999999994,0.8660254037844387,0.0,0.45,0.45,19.42,15.26,19.58,25.82,25.41,0.1531,0.2689,25.87,0
2017-01-18,1,18,0.49999999999999994,0.8660254037844387,0.0,0.37,0.45,11.3,19.42,16.02,25.63,25.82,0.1602,0.2287,26.25,0
2017-01-19,1,19,0.49999999999999994,0.8660254037844387,0.0,0.25,0.45,5.81,11.3,15.26,26.47,25.63,0.1609,0.2445,26.07,0
2017-01-20,1,20,0.49999999999999994,0.8660254037844387,0.0,0.0,0.45,2.0,5.81,19.42,25.87,26.47,0.1617,0.1796,25.57,0
2017-01-21,1,21,0.49999999999999994,0.8660254037844387,0.23,0.23,0.68,2.0,2.0,11.3,26.25,25.87,0.112,0.3021,24.91,0
2017-01-22,1,22,0.49999999999999994,0.8660254037844387,0.32,0.55,1.0,2.0,2.0,5.81,26.07,26.25,0.1237,0.244,25.36,0
2017-01-23,1,23,0.49999999999999994,0.8660254037844387,0.51,1.06,1.51,4.28,2.0,2.0,25.57,26.07,0.1908,0.2646,25.6,0
2017-01-24,1,24,0.49999999999999994,0.8660254037844387,0.18,1.24,1.69,5.97,4.28,2.0,24.91,25.57,0.1306,0.2947,25.71,0
2017-01-25,1,25,0.49999999999999994,0.8660254037844387,0.03,1.27,1.72,2.0,5.97,2.0,25.36,24.91,0.1638,0.26,26.42,0
2017-01-26,1,26,0.49999999999999994,0.8660254037844387,0.0,1.27,1.72,2.0,2.0,4.28,25.6,25.36,0.1378,0.2944,26.4,0
2017-01-27,1,27,0.49999999999999994,0.8660254037844387,0.01,1.28,1.73,2.0,2.0,5.97,25.71,25.6,0.1532,0.2138,25.96,0
2017-01-28,1,28,0.49999999999999994,0.8660254037844387,0.0,1.05,1.73,2.0,2.0,2.0,26.42,25.71,0.1389,0.323,26.39,0
2017-01-29,1,29,0.49999999999999994,0.8660254037844387,0.0,0.73,1.73,2.0,2.0,2.0,26.4,26.42,0.1628,0.2837,25.29,0
2017-01-30,1,30,0.49999999999999994,0.8660254037844387,0.01,0.23,1.74,3.17,2.0,2.0,25.96,26.4,0.1543,0.2573,26.49,0
2017-01-31,1,31,0.49999999999999994,0.8660254037844387,0.31,0.36,2.05,4.49,3.17,2.0,26.39,25.96,0.1429,0.294,26.9,0
2017-02-01,2,32,0.8660254037844386,0.5000000000000001,0.17,0.5,2.22,8.09,4.49,2.0,25.29,26.39,0.131,0.2163,26.8,0
2017-02-02,2,33,0.8660254037844386,0.5000000000000001,0.08,0.58,2.3,9.04,8.09,3.17,26.49,25.29,0.1574,0.2427,26.97,0
2017-02-03,2,34,0.8660254037844386,0.5000000000000001,0.06,0.63,2.36,11.05,9.04,4.49,26.9,26.49,0.1279,0.2947,26.88,0
2017-02-04,2,35,0.8660254037844386,0.5000000000000001,0.1,0.73,2.46,7.81,11.05,8.09,26.8,26.9,0.1608,0.1955,25.8,0
2017-02-05,2,36,0.8660254037844386,0.5000000000000001,0.49,1.22,2.95,7.18,7.81,9.04,26.97,26.8,0.2052,0.2686,25.69,0
2017-02-06,2,37,0.8660254037844386,0.5000000000000001,0.15,1.36,3.1,8.14,7.18,11.05,26.88,26.97,0.1798,0.2678,26.31,0
2017-02-07,2,38,0.8660254037844386,0.5000000000000001,0.17,1.22,3.27,11.46,8.14,7.81,25.8,26.88,0.1673,0.311,26.87,0
2017-02-08,2,39,0.8660254037844386,0.5000000000000001,0.88,1.93,4.15,9.44,11.46,7.18,25.69,25.8,0.152,0.205,26.25,0
2017-02-09,2,40,0.8660254037844386,0.5000000000000001,0.73,2.58,4.88,11.4,9.44,8.14,26.31,25.69,0.1156,0.3012,26.83,0
2017-02-10,2,41,0.8660254037844386,0.5000000000000001,0.17,2.69,4.97,9.92,11.4,11.46,26.87,26.31,0.128,0.2362,26.8,0
2017-02-11,2,42,0.8660254037844386,0.5000000000000001,0.1,2.69,4.95,9.25,9.92,9.44,26.25,26.87,0.1801,0.2396,25.65,0
2017-02-12,2,43,0.8660254037844386,0.5000000000000001,0.11,2.31,4.81,12.46,9.25,11.4,26.83,26.25,0.1385,0.2162,24.04,0
2017-02-13,2,44,0.8660254037844386,0.5000000000000001,0.05,2.21,4.86,3.91,12.46,9.92,26.8,26.83,0.1404,0.2203,24.12,0
2017-02-14,2,45,0.8660254037844386,0.5000000000000001,0.02,2.06,4.88,2.0,3.91,9.25,25.65,26.8,0.1511,0.265,24.71,0
2017-02-15,2,46,0.8660254037844386,0.5000000000000001,0.0,1.18,4.88,2.0,2.0,12.46,24.04,25.65,0.1332,0.2196,23.6,0
2017-02-16,2,47,0.8660254037844386,0.5000000000000001,0.0,0.45,4.88,2.0,2.0,3.91,24.12,24.04,0.1299,0.2751,23.19,0
2017-02-17,2,48,0.8660254037844386,0.5000000000000001,0.0,0.28,4.88,2.0,2.0,2.0,24.71,24.12,0.1534,0.233,24.61,0
2017-02-18,2,49,0.8660254037844386,0.5000000000000001,0.0,0.18,4.88,2.0,2.0,2.0,23.6,24.71,0.1366,0.2165,26.44,0
2017-02-19,2,50,0.8660254037844386,0.5000000000000001,0.0,0.07,4.88,2.0,2.0,2.0,23.19,23.6,0.1396,0.2371,27.18,0
2017-02-20,2,51,0.8660254037844386,0.5000000000000001,0.0,0.02,4.65,2.0,2.0,2.0,24.61,23.19,0.1386,0.2629,27.26,0
2017-02-21,2,52,0.8660254037844386,0.5000000000000001,0.0,0.0,4.33,3.89,2.0,2.0,26.44,24.61,0.1643,0.2443,27.96,0
2017-02-22,2,53,0.8660254037844386,0.5000000000000001,0.0,0.0,3.82,9.88,3.89,2.0,27.18,26.44,0.1488,0.2533,27.28,0
2017-02-23,2,54,0.8660254037844386,0.5000000000000001,0.01,0.01,3.65,9.39,9.88,2.0,27.26,27.18,0.1497,0.2731,25.67,0
2017-02-24,2,55,0.8660254037844386,0.5000000000000001,0.01,0.02,3.63,14.66,9.39,3.89,27.96,27.26,0.1652,0.2847,26.21,0
2017-02-25,2,56,0.8660254037844386,0.5000000000000001,0.01,0.03,3.64,14.1,14.66,9.88,27.28,27.96,0.1504,0.2429,26.69,0
2017-02-26,2,57,0.8660254037844386,0.5000000000000001,0.01,0.04,3.64,9.9,14.1,9.39,25.67,27.28,0.1477,0.2209,26.71,0
2017-02-27,2,58,0.8660254037844386,0.5000000000000001,0.01,0.05,3.65,7.3,9.9,14.66,26.21,25.67,0.1627,0.2545,27.12,0
2017-02-28,2,59,0.8660254037844386,0.5000000000000001,0.02,0.07,3.67,2.0,7.3,14.1,26.69,26.21,0.1667,0.2663,27.14,0
2017-03-01,3,60,1.0,6.123233995736766e-17,0.02,0.09,3.68,2.0,2.0,9.9,26.71,26.69,0.1504,0.2084,27.72,0
2017-03-02,3,61,1.0,6.123233995736766e-17,0.55,0.63,3.92,2.0,2.0,7.3,27.12,26.71,0.1551,0.2256,27.77,0
2017-03-03,3,62,1.0,6.123233995736766e-17,1.18,1.8,4.93,3.67,2.0,2.0,27.14,27.12,0.1388,0.2314,27.33,0
2017-03-04,3,63,1.0,6.123233995736766e-17,0.35,2.14,5.2,11.29,3.67,2.0,27.72,27.14,0.1375,0.2469,27.95,0
2017-03-05,3,64,1.0,6.123233995736766e-17,0.69,2.82,5.83,5.38,11.29,2.0,27.77,27.72,0.1706,0.2307,27.0,0
2017-03-06,3,65,1.0,6.123233995736766e-17,1.01,3.82,6.74,7.46,5.38,3.67,27.33,27.77,0.165,0.2753,26.39,0
2017-03-07,3,66,1.0,6.123233995736766e-17,0.48,4.28,6.73,3.5,7.46,11.29,27.95,27.33,0.1652,0.2059,27.48,0
2017-03-08,3,67,1.0,6.123233995736766e-17,0.78,5.04,7.36,6.21,3.5,5.38,27.0,27.95,0.1622,0.207,27.62,0
2017-03-09,3,68,1.0,6.123233995736766e-17,1.55,6.04,8.74,6.11,6.21,7.46,26.39,27.0,0.1588,0.2452,27.08,0
2017-03-10,3,69,1.0,6.123233995736766e-17,0.86,5.72,8.72,2.0,6.11,3.5,27.48,26.39,0.1718,0.25,27.71,0
2017-03-11,3,70,1.0,6.123233995736766e-17,0.75,6.12,8.74,4.41,2.0,6.21,27.62,27.48,0.1766,0.2116,26.87,0
2017-03-12,3,71,1.0,6.123233995736766e-17,1.06,6.49,9.63,2.71,4.41,6.11,27.08,27.62,0.1769,0.2376,26.4,0
2017-03-13,3,72,1.0,6.123233995736766e-17,0.23,5.71,9.76,2.0,2.71,2.0,27.71,27.08,0.1568,0.2438,27.28,0
2017-03-14,3,73,1.0,6.123233995736766e-17,1.09,6.32,10.74,2.0,2.0,4.41,26.87,27.71,0.1874,0.2446,27.44,0
2017-03-15,3,74,1.0,6.123233995736766e-17,1.58,7.12,12.27,2.0,2.0,2.71,26.4,26.87,0.1656,0.2619,28.52,0
2017-03-16,3,75,1.0,6.123233995736766e-17,0.16,5.73,12.41,2.0,2.0,2.0,27.28,26.4,0.1738,0.2376,27.67,0
2017-03-17,3,76,1.0,6.123233995736766e-17,0.49,5.36,12.9,2.0,2.0,2.0,27.44,27.28,0.1673,0.3021,27.3,0
2017-03-18,3,77,1.0,6.123233995736766e-17,1.57,6.18,14.47,4.06,2.0,2.0,28.52,27.44,0.168,0.2733,27.88,0
2017-03-19,3,78,1.0,6.123233995736766e-17,2.22,7.34,16.69,6.4,4.06,2.0,27.67,28.52,0.1503,0.2358,26.57,0
2017-03-20,3,79,1.0,6.123233995736766e-17,3.76,10.87,20.45,12.29,6.4,2.0,27.3,27.67,0.1824,0.2651,26.28,0
2017-03-21,3,80,1.0,6.123233995736766e-17,0.97,10.75,21.42,10.66,12.29,4.06,27.88,27.3,0.2262,0.2666,26.7,0
2017-03-22,3,81,1.0,6.123233995736766e-17,6.28,15.45,27.7,4.86,10.66,6.4,26.57,27.88,0.1674,0.3031,28.06,0
2017-03-23,3,82,1.0,6.123233995736766e-17,2.2,17.49,29.9,10.14,4.86,12.29,26.28,26.57,0.1783,0.2499,27.67,0
2017-03-24,3,83,1.0,6.123233995736766e-17,1.46,18.46,31.36,9.05,10.14,10.66,26.7,26.28,0.1693,0.2918,28.17,0
2017-03-25,3,84,1.0,6.123233995736766e-17,1.26,18.15,32.61,13.94,9.05,4.86,28.06,26.7,0.1696,0.2708,28.08,0
2017-03-26,3,85,1.0,6.123233995736766e-17,2.11,18.04,34.71,15.21,13.94,10.14,27.67,28.06,0.2121,0.3156,27.64,0
2017-03-27,3,86,1.0,6.123233995736766e-17,1.9,16.18,36.6,14.27,15.21,9.05,28.17,27.67,0.1695,0.3107,26.99,0
2017-03-28,3,87,1.0,6.123233995736766e-17,1.27,16.48,37.86,15.41,14.27,13.94,28.08,28.17,0.1746,0.2786,26.64,0
2017-03-29,3,88,1.0,6.123233995736766e-17,3.49,13.69,41.34,22.84,15.41,15.21,27.64,28.08,0.1555,0.2669,27.57,0
2017-03-30,3,89,1.0,6.123233995736766e-17,4.72,16.21,46.04,29.76,22.84,14.27,26.99,27.64,0.1763,0.2928,26.24,0
2017-03-31,3,90,1.0,6.123233995736766e-17,3.4,18.15,49.42,27.66,29.76,15.41,26.64,26.99,0.1603,0.2742,27.11,0
2017-04-01,4,91,0.8660254037844387,-0.49999999999999983,0.29,17.18,49.16,26.24,27.66,22.84,27.57,26.64,0.2069,0.3299,26.38,0
2017-04-02,4,92,0.8660254037844387,-0.49999999999999983,0.68,15.75,48.66,28.69,26.24,29.76,26.24,27.57,0.2498,0.2816,26.61,0
2017-04-03,4,93,0.8660254037844387,-0.49999999999999983,0.1,13.95,48.41,23.08,28.69,27.66,27.11,26.24,0.1862,0.2669,26.3,0
2017-04-04,4,94,0.8660254037844387,-0.49999999999999983,0.21,12.89,47.93,23.02,23.08,26.24,26.38,27.11,0.1598,0.265,27.08,0
2017-04-05,4,95,0.8660254037844387,-0.49999999999999983,0.5,9.9,47.42,21.52,23.02,28.69,26.61,26.38,0.2107,0.2421,26.29,0
2017-04-06,4,96,0.8660254037844387,-0.49999999999999983,13.16,18.34,60.1,21.84,21.52,23.08,26.3,26.61,0.1896,0.3028,25.82,0
2017-04-07,4,97,0.8660254037844387,-0.49999999999999983,4.13,19.07,63.45,17.58,21.84,23.02,27.08,26.3,0.2331,0.2635,26.0,0
2017-04-08,4,98,0.8660254037844387,-0.49999999999999983,15.86,34.64,77.76,11.19,17.58,21.52,26.29,27.08,0.2143,0.3296,26.04,0
2017-04-09,4,99,0.8660254037844387,-0.49999999999999983,20.36,54.32,97.26,4.18,11.19,21.84,25.82,26.29,0.2249,0.2696,26.01,0
2017-04-10,4,100,0.8660254037844387,-0.49999999999999983,20.56,74.78,117.07,2.4,4.18,17.58,26.0,25.82,0.2518,0.3241,25.51,0
2017-04-11,4,101,0.8660254037844387,-0.49999999999999983,2.54,77.11,118.55,3.55,2.4,11.19,26.04,26.0,0.2719,0.3556,26.29,0
2017-04-12,4,102,0.8660254037844387,-0.49999999999999983,8.09,84.7,126.41,5.33,3.55,4.18,26.01,26.04,0.2592,0.2613,25.88,0
2017-04-13,4,103,0.8660254037844387,-0.49999999999999983,5.34,76.88,130.66,15.84,5.33,2.4,25.51,26.01,0.2577,0.3889,24.88,0
2017-04-14,4,104,0.8660254037844387,-0.49999999999999983,1.93,74.68,131.01,21.46,15.84,3.55,26.29,25.51,0.2639,0.3158,26.31,0
2017-04-15,4,105,0.8660254037844387,-0.49999999999999983,8.65,67.47,139.5,18.12,21.46,5.33,25.88,26.29,0.2501,0.3379,26.12,0
2017-04-16,4,106,0.8660254037844387,-0.49999999999999983,0.03,47.14,139.04,20.51,18.12,15.84,24.88,25.88,0.2831,0.3506,26.7,0
2017-04-17,4,107,0.8660254037844387,-0.49999999999999983,0.75,27.33,138.22,19.51,20.51,21.46,26.31,24.88,0.2387,0.3547,26.75,0
2017-04-18,4,108,0.8660254037844387,-0.49999999999999983,2.14,26.93,138.14,19.15,19.51,18.12,26.12,26.31,0.2654,0.3411,26.29,0
2017-04-19,4,109,0.8660254037844387,-0.49999999999999983,3.1,21.94,137.48,20.72,19.15,20.51,26.7,26.12,0.2889,0.3624,26.6,0
2017-04-20,4,110,0.8660254037844387,-0.49999999999999983,3.75,20.35,140.26,23.84,20.72,19.51,26.75,26.7,0.2823,0.3497,26.53,0
2017-04-21,4,111,0.8660254037844387,-0.49999999999999983,3.02,21.44,137.0,22.6,23.84,19.15,26.29,26.75,0.2851,0.385,26.41,0
2017-04-22,4,112,0.8660254037844387,-0.49999999999999983,0.82,13.61,135.62,27.13,22.6,20.72,26.6,26.29,0.2708,0.347,26.11,0
2017-04-23,4,113,0.8660254037844387,-0.49999999999999983,1.74,15.32,135.9,22.17,27.13,23.84,26.53,26.6,0.2957,0.3905,26.39,0
2017-04-24,4,114,0.8660254037844387,-0.49999999999999983,3.22,17.79,137.86,22.59,22.17,22.6,26.41,26.53,0.2926,0.3597,26.38,0
2017-04-25,4,115,0.8660254037844387,-0.49999999999999983,1.16,16.81,136.91,33.29,22.59,27.13,26.11,26.41,0.2821,0.278,25.65,0
2017-04-26,4,116,0.8660254037844387,-0.49999999999999983,4.72,18.43,139.73,32.95,33.29,22.17,26.39,26.11,0.2943,0.4122,26.04,0
2017-04-27,4,117,0.8660254037844387,-0.49999999999999983,6.65,21.33,145.11,37.6,32.95,22.59,26.38,26.39,0.2956,0.3198,26.58,0
2017-04-28,4,118,0.8660254037844387,-0.49999999999999983,18.27,36.58,159.89,36.45,37.6,33.29,25.65,26.38,0.2851,0.3908,25.66,0
2017-04-29,4,119,0.8660254037844387,-0.49999999999999983,4.03,39.79,159.2,37.43,36.45,32.95,26.04,25.65,0.2664,0.3463,25.12,0
2017-04-30,4,120,0.8660254037844387,-0.49999999999999983,1.91,39.96,157.71,35.69,37.43,37.6,26.58,26.04,0.3003,0.3765,25.8,0
2017-05-01,5,121,0.49999999999999994,-0.8660254037844387,9.79,46.53,167.21,33.93,35.69,36.45,25.66,26.58,0.3114,0.3297,26.24,0
2017-05-02,5,122,0.49999999999999994,-0.8660254037844387,11.49,56.86,178.02,30.2,33.93,37.43,25.12,25.66,0.332,0.3756,25.84,0
2017-05-03,5,123,0.49999999999999994,-0.8660254037844387,17.89,70.03,195.81,32.2,30.2,35.69,25.8,25.12,0.3075,0.3599,26.25,0
2017-05-04,5,124,0.49999999999999994,-0.8660254037844387,12.16,75.54,207.76,28.99,32.2,33.93,26.24,25.8,0.3189,0.422,25.85,0
2017-05-05,5,125,0.49999999999999994,-0.8660254037844387,3.61,60.88,210.87,32.39,28.99,30.2,25.84,26.24,0.349,0.3897,26.08,0
2017-05-06,5,126,0.49999999999999994,-0.8660254037844387,9.74,66.59,207.45,36.91,32.39,32.2,26.25,25.84,0.3353,0.4025,25.86,0
2017-05-07,5,127,0.49999999999999994,-0.8660254037844387,5.71,70.39,209.03,37.92,36.91,28.99,25.85,26.25,0.3004,0.3105,26.33,0
2017-05-08,5,128,0.49999999999999994,-0.8660254037844387,13.1,73.7,206.27,36.12,37.92,32.39,26.08,25.85,0.3431,0.3712,25.73,0
2017-05-09,5,129,0.49999999999999994,-0.8660254037844387,13.08,75.29,198.99,37.43,36.12,36.91,25.86,26.08,0.292,0.3817,25.48,0
2017-05-10,5,130,0.49999999999999994,-0.8660254037844387,2.3,59.7,180.73,35.18,37.43,37.92,26.33,25.86,0.2938,0.3651,25.86,0
2017-05-11,5,131,0.49999999999999994,-0.8660254037844387,11.74,59.28,189.93,38.42,35.18,36.12,25.73,26.33,0.348,0.3928,26.0,0
2017-05-12,5,132,0.49999999999999994,-0.8660254037844387,6.77,62.44,188.61,30.1,38.42,37.43,25.48,25.73,0.3562,0.3522,25.27,0
2017-05-13,5,133,0.49999999999999994,-0.8660254037844387,5.27,57.97,188.54,29.02,30.1,35.18,25.86,25.48,0.2954,0.3646,24.79,0
2017-05-14,5,134,0.49999999999999994,-0.8660254037844387,6.54,58.8,193.15,21.59,29.02,38.42,26.0,25.86,0.3172,0.4013,25.71,0
2017-05-15,5,135,0.49999999999999994,-0.8660254037844387,20.55,66.25,205.05,17.48,21.59,30.1,25.27,26.0,0.3354,0.3047,25.86,0
2017-05-16,5,136,0.49999999999999994,-0.8660254037844387,0.71,53.88,205.73,25.45,17.48,29.02,24.79,25.27,0.3708,0.3911,26.0,0
2017-05-17,5,137,0.49999999999999994,-0.8660254037844387,0.13,51.71,205.11,30.36,25.45,21.59,25.71,24.79,0.3247,0.363,26.0,0
2017-05-18,5,138,0.49999999999999994,-0.8660254037844387,1.13,41.1,204.1,28.08,30.36,17.48,25.86,25.71,0.3242,0.3451,26.26,0
2017-05-19,5,139,0.49999999999999994,-0.8660254037844387,2.46,36.79,203.46,23.02,28.08,25.45,26.0,25.86,0.3641,0.3822,25.87,0
2017-05-20,5,140,0.49999999999999994,-0.8660254037844387,3.86,35.38,203.57,12.9,23.02,30.36,26.0,26.0,0.3257,0.409,25.8,0
2017-05-21,5,141,0.49999999999999994,-0.8660254037844387,2.92,31.76,203.47,14.0,12.9,28.08,26.26,26.0,0.3476,0.4033,25.27,0
2017-05-22,5,142,0.49999999999999994,-0.8660254037844387,1.69,12.9,204.34,26.83,14.0,23.02,25.87,26.26,0.3044,0.3686,24.71,0
2017-05-23,5,143,0.49999999999999994,-0.8660254037844387,6.88,19.07,209.48,29.92,26.83,12.9,25.8,25.87,0.3351,0.402,25.0,0
2017-05-24,5,144,0.49999999999999994,-0.8660254037844387,6.04,24.98,212.3,28.65,29.92,14.0,25.27,25.8,0.3079,0.4034,25.88,0
2017-05-25,5,145,0.49999999999999994,-0.8660254037844387,13.62,37.47,224.76,31.93,28.65,26.83,24.71,25.27,0.3312,0.3822,26.16,0
2017-05-26,5,146,0.49999999999999994,-0.8660254037844387,7.4,42.41,227.44,26.69,31.93,29.92,25.0,24.71,0.3715,0.3657,26.1,0
2017-05-27,5,147,0.49999999999999994,-0.8660254037844387,2.1,40.65,222.89,27.25,26.69,28.65,25.88,25.0,0.3496,0.3647,25.96,0
2017-05-28,5,148,0.49999999999999994,-0.8660254037844387,6.44,44.17,211.06,29.14,27.25,31.93,26.16,25.88,0.3336,0.4018,25.23,0
2017-05-29,5,149,0.49999999999999994,-0.8660254037844387,8.9,51.38,215.93,30.14,29.14,26.69,26.1,26.16,0.3294,0.3783,26.37,0
2017-05-30,5,150,0.49999999999999994,-0.8660254037844387,6.42,50.92,220.44,34.61,30.14,27.25,25.96,26.1,0.344,0.3509,25.66,0
2017-05-31,5,151,0.49999999999999994,-0.8660254037844387,6.78,51.66,217.43,36.63,34.61,29.14,25.23,25.96,0.3517,0.3299,25.02,0
2017-06-01,6,152,1.2246467991473532e-16,-1.0,1.71,39.75,207.65,39.51,36.63,30.14,26.37,25.23,0.3565,0.3995,24.85,0
2017-06-02,6,153,1.2246467991473532e-16,-1.0,4.08,36.43,193.84,36.34,39.51,34.61,25.66,26.37,0.272,0.3499,25.45,0
2017-06-03,6,154,1.2246467991473532e-16,-1.0,2.52,36.85,184.2,39.87,36.34,36.63,25.02,25.66,0.2991,0.3704,25.8,0
2017-06-04,6,155,1.2246467991473532e-16,-1.0,2.13,32.54,182.72,45.83,39.87,39.51,24.85,25.02,0.3176,0.3968,26.36,1
2017-06-05,6,156,1.2246467991473532e-16,-1.0,6.41,30.05,179.39,40.5,45.83,36.34,25.45,24.85,0.3095,0.3184,26.5,0
2017-06-06,6,157,1.2246467991473532e-16,-1.0,3.84,27.47,177.52,36.34,40.5,39.87,25.8,25.45,0.3178,0.3552,25.91,0
2017-06-07,6,158,1.2246467991473532e-16,-1.0,2.1,22.79,166.52,41.57,36.34,45.83,26.36,25.8,0.3052,0.3448,25.96,0
2017-06-08,6,159,1.2246467991473532e-16,-1.0,1.54,22.62,154.98,39.77,41.57,40.5,26.5,26.36,0.2834,0.3544,25.58,0
2017-06-09,6,160,1.2246467991473532e-16,-1.0,2.27,20.81,154.95,44.69,39.77,36.34,25.91,26.5,0.2789,0.3801,25.06,0
2017-06-10,6,161,1.2246467991473532e-16,-1.0,8.87,27.16,152.08,41.53,44.69,41.57,25.96,25.91,0.282,0.3014,24.0,0
2017-06-11,6,162,1.2246467991473532e-16,-1.0,6.45,31.48,151.76,46.51,41.53,39.77,25.58,25.96,0.3096,0.3581,24.2,0
2017-06-12,6,163,1.2246467991473532e-16,-1.0,7.64,32.71,154.13,45.58,46.51,44.69,25.06,25.58,0.2741,0.3734,25.21,0
2017-06-13,6,164,1.2246467991473532e-16,-1.0,16.55,45.42,164.14,45.58,45.58,41.53,24.0,25.06,0.2965,0.3429,24.44,0
2017-06-14,6,165,1.2246467991473532e-16,-1.0,10.13,53.45,153.72,50.71,45.58,46.51,24.2,24.0,0.292,0.3381,23.69,0
2017-06-15,6,166,1.2246467991473532e-16,-1.0,5.13,57.04,158.14,47.56,50.71,45.58,25.21,24.2,0.3235,0.3574,24.62,0
2017-06-16,6,167,1.2246467991473532e-16,-1.0,53.6,108.37,211.61,43.63,47.56,45.58,24.44,25.21,0.3344,0.3873,24.71,0
2017-06-17,6,168,1.2246467991473532e-16,-1.0,24.57,124.07,235.05,42.8,43.63,50.71,23.69,24.44,0.3807,0.4085,23.68,1
2017-06-18,6,169,1.2246467991473532e-16,-1.0,2.32,119.94,234.91,45.81,42.8,47.56,24.62,23.69,0.3861,0.4078,25.08,0
2017-06-19,6,170,1.2246467991473532e-16,-1.0,8.64,120.94,239.69,40.51,45.81,43.63,24.71,24.62,0.3644,0.3644,25.85,0
2017-06-20,6,171,1.2246467991473532e-16,-1.0,14.99,119.38,251.76,45.17,40.51,42.8,23.68,24.71,0.3724,0.4308,24.55,0
2017-06-21,6,172,1.2246467991473532e-16,-1.0,1.8,111.05,251.87,44.57,45.17,45.81,25.08,23.68,0.3701,0.4361,24.44,0
2017-06-22,6,173,1.2246467991473532e-16,-1.0,9.29,115.21,254.28,50.98,44.57,40.51,25.85,25.08,0.3737,0.4082,24.67,0
2017-06-23,6,174,1.2246467991473532e-16,-1.0,14.05,75.66,262.29,42.56,50.98,45.17,24.55,25.85,0.4031,0.3625,24.46,0
2017-06-24,6,175,1.2246467991473532e-16,-1.0,6.29,57.38,254.96,41.86,42.56,44.57,24.44,24.55,0.3841,0.3995,24.64,0
2017-06-25,6,176,1.2246467991473532e-16,-1.0,13.89,68.95,261.45,37.94,41.86,50.98,24.67,24.44,0.39,0.4127,23.88,0
2017-06-26,6,177,1.2246467991473532e-16,-1.0,15.97,76.28,275.32,38.46,37.94,42.56,24.46,24.67,0.3753,0.3809,24.24,0
2017-06-27,6,178,1.2246467991473532e-16,-1.0,1.34,62.63,270.22,43.29,38.46,41.86,24.64,24.46,0.3738,0.4013,23.98,0
2017-06-28,6,179,1.2246467991473532e-16,-1.0,5.19,66.02,266.51,45.79,43.29,37.94,23.88,24.64,0.4327,0.3676,23.66,0
2017-06-29,6,180,1.2246467991473532e-16,-1.0,19.95,76.68,280.04,48.05,45.79,38.46,24.24,23.88,0.3985,0.4362,24.39,0
2017-06-30,6,181,1.2246467991473532e-16,-1.0,2.81,65.44,276.07,50.48,48.05,43.29,23.98,24.24,0.383,0.4206,24.25,0
2017-07-01,7,182,-0.4999999999999998,-0.8660254037844388,5.14,64.29,279.5,54.24,50.48,45.79,23.66,23.98,0.4302,0.3683,24.36,0
2017-07-02,7,183,-0.4999999999999998,-0.8660254037844388,1.48,51.88,276.9,52.76,54.24,48.05,24.39,23.66,0.4048,0.4267,23.6,0
2017-07-03,7,184,-0.4999999999999998,-0.8660254037844388,3.78,39.69,278.16,58.59,52.76,50.48,24.25,24.39,0.4119,0.4152,23.5,0
2017-07-04,7,185,-0.4999999999999998,-0.8660254037844388,3.56,41.91,279.59,63.62,58.59,54.24,24.36,24.25,0.3989,0.4332,24.05,0
2017-07-05,7,186,-0.4999999999999998,-0.8660254037844388,21.17,57.89,294.35,67.27,63.62,52.76,23.6,24.36,0.4085,0.4149,24.45,0
2017-07-06,7,187,-0.4999999999999998,-0.8660254037844388,10.74,48.68,301.25,71.42,67.27,58.59,23.5,23.6,0.4177,0.4067,23.37,0
2017-07-07,7,188,-0.4999999999999998,-0.8660254037844388,2.89,48.76,302.04,74.16,71.42,63.62,24.05,23.5,0.3942,0.4081,22.84,0
2017-07-08,7,189,-0.4999999999999998,-0.8660254037844388,12.93,56.55,313.43,83.89,74.16,67.27,24.45,24.05,0.4303,0.4219,23.19,0
2017-07-09,7,190,-0.4999999999999998,-0.8660254037844388,46.49,101.56,357.65,84.72,83.89,71.42,23.37,24.45,0.4778,0.4652,23.4,0
2017-07-10,7,191,-0.4999999999999998,-0.8660254037844388,1.04,98.82,349.82,84.66,84.72,74.16,22.84,23.37,0.5018,0.4643,24.38,0
2017-07-11,7,192,-0.4999999999999998,-0.8660254037844388,0.28,95.54,343.65,82.98,84.66,83.89,23.19,22.84,0.461,0.4505,23.15,0
2017-07-12,7,193,-0.4999999999999998,-0.8660254037844388,1.97,76.34,337.98,80.6,82.98,84.72,23.4,23.19,0.4075,0.4401,23.39,0
2017-07-13,7,194,-0.4999999999999998,-0.8660254037844388,4.15,69.75,325.58,77.78,80.6,84.66,24.38,23.4,0.4411,0.4348,24.11,0
2017-07-14,7,195,-0.4999999999999998,-0.8660254037844388,2.59,69.45,318.04,76.96,77.78,82.98,23.15,24.38,0.491,0.5161,24.38,0
2017-07-15,7,196,-0.4999999999999998,-0.8660254037844388,7.53,64.05,320.44,79.86,76.96,80.6,23.39,23.15,0.4557,0.4191,23.99,0
2017-07-16,7,197,-0.4999999999999998,-0.8660254037844388,10.68,28.24,277.52,83.47,79.86,77.78,24.11,23.39,0.3836,0.3998,24.49,0
2017-07-17,7,198,-0.4999999999999998,-0.8660254037844388,5.15,32.35,258.1,85.35,83.47,76.96,24.38,24.11,0.3941,0.5037,25.0,0
2017-07-18,7,199,-0.4999999999999998,-0.8660254037844388,6.58,38.65,262.36,84.06,85.35,79.86,23.99,24.38,0.3713,0.42,25.27,0
2017-07-19,7,200,-0.4999999999999998,-0.8660254037844388,3.6,40.28,257.32,89.85,84.06,83.47,24.49,23.99,0.3545,0.363,23.92,0
2017-07-20,7,201,-0.4999999999999998,-0.8660254037844388,14.06,50.19,256.39,94.42,89.85,85.35,25.0,24.49,0.3738,0.4291,23.4,1
2017-07-21,7,202,-0.4999999999999998,-0.8660254037844388,20.8,68.4,275.39,95.37,94.42,84.06,25.27,25.0,0.3997,0.3879,24.18,0
2017-07-22,7,203,-0.4999999999999998,-0.8660254037844388,27.68,88.55,293.78,94.85,95.37,89.85,23.92,25.27,0.377,0.4535,24.03,1
2017-07-23,7,204,-0.4999999999999998,-0.8660254037844388,11.66,89.53,291.39,99.5,94.85,94.42,23.4,23.92,0.3893,0.4185,24.39,1
2017-07-24,7,205,-0.4999999999999998,-0.8660254037844388,15.88,100.26,300.98,102.51,99.5,95.37,24.18,23.4,0.4211,0.4174,25.0,0
2017-07-25,7,206,-0.4999999999999998,-0.8660254037844388,5.6,99.28,292.69,98.7,102.51,94.85,24.03,24.18,0.4053,0.4739,24.59,0
2017-07-26,7,207,-0.4999999999999998,-0.8660254037844388,2.93,98.61,279.65,101.09,98.7,99.5,24.39,24.03,0.4096,0.4348,24.41,0
2017-07-27,7,208,-0.4999999999999998,-0.8660254037844388,2.13,86.68,280.44,104.78,101.09,102.51,25.0,24.39,0.3781,0.4475,24.27,0
2017-07-28,7,209,-0.4999999999999998,-0.8660254037844388,5.24,71.12,280.49,103.62,104.78,98.7,24.59,25.0,0.4167,0.4313,24.27,1
2017-07-29,7,210,-0.4999999999999998,-0.8660254037844388,5.02,48.46,265.56,107.05,103.62,101.09,24.41,24.59,0.3653,0.396,23.83,0
2017-07-30,7,211,-0.4999999999999998,-0.8660254037844388,4.11,40.91,266.86,103.76,107.05,104.78,24.27,24.41,0.423,0.4285,23.53,0
2017-07-31,7,212,-0.4999999999999998,-0.8660254037844388,2.85,27.88,264.57,112.42,103.76,103.62,24.27,24.27,0.3538,0.445,24.45,1
2017-08-01,8,213,-0.8660254037844384,-0.5000000000000004,3.99,26.27,267.08,119.82,112.42,107.05,23.83,24.27,0.3685,0.4143,23.25,1
2017-08-02,8,214,-0.8660254037844384,-0.5000000000000004,2.68,26.02,265.98,120.42,119.82,103.76,23.53,23.83,0.3977,0.4636,23.66,0
2017-08-03,8,215,-0.8660254037844384,-0.5000000000000004,2.64,26.53,265.06,123.72,120.42,112.42,24.45,23.53,0.4218,0.4346,23.91,0
2017-08-04,8,216,-0.8660254037844384,-0.5000000000000004,4.69,25.98,248.58,115.47,123.72,119.82,23.25,24.45,0.38,0.4055,22.64,0
2017-08-05,8,217,-0.8660254037844384,-0.5000000000000004,6.05,27.01,243.89,113.72,115.47,120.42,23.66,23.25,0.3808,0.4039,23.62,0
2017-08-06,8,218,-0.8660254037844384,-0.5000000000000004,3.08,25.98,244.08,116.02,113.72,123.72,23.91,23.66,0.37,0.4006,23.94,0
2017-08-07,8,219,-0.8660254037844384,-0.5000000000000004,5.59,28.72,236.74,115.06,116.02,115.47,22.64,23.91,0.3425,0.3545,24.27,1
2017-08-08,8,220,-0.8660254037844384,-0.5000000000000004,6.68,31.41,196.93,121.0,115.06,113.72,23.62,22.64,0.3174,0.3655,24.87,1
2017-08-09,8,221,-0.8660254037844384,-0.5000000000000004,3.95,32.68,199.84,131.56,121.0,116.02,23.94,23.62,0.3056,0.3765,23.85,1
2017-08-10,8,222,-0.8660254037844384,-0.5000000000000004,3.24,33.28,202.8,128.2,131.56,115.06,24.27,23.94,0.3069,0.3592,24.11,1
2017-08-11,8,223,-0.8660254037844384,-0.5000000000000004,8.18,36.77,209.01,127.13,128.2,121.0,24.87,24.27,0.3461,0.3855,23.22,1
2017-08-12,8,224,-0.8660254037844384,-0.5000000000000004,13.39,44.11,218.25,130.99,127.13,131.56,23.85,24.87,0.324,0.3816,23.91,1
2017-08-13,8,225,-0.8660254037844384,-0.5000000000000004,47.12,88.15,262.78,140.87,130.99,128.2,24.11,23.85,0.3929,0.4309,24.15,1
2017-08-14,8,226,-0.8660254037844384,-0.5000000000000004,12.19,94.75,267.44,138.31,140.87,127.13,23.22,24.11,0.3647,0.4304,23.05,1
2017-08-15,8,227,-0.8660254037844384,-0.5000000000000004,6.05,94.12,262.81,142.23,138.31,130.99,23.91,23.22,0.3925,0.4127,23.75,1
2017-08-16,8,228,-0.8660254037844384,-0.5000000000000004,10.24,100.41,267.9,152.21,142.23,140.87,24.15,23.91,0.3813,0.3697,24.03,1
2017-08-17,8,229,-0.8660254037844384,-0.5000000000000004,8.07,105.24,269.39,147.11,152.21,138.31,23.05,24.15,0.4206,0.4654,24.16,1
2017-08-18,8,230,-0.8660254037844384,-0.5000000000000004,5.84,102.9,271.63,144.55,147.11,142.23,23.75,23.05,0.4009,0.4087,23.49,0
2017-08-19,8,231,-0.8660254037844384,-0.5000000000000004,1.05,90.56,258.62,145.83,144.55,152.21,24.03,23.75,0.4075,0.4027,23.59,1
2017-08-20,8,232,-0.8660254037844384,-0.5000000000000004,4.4,47.84,242.22,146.47,145.83,147.11,24.16,24.03,0.3529,0.3851,23.56,1
2017-08-21,8,233,-0.8660254037844384,-0.5000000000000004,3.7,39.35,218.24,152.15,146.47,144.55,23.49,24.16,0.3475,0.3663,24.32,0
2017-08-22,8,234,-0.8660254037844384,-0.5000000000000004,2.51,35.81,209.09,154.75,152.15,145.83,23.59,23.49,0.3186,0.4218,23.9,1
2017-08-23,8,235,-0.8660254037844384,-0.5000000000000004,3.07,28.64,196.28,148.88,154.75,146.47,23.56,23.59,0.3184,0.4093,23.52,1
2017-08-24,8,236,-0.8660254037844384,-0.5000000000000004,18.52,39.09,209.2,153.47,148.88,152.15,24.32,23.56,0.333,0.3889,23.64,1
2017-08-25,8,237,-0.8660254037844384,-0.5000000000000004,7.57,40.82,213.84,153.28,153.47,154.75,23.9,24.32,0.3279,0.3751,23.99,1
2017-08-26,8,238,-0.8660254037844384,-0.5000000000000004,9.45,49.22,221.16,160.83,153.28,148.88,23.52,23.9,0.3247,0.4013,23.69,1
2017-08-27,8,239,-0.8660254037844384,-0.5000000000000004,7.49,52.31,223.41,159.84,160.83,153.47,23.64,23.52,0.3228,0.3863,23.65,1
2017-08-28,8,240,-0.8660254037844384,-0.5000000000000004,6.39,55.0,224.78,159.14,159.84,153.28,23.99,23.64,0.3055,0.3792,23.37,1
2017-08-29,8,241,-0.8660254037844384,-0.5000000000000004,9.57,62.06,230.24,163.49,159.14,160.83,23.69,23.99,0.3361,0.3983,23.99,1
2017-08-30,8,242,-0.8660254037844384,-0.5000000000000004,9.55,68.54,236.94,168.32,163.49,159.84,23.65,23.69,0.3758,0.3789,24.29,1
2017-08-31,8,243,-0.8660254037844384,-0.5000000000000004,9.22,59.24,242.17,171.36,168.32,159.14,23.37,23.65,0.336,0.4029,23.25,1
2017-09-01,9,244,-1.0,-1.8369701987210297e-16,4.0,55.67,243.49,165.53,171.36,163.49,23.99,23.37,0.3418,0.4022,24.43,1
2017-09-02,9,245,-1.0,-1.8369701987210297e-16,8.7,54.92,249.55,169.66,165.53,168.32,24.29,23.99,0.4104,0.4178,24.7,1
2017-09-03,9,246,-1.0,-1.8369701987210297e-16,9.11,56.54,253.97,167.03,169.66,171.36,23.25,24.29,0.3658,0.3838,25.01,1
2017-09-04,9,247,-1.0,-1.8369701987210297e-16,8.65,58.8,256.57,169.97,167.03,165.53,24.43,23.25,0.3873,0.4252,23.9,1
2017-09-05,9,248,-1.0,-1.8369701987210297e-16,6.1,55.33,259.59,165.92,169.97,169.66,24.7,24.43,0.3965,0.3786,23.66,1
2017-09-06,9,249,-1.0,-1.8369701987210297e-16,10.21,55.99,264.21,170.07,165.92,167.03,25.01,24.7,0.401,0.3913,25.01,1
2017-09-07,9,250,-1.0,-1.8369701987210297e-16,20.13,66.9,277.66,168.83,170.07,169.97,23.9,25.01,0.3694,0.4007,25.5,1
2017-09-08,9,251,-1.0,-1.8369701987210297e-16,8.65,71.55,282.36,165.95,168.83,165.92,23.66,23.9,0.3995,0.3873,24.65,1
2017-09-09,9,252,-1.0,-1.8369701987210297e-16,3.54,66.39,282.66,171.47,165.95,170.07,25.01,23.66,0.372,0.4501,24.15,1
2017-09-10,9,253,-1.0,-1.8369701987210297e-16,7.07,64.35,281.55,174.22,171.47,168.83,25.5,25.01,0.4523,0.3899,23.66,1
2017-09-11,9,254,-1.0,-1.8369701987210297e-16,5.1,60.8,273.26,172.93,174.22,165.95,24.65,25.5,0.364,0.393,24.45,1
2017-09-12,9,255,-1.0,-1.8369701987210297e-16,5.15,59.85,231.29,179.28,172.93,171.47,24.15,24.65,0.3372,0.4264,24.25,1
2017-09-13,9,256,-1.0,-1.8369701987210297e-16,1.48,51.12,220.58,176.83,179.28,174.22,23.66,24.15,0.3277,0.3652,23.49,0
2017-09-14,9,257,-1.0,-1.8369701987210297e-16,0.62,31.61,215.15,176.45,176.83,172.93,24.45,23.66,0.3137,0.3734,23.91,1
2017-09-15,9,258,-1.0,-1.8369701987210297e-16,2.74,25.7,207.65,176.83,176.45,179.28,24.25,24.45,0.3639,0.3442,24.99,1
2017-09-16,9,259,-1.0,-1.8369701987210297e-16,5.18,27.34,204.76,173.42,176.83,176.83,23.49,24.25,0.3827,0.3978,25.39,1
2017-09-17,9,260,-1.0,-1.8369701987210297e-16,1.28,21.55,200.2,174.67,173.42,176.45,23.91,23.49,0.3207,0.3955,25.14,1
2017-09-18,9,261,-1.0,-1.8369701987210297e-16,3.44,19.89,202.59,171.61,174.67,176.83,24.99,23.91,0.3059,0.3937,24.26,1
2017-09-19,9,262,-1.0,-1.8369701987210297e-16,1.84,16.58,200.03,169.29,171.61,173.42,25.39,24.99,0.2853,0.3861,23.59,0
2017-09-20,9,263,-1.0,-1.8369701987210297e-16,1.4,16.5,197.73,174.19,169.29,174.67,25.14,25.39,0.3231,0.3708,24.48,1
2017-09-21,9,264,-1.0,-1.8369701987210297e-16,14.2,30.08,209.42,168.77,174.19,171.61,24.26,25.14,0.3322,0.3599,24.49,1
2017-09-22,9,265,-1.0,-1.8369701987210297e-16,3.7,31.04,210.05,158.49,168.77,169.29,23.59,24.26,0.326,0.3516,24.99,1
2017-09-23,9,266,-1.0,-1.8369701987210297e-16,6.94,32.8,198.47,165.43,158.49,174.19,24.48,23.59,0.3331,0.4078,24.73,0
2017-09-24,9,267,-1.0,-1.8369701987210297e-16,7.95,39.47,198.85,174.86,165.43,168.77,24.49,24.48,0.3369,0.3923,24.48,0
2017-09-25,9,268,-1.0,-1.8369701987210297e-16,6.4,42.43,195.8,170.77,174.86,158.49,24.99,24.49,0.3327,0.3467,24.67,1
2017-09-26,9,269,-1.0,-1.8369701987210297e-16,6.28,46.87,194.59,160.91,170.77,165.43,24.73,24.99,0.3188,0.3679,24.17,1
2017-09-27,9,270,-1.0,-1.8369701987210297e-16,4.48,49.95,192.68,158.75,160.91,174.86,24.48,24.73,0.3014,0.3566,25.13,1
2017-09-28,9,271,-1.0,-1.8369701987210297e-16,5.91,41.66,189.02,156.67,158.75,170.77,24.67,24.48,0.3334,0.3296,25.01,1
2017-09-29,9,272,-1.0,-1.8369701987210297e-16,7.58,45.54,187.05,154.99,156.67,160.91,24.17,24.67,0.3186,0.3676,25.72,1
2017-09-30,9,273,-1.0,-1.8369701987210297e-16,1.58,40.18,179.41,149.46,154.99,158.75,25.13,24.17,0.3292,0.3452,25.52,1
2017-10-01,10,274,-0.8660254037844386,0.5000000000000001,2.55,34.78,177.96,151.21,149.46,156.67,25.01,25.13,0.326,0.3282,24.73,0
2017-10-02,10,275,-0.8660254037844386,0.5000000000000001,4.72,33.1,173.98,152.11,151.21,154.99,25.72,25.01,0.2781,0.31,23.88,1
2017-10-03,10,276,-0.8660254037844386,0.5000000000000001,6.62,33.44,171.49,144.46,152.11,149.46,25.52,25.72,0.2757,0.306,25.32,1
2017-10-04,10,277,-0.8660254037844386,0.5000000000000001,4.92,33.88,167.76,146.35,144.46,151.21,24.73,25.52,0.2859,0.3395,24.97,1
2017-10-05,10,278,-0.8660254037844386,0.5000000000000001,21.08,49.05,182.74,153.34,146.35,152.11,23.88,24.73,0.2933,0.3571,25.04,1
2017-10-06,10,279,-0.8660254037844386,0.5000000000000001,2.41,43.88,174.94,151.29,153.34,144.46,25.32,23.88,0.3226,0.3287,25.27,1
2017-10-07,10,280,-0.8660254037844386,0.5000000000000001,8.95,51.25,163.76,146.99,151.29,146.35,24.97,25.32,0.3044,0.3678,25.13,1
2017-10-08,10,281,-0.8660254037844386,0.5000000000000001,7.71,56.41,162.82,143.78,146.99,153.34,25.04,24.97,0.3185,0.3457,24.8,1
2017-10-09,10,282,-0.8660254037844386,0.5000000000000001,2.31,54.0,161.59,143.72,143.78,151.29,25.27,25.04,0.3034,0.3643,24.58,1
2017-10-10,10,283,-0.8660254037844386,0.5000000000000001,6.15,53.53,160.67,133.94,143.72,146.99,25.13,25.27,0.2988,0.3409,24.62,1
2017-10-11,10,284,-0.8660254037844386,0.5000000000000001,4.48,53.09,160.05,132.86,133.94,143.78,24.8,25.13,0.318,0.3224,25.06,1
2017-10-12,10,285,-0.8660254037844386,0.5000000000000001,7.54,39.55,162.44,129.43,132.86,143.72,24.58,24.8,0.3056,0.3509,25.48,1
2017-10-13,10,286,-0.8660254037844386,0.5000000000000001,2.77,39.91,163.73,135.15,129.43,133.94,24.62,24.58,0.2987,0.3104,25.69,1
2017-10-14,10,287,-0.8660254037844386,0.5000000000000001,1.13,32.09,164.24,131.6,135.15,132.86,25.06,24.62,0.3274,0.3647,25.47,0
2017-10-15,10,288,-0.8660254037844386,0.5000000000000001,0.42,24.8,161.92,135.57,131.6,129.43,25.48,25.06,0.298,0.319,24.48,0
2017-10-16,10,289,-0.8660254037844386,0.5000000000000001,0.22,22.71,156.96,127.42,135.57,135.15,25.69,25.48,0.2852,0.3717,24.6,0
2017-10-17,10,290,-0.8660254037844386,0.5000000000000001,0.32,16.88,156.0,126.9,127.42,131.6,25.47,25.69,0.2736,0.3334,25.73,0
2017-10-18,10,291,-0.8660254037844386,0.5000000000000001,3.47,15.87,156.03,125.06,126.9,135.57,24.48,25.47,0.3045,0.3755,25.62,1
2017-10-19,10,292,-0.8660254037844386,0.5000000000000001,1.57,9.9,155.76,118.39,125.06,127.42,24.6,24.48,0.3149,0.3098,25.07,0
2017-10-20,10,293,-0.8660254037844386,0.5000000000000001,1.24,8.37,155.6,116.57,118.39,126.9,25.73,24.6,0.289,0.323,25.53,1
2017-10-21,10,294,-0.8660254037844386,0.5000000000000001,1.48,8.72,142.88,118.6,116.57,125.06,25.62,25.73,0.3048,0.3472,26.19,0
2017-10-22,10,295,-0.8660254037844386,0.5000000000000001,2.06,10.36,141.24,113.82,118.6,118.39,25.07,25.62,0.2377,0.3699,25.98,0
2017-10-23,10,296,-0.8660254037844386,0.5000000000000001,1.21,11.35,135.51,103.86,113.82,116.57,25.53,25.07,0.2708,0.3813,25.85,0
2017-10-24,10,297,-0.8660254037844386,0.5000000000000001,1.18,12.21,128.74,101.64,103.86,118.6,26.19,25.53,0.2651,0.3285,24.7,0
2017-10-25,10,298,-0.8660254037844386,0.5000000000000001,0.96,9.7,123.3,95.8,101.64,113.82,25.98,26.19,0.2464,0.3791,23.63,0
2017-10-26,10,299,-0.8660254037844386,0.5000000000000001,1.24,9.37,118.26,92.66,95.8,103.86,25.85,25.98,0.3041,0.3123,25.07,0
2017-10-27,10,300,-0.8660254037844386,0.5000000000000001,1.81,9.94,115.59,90.68,92.66,101.64,24.7,25.85,0.2527,0.3523,25.29,0
2017-10-28,10,301,-0.8660254037844386,0.5000000000000001,0.06,8.52,109.74,82.08,90.68,95.8,23.63,24.7,0.2406,0.2876,25.73,0
2017-10-29,10,302,-0.8660254037844386,0.5000000000000001,0.02,6.48,102.18,74.7,82.08,92.66,25.07,23.63,0.2425,0.3239,24.44,0
2017-10-30,10,303,-0.8660254037844386,0.5000000000000001,0.0,5.27,100.6,76.49,74.7,90.68,25.29,25.07,0.2005,0.2401,24.86,0
2017-10-31,10,304,-0.8660254037844386,0.5000000000000001,0.02,4.11,98.07,73.65,76.49,82.08,25.73,25.29,0.2231,0.2752,25.3,0
2017-11-01,11,305,-0.5000000000000004,0.8660254037844384,0.02,3.17,93.37,62.7,73.65,74.7,24.44,25.73,0.2537,0.32,25.09,0
2017-11-02,11,306,-0.5000000000000004,0.8660254037844384,0.34,2.27,87.09,66.39,62.7,76.49,24.86,24.44,0.2158,0.2629,24.82,0
2017-11-03,11,307,-0.5000000000000004,0.8660254037844384,0.97,1.43,83.14,67.13,66.39,73.65,25.3,24.86,0.2082,0.3127,25.22,0
2017-11-04,11,308,-0.5000000000000004,0.8660254037844384,2.99,4.36,65.05,63.22,67.13,62.7,25.09,25.3,0.2347,0.3162,25.2,0
2017-11-05,11,309,-0.5000000000000004,0.8660254037844384,1.71,6.05,64.35,57.21,63.22,66.39,24.82,25.09,0.2347,0.2736,24.72,0
2017-11-06,11,310,-0.5000000000000004,0.8660254037844384,2.08,8.13,57.48,60.33,57.21,67.13,25.22,24.82,0.2121,0.2554,25.4,0
2017-11-07,11,311,-0.5000000000000004,0.8660254037844384,0.02,8.13,49.79,60.65,60.33,63.22,25.2,25.22,0.1857,0.2656,25.54,0
2017-11-08,11,312,-0.5000000000000004,0.8660254037844384,0.0,8.11,47.48,68.76,60.65,57.21,24.72,25.2,0.1879,0.2495,25.06,0
2017-11-09,11,313,-0.5000000000000004,0.8660254037844384,0.01,7.78,41.34,67.46,68.76,60.33,25.4,24.72,0.1711,0.2718,24.63,0
2017-11-10,11,314,-0.5000000000000004,0.8660254037844384,0.01,6.82,36.87,65.92,67.46,60.65,25.54,25.4,0.1633,0.2752,25.36,0
2017-11-11,11,315,-0.5000000000000004,0.8660254037844384,0.01,3.84,29.34,62.02,65.92,68.76,25.06,25.54,0.1555,0.2584,26.02,0
2017-11-12,11,316,-0.5000000000000004,0.8660254037844384,0.39,2.52,26.96,62.38,62.02,67.46,24.63,25.06,0.1619,0.3164,25.66,0
2017-11-13,11,317,-0.5000000000000004,0.8660254037844384,0.17,0.61,26.0,61.7,62.38,65.92,25.36,24.63,0.1527,0.244,24.87,0
2017-11-14,11,318,-0.5000000000000004,0.8660254037844384,0.2,0.79,25.78,63.41,61.7,62.02,26.02,25.36,0.1419,0.3072,25.36,0
2017-11-15,11,319,-0.5000000000000004,0.8660254037844384,0.25,1.04,25.81,57.57,63.41,62.38,25.66,26.02,0.1776,0.2342,24.87,0
2017-11-16,11,320,-0.5000000000000004,0.8660254037844384,0.36,1.39,25.85,52.76,57.57,61.7,24.87,25.66,0.178,0.2677,24.08,0
2017-11-17,11,321,-0.5000000000000004,0.8660254037844384,1.88,3.26,24.26,48.29,52.76,63.41,25.36,24.87,0.2058,0.3,23.94,0
2017-11-18,11,322,-0.5000000000000004,0.8660254037844384,1.3,4.55,23.99,49.38,48.29,57.57,24.87,25.36,0.1582,0.2983,25.74,0
2017-11-19,11,323,-0.5000000000000004,0.8660254037844384,2.28,6.44,25.03,52.98,49.38,52.76,24.08,24.87,0.1784,0.2524,25.16,0
2017-11-20,11,324,-0.5000000000000004,0.8660254037844384,1.28,7.55,24.83,48.04,52.98,48.29,23.94,24.08,0.1786,0.2816,24.51,0
2017-11-21,11,325,-0.5000000000000004,0.8660254037844384,0.21,7.56,22.98,43.79,48.04,49.38,25.74,23.94,0.1656,0.2764,24.69,0
2017-11-22,11,326,-0.5000000000000004,0.8660254037844384,0.59,7.9,22.36,42.96,43.79,52.98,25.16,25.74,0.185,0.2472,25.28,0
2017-11-23,11,327,-0.5000000000000004,0.8660254037844384,1.88,9.42,23.06,39.88,42.96,48.04,24.51,25.16,0.1863,0.2823,23.85,0
2017-11-24,11,328,-0.5000000000000004,0.8660254037844384,0.49,8.03,22.59,41.91,39.88,43.79,24.69,24.51,0.1769,0.3194,23.74,0
2017-11-25,11,329,-0.5000000000000004,0.8660254037844384,0.22,6.95,21.57,30.66,41.91,42.96,25.28,24.69,0.1643,0.2771,23.77,0
2017-11-26,11,330,-0.5000000000000004,0.8660254037844384,0.08,4.75,19.84,26.63,30.66,39.88,23.85,25.28,0.1607,0.2789,24.41,0
2017-11-27,11,331,-0.5000000000000004,0.8660254037844384,0.0,3.47,19.78,23.26,26.63,41.91,23.74,23.85,0.1404,0.282,25.13,0
2017-11-28,11,332,-0.5000000000000004,0.8660254037844384,0.0,3.26,19.76,14.12,23.26,30.66,23.77,23.74,0.1517,0.218,23.66,0
2017-11-29,11,333,-0.5000000000000004,0.8660254037844384,0.0,2.67,19.76,11.66,14.12,26.63,24.41,23.77,0.1553,0.2757,24.81,0
2017-11-30,11,334,-0.5000000000000004,0.8660254037844384,0.0,0.79,19.74,9.66,11.66,23.26,25.13,24.41,0.1453,0.2313,25.24,0
2017-12-01,12,335,-2.4492935982947064e-16,1.0,0.0,0.3,19.72,10.71,9.66,14.12,23.66,25.13,0.1765,0.2441,26.1,0
2017-12-02,12,336,-2.4492935982947064e-16,1.0,0.0,0.08,19.38,16.75,10.71,11.66,24.81,23.66,0.1914,0.3265,24.85,0
2017-12-03,12,337,-2.4492935982947064e-16,1.0,0.0,0.0,18.41,16.33,16.75,9.66,25.24,24.81,0.1484,0.2534,24.81,0
2017-12-04,12,338,-2.4492935982947064e-16,1.0,0.0,0.0,15.42,12.7,16.33,10.71,26.1,25.24,0.1695,0.237,24.61,0
2017-12-05,12,339,-2.4492935982947064e-16,1.0,0.0,0.0,13.71,13.38,12.7,16.75,24.85,26.1,0.1417,0.2928,25.11,0
2017-12-06,12,340,-2.4492935982947064e-16,1.0,0.0,0.0,11.63,18.27,13.38,16.33,24.81,24.85,0.1544,0.2285,24.15,0
2017-12-07,12,341,-2.4492935982947064e-16,1.0,1.09,1.09,12.7,14.27,18.27,12.7,24.61,24.81,0.1476,0.2442,23.75,0
2017-12-08,12,342,-2.4492935982947064e-16,1.0,2.76,3.85,15.46,11.1,14.27,13.38,25.11,24.61,0.176,0.2967,23.3,0
2017-12-09,12,343,-2.4492935982947064e-16,1.0,1.98,5.83,17.43,14.25,11.1,18.27,24.15,25.11,0.1521,0.2617,24.63,0
2017-12-10,12,344,-2.4492935982947064e-16,1.0,0.28,6.11,17.7,13.74,14.25,14.27,23.75,24.15,0.1862,0.2138,24.08,0
2017-12-11,12,345,-2.4492935982947064e-16,1.0,0.01,6.12,17.7,16.73,13.74,11.1,23.3,23.75,0.161,0.2769,24.34,0
2017-12-12,12,346,-2.4492935982947064e-16,1.0,0.0,6.12,17.31,16.55,16.73,14.25,24.63,23.3,0.1526,0.2485,25.79,0
2017-12-13,12,347,-2.4492935982947064e-16,1.0,0.0,6.12,17.14,19.2,16.55,13.74,24.08,24.63,0.1404,0.3065,25.61,0
2017-12-14,12,348,-2.4492935982947064e-16,1.0,0.0,5.03,16.94,14.45,19.2,16.73,24.34,24.08,0.1703,0.242,25.06,0
2017-12-15,12,349,-2.4492935982947064e-16,1.0,0.0,2.27,16.69,14.45,14.45,16.55,25.79,24.34,0.1829,0.2916,25.02,0
2017-12-16,12,350,-2.4492935982947064e-16,1.0,0.0,0.29,16.33,13.6,14.45,19.2,25.61,25.79,0.1702,0.3131,24.01,0
2017-12-17,12,351,-2.4492935982947064e-16,1.0,3.85,3.86,18.3,8.85,13.6,14.45,25.06,25.61,0.2112,0.2355,25.38,0
2017-12-18,12,352,-2.4492935982947064e-16,1.0,7.83,11.68,24.83,3.5,8.85,14.45,25.02,25.06,0.2009,0.2591,25.96,0
2017-12-19,12,353,-2.4492935982947064e-16,1.0,25.23,36.91,47.78,8.32,3.5,13.6,24.01,25.02,0.1869,0.2903,25.16,0
2017-12-20,12,354,-2.4492935982947064e-16,1.0,11.95,48.86,58.45,8.42,8.32,8.85,25.38,24.01,0.1962,0.2593,23.07,0
2017-12-21,12,355,-2.4492935982947064e-16,1.0,6.36,55.22,64.6,5.9,8.42,3.5,25.96,25.38,0.2175,0.2969,24.13,0
2017-12-22,12,356,-2.4492935982947064e-16,1.0,0.0,55.22,64.01,7.42,5.9,8.32,25.16,25.96,0.1908,0.2817,23.34,0
2017-12-23,12,357,-2.4492935982947064e-16,1.0,0.0,55.22,62.13,13.54,7.42,8.42,23.07,25.16,0.2292,0.2799,22.81,0
2017-12-24,12,358,-2.4492935982947064e-16,1.0,0.0,51.37,61.64,5.07,13.54,5.9,24.13,23.07,0.2127,0.2885,23.73,0
2017-12-25,12,359,-2.4492935982947064e-16,1.0,0.0,43.54,61.42,2.0,5.07,7.42,23.34,24.13,0.2104,0.289,23.01,0
2017-12-26,12,360,-2.4492935982947064e-16,1.0,0.0,18.31,61.34,2.0,2.0,13.54,22.81,23.34,0.2189,0.2917,23.86,0
2017-12-27,12,361,-2.4492935982947064e-16,1.0,0.0,6.36,61.34,8.25,2.0,5.07,23.73,22.81,0.2397,0.2688,23.76,0
2017-12-28,12,362,-2.4492935982947064e-16,1.0,0.0,0.0,61.34,10.72,8.25,2.0,23.01,23.73,0.2086,0.2701,22.51,0
2017-12-29,12,363,-2.4492935982947064e-16,1.0,0.0,0.0,61.34,14.74,10.72,2.0,23.86,23.01,0.2029,0.2832,21.94,0
2017-12-30,12,364,-2.4492935982947064e-16,1.0,0.0,0.0,61.34,10.51,14.74,8.25,23.76,23.86,0.2354,0.2855,20.75,0
2017-12-31,12,365,-2.4492935982947064e-16,1.0,0.0,0.0,61.34,6.98,10.51,10.72,22.51,23.76,0.2246,0.2736,20.81,0
2018-01-01,1,1,0.49999999999999994,0.8660254037844387,0.0,0.0,61.34,10.03,6.98,14.74,21.94,22.51,0.1988,0.2965,20.83,0
2018-01-02,1,2,0.49999999999999994,0.8660254037844387,0.0,0.0,61.34,11.06,10.03,10.51,20.75,21.94,0.2053,0.2324,21.15,0
2018-01-03,1,3,0.49999999999999994,0.8660254037844387,0.0,0.0,61.34,13.9,11.06,6.98,20.81,20.75,0.2091,0.2649,20.76,0
2018-01-04,1,4,0.49999999999999994,0.8660254037844387,0.0,0.0,61.34,13.37,13.9,10.03,20.83,20.81,0.2124,0.2784,22.11,0
2018-01-05,1,5,0.49999999999999994,0.8660254037844387,0.0,0.0,61.34,14.78,13.37,11.06,21.15,20.83,0.1781,0.2611,23.71,0
2018-01-06,1,6,0.49999999999999994,0.8660254037844387,0.0,0.0,60.25,15.48,14.78,13.9,20.76,21.15,0.1734,0.335,22.81,0
2018-01-07,1,7,0.49999999999999994,0.8660254037844387,0.0,0.0,57.49,18.5,15.48,13.37,22.11,20.76,0.184,0.2851,23.54,0
2018-01-08,1,8,0.49999999999999994,0.8660254037844387,0.0,0.0,55.51,21.16,18.5,14.78,23.71,22.11,0.1807,0.2886,23.43,0
2018-01-09,1,9,0.49999999999999994,0.8660254037844387,0.0,0.0,55.23,13.7,21.16,15.48,22.81,23.71,0.1868,0.2686,22.65,0
2018-01-10,1,10,0.49999999999999994,0.8660254037844387,0.33,0.33,55.55,4.85,13.7,18.5,23.54,22.81,0.2127,0.2829,22.54,0
2018-01-11,1,11,0.49999999999999994,0.8660254037844387,0.0,0.33,55.55,10.33,4.85,21.16,23.43,23.54,0.1966,0.2469,22.5,0
2018-01-12,1,12,0.49999999999999994,0.8660254037844387,0.0,0.33,55.55,15.73,10.33,13.7,22.65,23.43,0.2039,0.2782,23.32,0
2018-01-13,1,13,0.49999999999999994,0.8660254037844387,0.0,0.33,55.55,11.49,15.73,4.85,22.54,22.65,0.1755,0.2552,23.97,0
2018-01-14,1,14,0.49999999999999994,0.8660254037844387,0.0,0.33,55.55,4.53,11.49,10.33,22.5,22.54,0.1908,0.275,23.79,0
2018-01-15,1,15,0.49999999999999994,0.8660254037844387,0.0,0.33,55.55,6.44,4.53,15.73,23.32,22.5,0.2117,0.2065,23.0,0
2018-01-16,1,16,0.49999999999999994,0.8660254037844387,0.0,0.33,51.7,11.33,6.44,11.49,23.97,23.32,0.2084,0.2472,24.4,0
2018-01-17,1,17,0.49999999999999994,0.8660254037844387,0.0,0.0,43.87,18.81,11.33,4.53,23.79,23.97,0.175,0.3202,24.78,0
2018-01-18,1,18,0.49999999999999994,0.8660254037844387,0.0,0.0,18.64,19.59,18.81,6.44,23.0,23.79,0.17,0.2861,23.15,0
2018-01-19,1,19,0.49999999999999994,0.8660254037844387,0.0,0.0,6.69,16.49,19.59,11.33,24.4,23.0,0.2,0.2936,22.77,0
2018-01-20,1,20,0.49999999999999994,0.8660254037844387,0.0,0.0,0.33,11.65,16.49,18.81,24.78,24.4,0.1499,0.2918,23.3,0
2018-01-21,1,21,0.49999999999999994,0.8660254037844387,0.0,0.0,0.33,11.15,11.65,19.59,23.15,24.78,0.1364,0.2704,23.76,0
2018-01-22,1,22,0.49999999999999994,0.8660254037844387,0.0,0.0,0.33,9.49,11.15,16.49,22.77,23.15,0.1468,0.2366,23.06,0
2018-01-23,1,23,0.49999999999999994,0.8660254037844387,0.0,0.0,0.33,5.21,9.49,11.65,23.3,22.77,0.1521,0.2191,23.07,0
2018-01-24,1,24,0.49999999999999994,0.8660254037844387,0.0,0.0,0.33,13.83,5.21,11.15,23.76,23.3,0.1473,0.2846,23.75,0
2018-01-25,1,25,0.49999999999999994,0.8660254037844387,0.0,0.0,0.33,20.1,13.83,9.49,23.06,23.76,0.1497,0.2521,24.55,1
2018-01-26,1,26,0.49999999999999994,0.8660254037844387,0.0,0.0,0.33,22.84,20.1,5.21,23.07,23.06,0.1214,0.325,24.89,0
2018-01-27,1,27,0.49999999999999994,0.8660254037844387,0.0,0.0,0.33,16.93,22.84,13.83,23.75,23.07,0.131,0.2392,24.32,0
2018-01-28,1,28,0.49999999999999994,0.8660254037844387,0.0,0.0,0.33,19.02,16.93,20.1,24.55,23.75,0.1473,0.3094,23.61,0
2018-01-29,1,29,0.49999999999999994,0.8660254037844387,0.13,0.13,0.46,19.93,19.02,22.84,24.89,24.55,0.1471,0.2456,23.11,0
2018-01-30,1,30,0.49999999999999994,0.8660254037844387,0.36,0.49,0.82,19.93,19.93,16.93,24.32,24.89,0.1394,0.2906,24.85,0
2018-01-31,1,31,0.49999999999999994,0.8660254037844387,0.0,0.49,0.82,23.15,19.93,19.02,23.61,24.32,0.1472,0.3014,26.66,0
2018-02-01,2,32,0.8660254037844386,0.5000000000000001,0.0,0.49,0.82,23.44,23.15,19.93,23.11,23.61,0.152,0.2198,25.93,0
2018-02-02,2,33,0.8660254037844386,0.5000000000000001,0.0,0.49,0.82,24.1,23.44,19.93,24.85,23.11,0.1685,0.2359,26.16,0
2018-02-03,2,34,0.8660254037844386,0.5000000000000001,0.0,0.49,0.82,24.24,24.1,23.15,26.66,24.85,0.1488,0.2195,26.64,0
2018-02-04,2,35,0.8660254037844386,0.5000000000000001,0.0,0.49,0.82,23.18,24.24,23.44,25.93,26.66,0.1587,0.2136,26.44,0
2018-02-05,2,36,0.8660254037844386,0.5000000000000001,1.35,1.71,2.17,13.81,23.18,24.1,26.16,25.93,0.1411,0.2713,26.68,0
2018-02-06,2,37,0.8660254037844386,0.5000000000000001,3.7,5.05,5.87,13.38,13.81,24.24,26.64,26.16,0.1667,0.2476,26.06,0
2018-02-07,2,38,0.8660254037844386,0.5000000000000001,3.88,8.93,9.75,10.52,13.38,23.18,26.44,26.64,0.1663,0.2574,25.69,0
2018-02-08,2,39,0.8660254037844386,0.5000000000000001,5.61,14.54,15.36,5.3,10.52,13.81,26.68,26.44,0.1811,0.2759,26.28,0
2018-02-09,2,40,0.8660254037844386,0.5000000000000001,17.92,32.46,32.95,13.03,5.3,13.38,26.06,26.68,0.1939,0.214,25.71,0
2018-02-10,2,41,0.8660254037844386,0.5000000000000001,0.14,32.6,33.09,19.78,13.03,10.52,25.69,26.06,0.1916,0.3085,25.0,0
2018-02-11,2,42,0.8660254037844386,0.5000000000000001,0.07,32.67,33.16,24.05,19.78,5.3,26.28,25.69,0.1779,0.2594,27.63,0
2018-02-12,2,43,0.8660254037844386,0.5000000000000001,0.08,31.4,33.24,23.26,24.05,13.03,25.71,26.28,0.1848,0.2859,26.82,0
2018-02-13,2,44,0.8660254037844386,0.5000000000000001,0.59,28.29,33.83,26.98,23.26,19.78,25.0,25.71,0.2017,0.2889,27.16,0
2018-02-14,2,45,0.8660254037844386,0.5000000000000001,0.04,24.45,33.87,24.79,26.98,24.05,27.63,25.0,0.1674,0.3114,27.34,0
2018-02-15,2,46,0.8660254037844386,0.5000000000000001,0.67,19.51,34.54,23.71,24.79,23.26,26.82,27.63,0.1685,0.2676,26.34,0
2018-02-16,2,47,0.8660254037844386,0.5000000000000001,0.91,2.5,35.45,17.62,23.71,26.98,27.16,26.82,0.1855,0.2076,26.37,1
2018-02-17,2,48,0.8660254037844386,0.5000000000000001,1.03,3.39,36.48,18.42,17.62,24.79,27.34,27.16,0.1911,0.2736,25.56,0
2018-02-18,2,49,0.8660254037844386,0.5000000000000001,2.88,6.2,39.36,17.81,18.42,23.71,26.34,27.34,0.1689,0.2796,25.26,0
2018-02-19,2,50,0.8660254037844386,0.5000000000000001,3.27,9.39,42.63,11.89,17.81,17.62,26.37,26.34,0.1869,0.2446,25.33,0
2018-02-20,2,51,0.8660254037844386,0.5000000000000001,0.32,9.12,42.95,11.88,11.89,18.42,25.56,26.37,0.1868,0.2802,24.61,0
2018-02-21,2,52,0.8660254037844386,0.5000000000000001,0.12,9.2,43.07,11.75,11.88,17.81,25.26,25.56,0.1445,0.265,25.08,0
2018-02-22,2,53,0.8660254037844386,0.5000000000000001,0.2,8.73,43.27,19.16,11.75,11.89,25.33,25.26,0.1846,0.2357,26.42,0
2018-02-23,2,54,0.8660254037844386,0.5000000000000001,1.3,9.12,44.57,21.86,19.16,11.88,24.61,25.33,0.187,0.2969,25.18,0
2018-02-24,2,55,0.8660254037844386,0.5000000000000001,0.15,8.24,44.72,20.63,21.86,11.75,25.08,24.61,0.187,0.2599,25.15,1
2018-02-25,2,56,0.8660254037844386,0.5000000000000001,1.51,6.87,46.23,20.57,20.63,19.16,26.42,25.08,0.2199,0.2655,25.17,0
2018-02-26,2,57,0.8660254037844386,0.5000000000000001,1.44,5.04,47.67,19.72,20.57,21.86,25.18,26.42,0.1686,0.2647,25.69,0
2018-02-27,2,58,0.8660254037844386,0.5000000000000001,0.18,4.9,47.85,18.01,19.72,20.63,25.15,25.18,0.1766,0.3158,26.31,0
2018-02-28,2,59,0.8660254037844386,0.5000000000000001,1.91,6.69,49.63,13.07,18.01,20.57,25.17,25.15,0.1424,0.2786,27.3,0
2018-03-01,3,60,1.0,6.123233995736766e-17,0.77,7.26,50.04,12.61,13.07,19.72,25.69,25.17,0.1854,0.2824,27.15,0
2018-03-02,3,61,1.0,6.123233995736766e-17,0.16,6.12,50.2,9.84,12.61,18.01,26.31,25.69,0.1873,0.2669,26.29,0
2018-03-03,3,62,1.0,6.123233995736766e-17,0.16,6.13,50.36,5.47,9.84,13.07,27.3,26.31,0.1851,0.2941,26.47,0
2018-03-04,3,63,1.0,6.123233995736766e-17,0.4,5.02,50.76,8.8,5.47,12.61,27.15,27.3,0.2178,0.3209,26.82,0
2018-03-05,3,64,1.0,6.123233995736766e-17,0.71,4.29,51.47,11.18,8.8,9.84,26.29,27.15,0.2135,0.3003,26.4,0
2018-03-06,3,65,1.0,6.123233995736766e-17,1.17,5.28,52.64,4.5,11.18,5.47,26.47,26.29,0.1989,0.3022,25.86,0
2018-03-07,3,66,1.0,6.123233995736766e-17,1.46,4.83,52.75,5.48,4.5,8.8,26.82,26.47,0.1901,0.2998,25.72,0
2018-03-08,3,67,1.0,6.123233995736766e-17,1.05,5.11,50.1,10.75,5.48,11.18,26.4,26.82,0.2156,0.2387,26.48,0
2018-03-09,3,68,1.0,6.123233995736766e-17,1.73,6.68,47.95,15.43,10.75,4.5,25.86,26.4,0.1928,0.2525,26.61,0
2018-03-10,3,69,1.0,6.123233995736766e-17,0.84,7.36,43.18,19.2,15.43,5.48,25.72,25.86,0.1725,0.2698,26.52,0
2018-03-11,3,70,1.0,6.123233995736766e-17,1.44,8.4,26.7,18.16,19.2,10.75,26.48,25.72,0.1397,0.2442,26.84,0
2018-03-12,3,71,1.0,6.123233995736766e-17,4.64,12.33,31.2,13.81,18.16,15.43,26.61,26.48,0.1693,0.2368,26.27,0
2018-03-13,3,72,1.0,6.123233995736766e-17,4.7,15.86,35.83,9.25,13.81,19.2,26.52,26.61,0.1973,0.2153,26.2,0
2018-03-14,3,73,1.0,6.123233995736766e-17,1.62,16.02,37.37,11.12,9.25,18.16,26.84,26.52,0.2292,0.232,26.06,0
2018-03-15,3,74,1.0,6.123233995736766e-17,1.62,16.59,38.4,12.86,11.12,13.81,26.27,26.84,0.1858,0.2653,25.65,0
2018-03-16,3,75,1.0,6.123233995736766e-17,6.71,21.57,45.07,18.09,12.86,9.25,26.2,26.27,0.1753,0.275,26.03,0
2018-03-17,3,76,1.0,6.123233995736766e-17,1.15,21.88,45.55,21.8,18.09,11.12,26.06,26.2,0.1673,0.2535,26.04,0
2018-03-18,3,77,1.0,6.123233995736766e-17,0.69,21.13,45.33,20.02,21.8,12.86,25.65,26.06,0.2018,0.2796,25.1,0
2018-03-19,3,78,1.0,6.123233995736766e-17,0.84,17.33,45.14,14.05,20.02,18.09,26.03,25.65,0.1553,0.2641,25.59,0
2018-03-20,3,79,1.0,6.123233995736766e-17,1.12,13.75,43.38,12.65,14.05,21.8,26.04,26.03,0.2,0.3087,25.07,0
2018-03-21,3,80,1.0,6.123233995736766e-17,1.55,13.68,41.66,13.57,12.65,20.02,25.1,26.04,0.2038,0.2701,26.4,0
2018-03-22,3,81,1.0,6.123233995736766e-17,1.09,13.15,42.43,12.69,13.57,14.05,25.59,25.1,0.1969,0.2963,26.12,0
2018-03-23,3,82,1.0,6.123233995736766e-17,0.49,6.93,42.8,10.45,12.69,12.65,25.07,25.59,0.1841,0.2818,27.6,0
2018-03-24,3,83,1.0,6.123233995736766e-17,0.52,6.3,43.12,11.87,10.45,13.57,26.4,25.07,0.2001,0.2338,26.48,0
2018-03-25,3,84,1.0,6.123233995736766e-17,0.23,5.84,42.05,10.03,11.87,12.69,26.12,26.4,0.1913,0.2725,26.71,0
2018-03-26,3,85,1.0,6.123233995736766e-17,0.35,5.35,42.25,7.98,10.03,10.45,27.6,26.12,0.1725,0.2383,25.84,0
2018-03-27,3,86,1.0,6.123233995736766e-17,0.02,4.25,40.76,9.96,7.98,11.87,26.48,27.6,0.2237,0.2712,26.23,0
2018-03-28,3,87,1.0,6.123233995736766e-17,0.08,2.78,39.4,8.77,9.96,10.03,26.71,26.48,0.1784,0.2513,26.84,0
2018-03-29,3,88,1.0,6.123233995736766e-17,0.15,1.84,39.37,10.34,8.77,7.98,25.84,26.71,0.2009,0.2851,25.72,0
2018-03-30,3,89,1.0,6.123233995736766e-17,0.22,1.57,37.68,11.77,10.34,9.96,26.23,25.84,0.1355,0.2323,26.05,0
2018-03-31,3,90,1.0,6.123233995736766e-17,0.0,1.05,36.91,7.31,11.77,8.77,26.84,26.23,0.2087,0.2726,26.66,0
2018-04-01,4,91,0.8660254037844387,-0.49999999999999983,0.27,1.09,37.02,6.16,7.31,10.34,25.72,26.84,0.2127,0.2894,26.86,0
2018-04-02,4,92,0.8660254037844387,-0.49999999999999983,0.58,1.32,37.44,12.86,6.16,11.77,26.05,25.72,0.1843,0.2997,26.45,0
2018-04-03,4,93,0.8660254037844387,-0.49999999999999983,0.68,1.98,37.72,8.17,12.86,7.31,26.66,26.05,0.1951,0.2497,25.5,0
2018-04-04,4,94,0.8660254037844387,-0.49999999999999983,1.53,3.43,38.54,2.0,8.17,6.16,26.86,26.66,0.1959,0.2737,26.25,0
2018-04-05,4,95,0.8660254037844387,-0.49999999999999983,2.68,5.96,40.05,2.0,2.0,12.86,26.45,26.86,0.1732,0.2796,26.01,0
2018-04-06,4,96,0.8660254037844387,-0.49999999999999983,3.57,9.31,42.16,2.0,2.0,8.17,25.5,26.45,0.1989,0.3217,26.11,0
2018-04-07,4,97,0.8660254037844387,-0.49999999999999983,1.2,10.51,42.31,2.0,2.0,2.0,26.25,25.5,0.1719,0.2309,25.43,0
2018-04-08,4,98,0.8660254037844387,-0.49999999999999983,2.73,12.97,43.31,2.0,2.0,2.0,26.01,26.25,0.1768,0.2487,26.45,0
2018-04-09,4,99,0.8660254037844387,-0.49999999999999983,5.29,17.68,47.76,8.29,2.0,2.0,26.11,26.01,0.2155,0.3628,26.6,0
2018-04-10,4,100,0.8660254037844387,-0.49999999999999983,1.18,18.18,47.5,2.0,8.29,2.0,25.43,26.11,0.2122,0.2703,26.6,0
2018-04-11,4,101,0.8660254037844387,-0.49999999999999983,0.28,16.93,43.14,2.22,2.0,2.0,26.45,25.43,0.1747,0.2192,26.1,0
2018-04-12,4,102,0.8660254037844387,-0.49999999999999983,1.23,15.48,39.67,10.06,2.22,8.29,26.6,26.45,0.171,0.2563,25.72,0
2018-04-13,4,103,0.8660254037844387,-0.49999999999999983,0.88,12.79,38.93,5.95,10.06,2.0,26.6,26.6,0.1721,0.1903,26.05,0
2018-04-14,4,104,0.8660254037844387,-0.49999999999999983,3.26,14.85,40.57,5.48,5.95,2.22,26.1,26.6,0.2012,0.2816,26.48,0
2018-04-15,4,105,0.8660254037844387,-0.49999999999999983,1.1,13.22,34.96,3.49,5.48,10.06,25.72,26.1,0.1615,0.2953,26.06,0
2018-04-16,4,106,0.8660254037844387,-0.49999999999999983,5.85,13.78,39.66,2.0,3.49,5.95,26.05,25.72,0.1928,0.2464,25.79,0
2018-04-17,4,107,0.8660254037844387,-0.49999999999999983,4.63,17.23,43.6,2.0,2.0,5.48,26.48,26.05,0.2042,0.262,25.81,0
2018-04-18,4,108,0.8660254037844387,-0.49999999999999983,7.07,24.02,49.83,9.38,2.0,3.49,26.06,26.48,0.1931,0.3076,25.19,0
2018-04-19,4,109,0.8660254037844387,-0.49999999999999983,8.1,30.89,56.81,17.56,9.38,2.0,25.79,26.06,0.2213,0.2316,25.5,0
2018-04-20,4,110,0.8660254037844387,-0.49999999999999983,5.14,35.15,60.4,15.9,17.56,2.0,25.81,25.79,0.1983,0.2466,26.13,0
2018-04-21,4,111,0.8660254037844387,-0.49999999999999983,0.49,32.38,59.8,23.43,15.9,9.38,25.19,25.81,0.1995,0.279,25.91,0
2018-04-22,4,112,0.8660254037844387,-0.49999999999999983,0.18,31.46,59.49,22.36,23.43,17.56,25.5,25.19,0.184,0.2631,25.49,0
2018-04-23,4,113,0.8660254037844387,-0.49999999999999983,0.42,26.03,59.39,28.32,22.36,15.9,26.13,25.5,0.2238,0.2768,25.61,0
2018-04-24,4,114,0.8660254037844387,-0.49999999999999983,1.26,22.66,60.42,26.02,28.32,23.43,25.91,26.13,0.189,0.2483,26.15,0
2018-04-25,4,115,0.8660254037844387,-0.49999999999999983,4.88,20.47,64.95,25.05,26.02,22.36,25.49,25.91,0.2155,0.2954,26.2,0
2018-04-26,4,116,0.8660254037844387,-0.49999999999999983,1.04,13.41,65.97,25.19,25.05,28.32,25.61,25.49,0.2079,0.2851,26.11,0
2018-04-27,4,117,0.8660254037844387,-0.49999999999999983,1.06,9.33,66.95,36.58,25.19,26.02,26.15,25.61,0.1892,0.3066,26.27,0
2018-04-28,4,118,0.8660254037844387,-0.49999999999999983,0.57,9.41,67.37,36.96,36.58,25.05,26.2,26.15,0.1985,0.2964,25.96,0
2018-04-29,4,119,0.8660254037844387,-0.49999999999999983,0.51,9.74,67.66,31.06,36.96,25.19,26.11,26.2,0.2386,0.2968,25.97,0
2018-04-30,4,120,0.8660254037844387,-0.49999999999999983,1.16,10.48,68.82,32.78,31.06,36.58,26.27,26.11,0.216,0.2479,25.96,0
2018-05-01,5,121,0.49999999999999994,-0.8660254037844387,6.18,15.4,74.73,29.02,32.78,36.96,25.96,26.27,0.1971,0.3096,25.91,0
2018-05-02,5,122,0.49999999999999994,-0.8660254037844387,11.71,22.23,85.86,25.53,29.02,31.06,25.97,25.96,0.2334,0.2916,25.68,0
2018-05-03,5,123,0.49999999999999994,-0.8660254037844387,1.39,22.58,86.57,28.17,25.53,32.78,25.96,25.97,0.225,0.2969,26.26,0
2018-05-04,5,124,0.49999999999999994,-0.8660254037844387,0.88,22.4,85.92,26.91,28.17,29.02,25.91,25.96,0.2964,0.333,26.0,0
2018-05-05,5,125,0.49999999999999994,-0.8660254037844387,0.44,22.27,83.68,26.79,26.91,25.53,25.68,25.91,0.231,0.2786,25.3,0
2018-05-06,5,126,0.49999999999999994,-0.8660254037844387,2.51,24.27,82.62,25.61,26.79,28.17,26.26,25.68,0.2167,0.3401,25.7,0
2018-05-07,5,127,0.49999999999999994,-0.8660254037844387,1.87,24.98,83.29,25.93,25.61,26.91,26.0,26.26,0.2534,0.3433,24.9,0
2018-05-08,5,128,0.49999999999999994,-0.8660254037844387,1.27,20.07,81.83,26.54,25.93,26.79,25.3,26.0,0.1868,0.3217,24.55,0
2018-05-09,5,129,0.49999999999999994,-0.8660254037844387,1.9,10.26,78.44,17.55,26.54,25.61,25.7,25.3,0.2225,0.2676,25.18,0
2018-05-10,5,130,0.49999999999999994,-0.8660254037844387,4.41,13.28,81.67,20.4,17.55,25.93,24.9,25.7,0.2634,0.2334,25.05,0
2018-05-11,5,131,0.49999999999999994,-0.8660254037844387,7.31,19.71,88.7,16.37,20.4,26.54,24.55,24.9,0.2275,0.3356,25.38,0
2018-05-12,5,132,0.49999999999999994,-0.8660254037844387,7.96,27.23,95.43,11.23,16.37,17.55,25.18,24.55,0.2012,0.3106,25.59,0
2018-05-13,5,133,0.49999999999999994,-0.8660254037844387,3.31,28.03,97.86,12.46,11.23,20.4,25.05,25.18,0.2302,0.2864,25.44,0
2018-05-14,5,134,0.49999999999999994,-0.8660254037844387,4.12,30.28,98.72,14.11,12.46,16.37,25.38,25.05,0.2679,0.3444,24.63,0
2018-05-15,5,135,0.49999999999999994,-0.8660254037844387,2.48,31.49,100.1,12.44,14.11,11.23,25.59,25.38,0.2476,0.2842,25.31,0
2018-05-16,5,136,0.49999999999999994,-0.8660254037844387,8.25,37.84,102.5,17.18,12.44,12.46,25.44,25.59,0.2255,0.2988,25.74,0
2018-05-17,5,137,0.49999999999999994,-0.8660254037844387,7.47,40.9,105.34,12.58,17.18,14.11,24.63,25.44,0.2311,0.329,25.54,0
2018-05-18,5,138,0.49999999999999994,-0.8660254037844387,5.89,39.48,104.16,12.42,12.58,12.44,25.31,24.63,0.2325,0.2791,25.24,0
2018-05-19,5,139,0.49999999999999994,-0.8660254037844387,1.77,33.29,97.83,11.48,12.42,17.18,25.74,25.31,0.2453,0.3054,24.87,0
2018-05-20,5,140,0.49999999999999994,-0.8660254037844387,4.9,34.88,97.59,12.85,11.48,12.58,25.54,25.74,0.2646,0.3412,25.67,0
2018-05-21,5,141,0.49999999999999994,-0.8660254037844387,3.88,34.64,100.98,15.4,12.85,12.42,25.24,25.54,0.2619,0.3169,25.65,0
2018-05-22,5,142,0.49999999999999994,-0.8660254037844387,3.81,35.97,104.61,12.52,15.4,11.48,24.87,25.24,0.2533,0.3502,25.28,0
2018-05-23,5,143,0.49999999999999994,-0.8660254037844387,0.8,28.52,104.99,17.03,12.52,12.85,25.67,24.87,0.2179,0.347,24.88,0
2018-05-24,5,144,0.49999999999999994,-0.8660254037844387,1.78,22.83,105.51,18.26,17.03,15.4,25.65,25.67,0.2184,0.3135,25.09,0
2018-05-25,5,145,0.49999999999999994,-0.8660254037844387,4.9,21.84,105.53,11.52,18.26,12.52,25.28,25.65,0.2556,0.2432,25.51,0
2018-05-26,5,146,0.49999999999999994,-0.8660254037844387,2.86,22.93,107.35,5.6,11.52,17.03,24.88,25.28,0.2197,0.2812,25.42,0
2018-05-27,5,147,0.49999999999999994,-0.8660254037844387,1.18,19.21,107.47,8.38,5.6,18.26,25.09,24.88,0.2422,0.3374,25.17,0
2018-05-28,5,148,0.49999999999999994,-0.8660254037844387,1.21,16.54,108.11,9.97,8.38,11.52,25.51,25.09,0.2534,0.2684,25.98,0
2018-05-29,5,149,0.49999999999999994,-0.8660254037844387,1.14,13.87,108.74,11.84,9.97,5.6,25.42,25.51,0.2251,0.3054,26.14,1
2018-05-30,5,150,0.49999999999999994,-0.8660254037844387,1.46,14.53,109.04,13.78,11.84,8.38,25.17,25.42,0.2277,0.3256,25.6,0
2018-05-31,5,151,0.49999999999999994,-0.8660254037844387,1.07,13.82,103.93,16.4,13.78,9.97,25.98,25.17,0.2417,0.3564,25.44,0
2018-06-01,6,152,1.2246467991473532e-16,-1.0,1.84,10.76,94.06,21.39,16.4,11.84,26.14,25.98,0.2447,0.2892,25.27,0
2018-06-02,6,153,1.2246467991473532e-16,-1.0,6.88,14.78,99.55,17.55,21.39,13.78,25.6,26.14,0.2608,0.2904,25.4,0
2018-06-03,6,154,1.2246467991473532e-16,-1.0,2.85,16.45,101.52,14.13,17.55,16.4,25.44,25.6,0.2535,0.3093,25.33,0
2018-06-04,6,155,1.2246467991473532e-16,-1.0,1.94,17.18,103.02,11.63,14.13,21.39,25.27,25.44,0.2442,0.3223,25.72,0
2018-06-05,6,156,1.2246467991473532e-16,-1.0,7.73,23.77,108.24,15.19,11.63,17.55,25.4,25.27,0.2325,0.3103,25.15,0
2018-06-06,6,157,1.2246467991473532e-16,-1.0,23.49,45.8,129.86,22.49,15.19,14.13,25.33,25.4,0.2455,0.3594,24.51,0
2018-06-07,6,158,1.2246467991473532e-16,-1.0,15.19,59.92,143.78,22.32,22.49,11.63,25.72,25.33,0.2692,0.3123,24.22,0
2018-06-08,6,159,1.2246467991473532e-16,-1.0,33.4,91.48,175.28,14.53,22.32,15.19,25.15,25.72,0.316,0.3588,25.03,0
2018-06-09,6,160,1.2246467991473532e-16,-1.0,38.92,123.52,209.79,11.8,14.53,22.49,24.51,25.15,0.3455,0.3892,25.11,0
2018-06-10,6,161,1.2246467991473532e-16,-1.0,33.91,154.58,236.39,13.52,11.8,22.32,24.22,24.51,0.3208,0.3798,25.57,0
2018-06-11,6,162,1.2246467991473532e-16,-1.0,3.16,155.8,231.59,16.09,13.52,14.53,25.03,24.22,0.3427,0.4141,25.24,0
2018-06-12,6,163,1.2246467991473532e-16,-1.0,3.22,151.29,231.5,18.96,16.09,11.8,25.11,25.03,0.3824,0.3934,25.01,0
2018-06-13,6,164,1.2246467991473532e-16,-1.0,7.0,134.8,234.38,23.33,18.96,13.52,25.57,25.11,0.3625,0.4143,24.47,0
2018-06-14,6,165,1.2246467991473532e-16,-1.0,6.49,126.1,238.39,25.82,23.33,16.09,25.24,25.57,0.3362,0.3989,24.96,0
2018-06-15,6,166,1.2246467991473532e-16,-1.0,1.16,93.86,231.3,33.36,25.82,18.96,25.01,25.24,0.4053,0.4001,23.97,0
2018-06-16,6,167,1.2246467991473532e-16,-1.0,1.68,56.62,225.51,32.87,33.36,23.33,24.47,25.01,0.3524,0.3663,23.76,0
2018-06-17,6,168,1.2246467991473532e-16,-1.0,1.81,24.52,221.43,31.75,32.87,25.82,24.96,24.47,0.357,0.3639,23.13,0
2018-06-18,6,169,1.2246467991473532e-16,-1.0,8.13,29.49,227.79,36.4,31.75,33.36,23.97,24.96,0.363,0.4234,23.15,0
2018-06-19,6,170,1.2246467991473532e-16,-1.0,1.61,27.88,224.5,32.36,36.4,32.87,23.76,23.97,0.3447,0.4038,23.96,0
2018-06-20,6,171,1.2246467991473532e-16,-1.0,7.62,28.5,228.24,36.83,32.36,31.75,23.13,23.76,0.3409,0.3563,23.4,0
2018-06-21,6,172,1.2246467991473532e-16,-1.0,23.29,45.3,247.72,39.97,36.83,36.4,23.15,23.13,0.4154,0.4041,23.41,0
2018-06-22,6,173,1.2246467991473532e-16,-1.0,2.28,46.42,249.2,41.8,39.97,32.36,23.96,23.15,0.3943,0.3283,24.87,0
2018-06-23,6,174,1.2246467991473532e-16,-1.0,12.21,56.95,259.63,50.64,41.8,36.83,23.4,23.96,0.4001,0.3886,24.7,0
2018-06-24,6,175,1.2246467991473532e-16,-1.0,37.09,92.23,291.82,50.05,50.64,39.97,23.41,23.4,0.4242,0.4539,24.75,0
2018-06-25,6,176,1.2246467991473532e-16,-1.0,0.29,84.39,289.25,60.38,50.05,41.8,24.87,23.41,0.3903,0.4198,23.9,0
2018-06-26,6,177,1.2246467991473532e-16,-1.0,5.0,87.78,293.07,60.27,60.38,50.64,24.7,24.87,0.4393,0.4294,23.79,0
2018-06-27,6,178,1.2246467991473532e-16,-1.0,3.23,83.39,295.09,56.17,60.27,50.05,24.75,24.7,0.3987,0.3366,24.25,0
2018-06-28,6,179,1.2246467991473532e-16,-1.0,17.53,77.63,311.48,58.55,56.17,60.38,23.9,24.75,0.436,0.4251,23.2,0
2018-06-29,6,180,1.2246467991473532e-16,-1.0,28.65,104.0,338.67,56.66,58.55,60.27,23.79,23.9,0.422,0.4634,24.13,0
2018-06-30,6,181,1.2246467991473532e-16,-1.0,8.99,100.78,346.59,56.69,56.66,56.17,24.25,23.79,0.4211,0.4719,23.63,0
2018-07-01,7,182,-0.4999999999999998,-0.8660254037844388,6.48,70.17,351.23,61.59,56.69,58.55,23.2,24.25,0.4725,0.4896,24.51,1
2018-07-02,7,183,-0.4999999999999998,-0.8660254037844388,6.99,76.87,351.34,66.6,61.59,56.66,24.13,23.2,0.45,0.4545,23.81,1
2018-07-03,7,184,-0.4999999999999998,-0.8660254037844388,10.47,82.34,358.96,66.5,66.6,56.69,23.63,24.13,0.4333,0.4604,24.02,0
2018-07-04,7,185,-0.4999999999999998,-0.8660254037844388,9.18,88.29,366.2,73.2,66.5,61.59,24.51,23.63,0.4904,0.4298,23.6,0
2018-07-05,7,186,-0.4999999999999998,-0.8660254037844388,16.84,87.6,375.31,79.96,73.2,66.6,23.81,24.51,0.5302,0.4691,24.53,0
2018-07-06,7,187,-0.4999999999999998,-0.8660254037844388,9.41,68.36,361.23,86.8,79.96,66.5,24.02,23.81,0.5029,0.4289,24.42,0
2018-07-07,7,188,-0.4999999999999998,-0.8660254037844388,3.47,62.84,349.51,89.02,86.8,73.2,23.6,24.02,0.4594,0.4043,24.72,1
2018-07-08,7,189,-0.4999999999999998,-0.8660254037844388,1.76,58.12,317.87,93.91,89.02,79.96,24.53,23.6,0.4363,0.4082,24.81,0
2018-07-09,7,190,-0.4999999999999998,-0.8660254037844388,1.25,52.38,280.2,84.67,93.91,86.8,24.42,24.53,0.4199,0.4634,24.41,0
2018-07-10,7,191,-0.4999999999999998,-0.8660254037844388,0.76,42.67,247.05,82.73,84.67,89.02,24.72,24.42,0.3948,0.3901,23.93,0
2018-07-11,7,192,-0.4999999999999998,-0.8660254037844388,1.14,34.63,245.03,79.1,82.73,93.91,24.81,24.72,0.3637,0.4036,24.58,0
2018-07-12,7,193,-0.4999999999999998,-0.8660254037844388,3.44,21.23,245.25,80.25,79.1,84.67,24.41,24.81,0.3714,0.3817,24.53,0
2018-07-13,7,194,-0.4999999999999998,-0.8660254037844388,3.11,14.93,241.36,78.66,80.25,82.73,23.93,24.41,0.3732,0.3411,24.45,1
2018-07-14,7,195,-0.4999999999999998,-0.8660254037844388,2.36,13.82,237.23,79.14,78.66,79.1,24.58,23.93,0.3746,0.4204,23.65,0
2018-07-15,7,196,-0.4999999999999998,-0.8660254037844388,19.01,31.07,255.08,88.35,79.14,80.25,24.53,24.58,0.3769,0.3379,24.01,1
2018-07-16,7,197,-0.4999999999999998,-0.8660254037844388,52.65,82.47,306.05,89.18,88.35,78.66,24.45,24.53,0.423,0.417,24.55,1
2018-07-17,7,198,-0.4999999999999998,-0.8660254037844388,33.26,114.97,337.5,93.08,89.18,79.14,23.65,24.45,0.4813,0.4509,23.89,0
2018-07-18,7,199,-0.4999999999999998,-0.8660254037844388,20.43,134.26,349.8,94.34,93.08,88.35,24.01,23.65,0.489,0.4668,23.67,1
2018-07-19,7,200,-0.4999999999999998,-0.8660254037844388,32.27,163.09,380.46,97.51,94.34,89.18,24.55,24.01,0.502,0.4565,24.17,1
2018-07-20,7,201,-0.4999999999999998,-0.8660254037844388,34.74,194.72,407.58,100.71,97.51,93.08,23.89,24.55,0.5512,0.4394,25.2,1
2018-07-21,7,202,-0.4999999999999998,-0.8660254037844388,8.49,200.85,392.78,105.26,100.71,94.34,23.67,23.89,0.4958,0.4616,24.63,1
2018-07-22,7,203,-0.4999999999999998,-0.8660254037844388,0.96,182.8,391.46,112.29,105.26,97.51,24.17,23.67,0.5348,0.4624,24.19,0
2018-07-23,7,204,-0.4999999999999998,-0.8660254037844388,0.6,130.75,379.85,120.31,112.29,100.71,25.2,24.17,0.5027,0.4547,23.64,0
2018-07-24,7,205,-0.4999999999999998,-0.8660254037844388,5.36,102.85,348.12,121.54,120.31,105.26,24.63,25.2,0.5287,0.488,24.07,1
2018-07-25,7,206,-0.4999999999999998,-0.8660254037844388,8.86,91.28,356.69,124.18,121.54,112.29,24.19,24.63,0.4472,0.4276,24.03,1
2018-07-26,7,207,-0.4999999999999998,-0.8660254037844388,5.54,64.55,357.23,119.81,124.18,120.31,23.64,24.19,0.4577,0.4734,23.69,1
2018-07-27,7,208,-0.4999999999999998,-0.8660254037844388,3.97,33.78,357.97,120.69,119.81,121.54,24.07,23.64,0.4805,0.4695,23.32,0
2018-07-28,7,209,-0.4999999999999998,-0.8660254037844388,4.95,30.24,345.39,125.67,120.69,124.18,24.03,24.07,0.4688,0.486,23.54,1
2018-07-29,7,210,-0.4999999999999998,-0.8660254037844388,10.22,39.5,326.96,129.61,125.67,119.81,23.69,24.03,0.4833,0.4422,23.63,1
2018-07-30,7,211,-0.4999999999999998,-0.8660254037844388,4.92,43.82,322.89,130.6,129.61,120.69,23.32,23.69,0.4272,0.4675,23.55,1
2018-07-31,7,212,-0.4999999999999998,-0.8660254037844388,3.2,41.66,319.61,134.43,130.6,125.67,23.54,23.32,0.4557,0.4366,23.56,0
2018-08-01,8,213,-0.8660254037844384,-0.5000000000000004,6.82,39.62,319.44,136.44,134.43,129.61,23.63,23.54,0.4607,0.4547,23.66,1
2018-08-02,8,214,-0.8660254037844384,-0.5000000000000004,11.93,46.01,320.9,141.35,136.44,130.6,23.55,23.63,0.4529,0.3975,23.26,1
2018-08-03,8,215,-0.8660254037844384,-0.5000000000000004,6.1,48.14,317.82,142.16,141.35,134.43,23.56,23.55,0.4168,0.3615,22.62,0
2018-08-04,8,216,-0.8660254037844384,-0.5000000000000004,0.14,43.33,301.12,140.31,142.16,136.44,23.66,23.56,0.4492,0.442,23.74,0
2018-08-05,8,217,-0.8660254037844384,-0.5000000000000004,1.77,34.88,293.48,141.7,140.31,141.35,23.26,23.66,0.4387,0.439,24.3,1
2018-08-06,8,218,-0.8660254037844384,-0.5000000000000004,1.16,31.12,291.17,130.1,141.7,142.16,22.62,23.26,0.424,0.439,24.38,1
2018-08-07,8,219,-0.8660254037844384,-0.5000000000000004,1.31,29.23,290.72,133.82,130.1,140.31,23.74,22.62,0.4157,0.4087,23.92,0
2018-08-08,8,220,-0.8660254037844384,-0.5000000000000004,0.59,23.0,290.06,121.17,133.82,141.7,24.3,23.74,0.4156,0.4687,24.27,1
2018-08-09,8,221,-0.8660254037844384,-0.5000000000000004,9.2,20.27,298.5,118.6,121.17,130.1,24.38,24.3,0.4171,0.4153,23.97,1
2018-08-10,8,222,-0.8660254037844384,-0.5000000000000004,3.09,17.26,300.45,125.46,118.6,133.82,23.92,24.38,0.4332,0.4429,23.43,0
2018-08-11,8,223,-0.8660254037844384,-0.5000000000000004,3.03,20.15,300.04,131.7,125.46,121.17,24.27,23.92,0.4207,0.4479,24.27,1
2018-08-12,8,224,-0.8660254037844384,-0.5000000000000004,4.83,23.21,301.76,130.78,131.7,118.6,23.97,24.27,0.4046,0.4826,24.48,0
2018-08-13,8,225,-0.8660254037844384,-0.5000000000000004,8.53,30.58,307.93,132.21,130.78,125.46,23.43,23.97,0.4062,0.4252,23.8,1
2018-08-14,8,226,-0.8660254037844384,-0.5000000000000004,1.19,30.46,290.11,141.73,132.21,131.7,24.27,23.43,0.3961,0.4045,23.45,1
2018-08-15,8,227,-0.8660254037844384,-0.5000000000000004,1.43,31.3,238.89,141.77,141.73,130.78,24.48,24.27,0.3694,0.3484,23.98,1
2018-08-16,8,228,-0.8660254037844384,-0.5000000000000004,2.05,24.15,207.68,152.43,141.77,132.21,23.8,24.48,0.3364,0.4212,23.85,1
2018-08-17,8,229,-0.8660254037844384,-0.5000000000000004,10.6,31.66,197.85,152.6,152.43,141.73,23.45,23.8,0.3324,0.3814,23.31,1
2018-08-18,8,230,-0.8660254037844384,-0.5000000000000004,5.11,33.74,170.69,154.16,152.6,141.77,23.98,23.45,0.3136,0.366,23.23,1
2018-08-19,8,231,-0.8660254037844384,-0.5000000000000004,8.21,37.12,144.16,160.1,154.16,152.43,23.85,23.98,0.2672,0.43,23.3,1
2018-08-20,8,232,-0.8660254037844384,-0.5000000000000004,20.93,49.52,156.6,159.66,160.1,152.6,23.31,23.85,0.3203,0.3537,23.54,0
2018-08-21,8,233,-0.8660254037844384,-0.5000000000000004,20.84,69.17,176.48,155.35,159.66,154.16,23.23,23.31,0.3035,0.3168,22.95,1
2018-08-22,8,234,-0.8660254037844384,-0.5000000000000004,27.01,94.75,202.89,155.96,155.35,160.1,23.3,23.23,0.3239,0.3659,22.93,1
2018-08-23,8,235,-0.8660254037844384,-0.5000000000000004,18.57,111.27,216.1,157.21,155.96,159.66,23.54,23.3,0.3541,0.3504,24.44,1
2018-08-24,8,236,-0.8660254037844384,-0.5000000000000004,46.61,147.28,253.85,153.85,157.21,155.35,22.95,23.54,0.3417,0.3904,24.39,1
2018-08-25,8,237,-0.8660254037844384,-0.5000000000000004,15.97,158.14,264.28,155.79,153.85,155.96,22.93,22.95,0.372,0.3965,24.11,1
2018-08-26,8,238,-0.8660254037844384,-0.5000000000000004,2.98,152.91,263.29,155.66,155.79,157.21,24.44,22.93,0.4066,0.3904,24.15,1
2018-08-27,8,239,-0.8660254037844384,-0.5000000000000004,1.88,133.86,260.22,162.32,155.66,153.85,24.39,24.44,0.3494,0.3643,23.56,1
2018-08-28,8,240,-0.8660254037844384,-0.5000000000000004,2.72,115.74,252.72,164.43,162.32,155.79,24.11,24.39,0.3998,0.4494,23.61,1
2018-08-29,8,241,-0.8660254037844384,-0.5000000000000004,8.38,97.11,256.18,165.16,164.43,155.66,24.15,24.11,0.4108,0.4127,23.67,1
2018-08-30,8,242,-0.8660254037844384,-0.5000000000000004,30.06,108.6,283.04,167.09,165.16,162.32,23.56,24.15,0.3973,0.4131,24.09,1
2018-08-31,8,243,-0.8660254037844384,-0.5000000000000004,16.22,78.21,292.44,170.32,167.09,164.43,23.61,23.56,0.419,0.4482,23.71,1
2018-09-01,9,244,-1.0,-1.8369701987210297e-16,5.55,67.79,286.06,174.63,170.32,165.16,23.67,23.61,0.4298,0.4358,24.55,1
2018-09-02,9,245,-1.0,-1.8369701987210297e-16,7.11,71.92,287.07,171.92,174.63,167.09,24.09,23.67,0.399,0.4305,24.43,1
2018-09-03,9,246,-1.0,-1.8369701987210297e-16,18.45,88.49,305.38,169.84,171.92,170.32,23.71,24.09,0.4422,0.4538,23.82,1
2018-09-04,9,247,-1.0,-1.8369701987210297e-16,6.5,92.27,310.11,176.8,169.84,174.63,24.55,23.71,0.4157,0.4401,22.98,1
2018-09-05,9,248,-1.0,-1.8369701987210297e-16,3.34,87.23,312.29,176.72,176.8,171.92,24.43,24.55,0.4215,0.4575,23.97,1
2018-09-06,9,249,-1.0,-1.8369701987210297e-16,41.59,98.76,352.57,173.39,176.72,169.84,23.82,24.43,0.4513,0.4841,23.72,1
2018-09-07,9,250,-1.0,-1.8369701987210297e-16,63.81,146.35,415.79,179.14,173.39,176.8,22.98,23.82,0.5311,0.5044,24.07,1
2018-09-08,9,251,-1.0,-1.8369701987210297e-16,8.59,149.39,415.18,184.09,179.14,176.72,23.97,22.98,0.5468,0.4925,24.22,1
2018-09-09,9,252,-1.0,-1.8369701987210297e-16,32.52,174.8,444.61,180.82,184.09,173.39,23.72,23.97,0.5465,0.5627,24.19,1
2018-09-10,9,253,-1.0,-1.8369701987210297e-16,13.98,170.33,455.56,185.25,180.82,179.14,24.07,23.72,0.5346,0.509,23.98,1
2018-09-11,9,254,-1.0,-1.8369701987210297e-16,9.79,173.62,460.52,191.08,185.25,184.09,24.22,24.07,0.5428,0.5381,24.2,1
2018-09-12,9,255,-1.0,-1.8369701987210297e-16,2.28,172.56,454.27,194.41,191.08,180.82,24.19,24.22,0.5667,0.535,24.55,1
2018-09-13,9,256,-1.0,-1.8369701987210297e-16,12.19,143.16,465.27,198.39,194.41,185.25,23.98,24.19,0.6056,0.5109,24.95,1
2018-09-14,9,257,-1.0,-1.8369701987210297e-16,5.96,85.31,469.8,193.61,198.39,191.08,24.2,23.98,0.5807,0.5076,25.31,1
2018-09-15,9,258,-1.0,-1.8369701987210297e-16,4.34,81.06,472.09,196.42,193.61,194.41,24.55,24.2,0.5671,0.5226,23.97,1
2018-09-16,9,259,-1.0,-1.8369701987210297e-16,5.16,53.7,466.65,196.06,196.42,198.39,24.95,24.55,0.5853,0.5152,25.07,1
2018-09-17,9,260,-1.0,-1.8369701987210297e-16,3.67,43.39,465.21,194.87,196.06,193.61,25.31,24.95,0.5639,0.4854,25.75,1
2018-09-18,9,261,-1.0,-1.8369701987210297e-16,5.11,38.71,462.11,199.06,194.87,196.42,23.97,25.31,0.5583,0.5077,25.5,1
2018-09-19,9,262,-1.0,-1.8369701987210297e-16,5.55,41.98,446.73,204.63,199.06,196.06,25.07,23.97,0.5329,0.526,24.48,1
2018-09-20,9,263,-1.0,-1.8369701987210297e-16,31.55,61.34,457.44,210.63,204.63,194.87,25.75,25.07,0.5899,0.5624,23.7,1
2018-09-21,9,264,-1.0,-1.8369701987210297e-16,5.17,60.55,435.6,213.24,210.63,199.06,25.5,25.75,0.4913,0.528,24.73,1
2018-09-22,9,265,-1.0,-1.8369701987210297e-16,10.58,66.79,427.61,209.42,213.24,204.63,24.48,25.5,0.5508,0.4286,24.63,1
2018-09-23,9,266,-1.0,-1.8369701987210297e-16,19.33,80.96,400.33,207.31,209.42,210.63,23.7,24.48,0.501,0.5094,24.57,1
2018-09-24,9,267,-1.0,-1.8369701987210297e-16,3.18,80.47,387.54,206.73,207.31,213.24,24.73,23.7,0.4906,0.4658,24.97,1
2018-09-25,9,268,-1.0,-1.8369701987210297e-16,36.08,111.44,420.64,204.02,206.73,209.42,24.63,24.73,0.5624,0.516,24.08,1
2018-09-26,9,269,-1.0,-1.8369701987210297e-16,10.1,115.99,428.86,201.65,204.02,207.31,24.57,24.63,0.5217,0.5069,24.26,1
2018-09-27,9,270,-1.0,-1.8369701987210297e-16,5.43,89.87,431.57,202.21,201.65,206.73,24.97,24.57,0.5248,0.5032,24.67,1
2018-09-28,9,271,-1.0,-1.8369701987210297e-16,8.62,93.32,431.81,198.9,202.21,204.02,24.08,24.97,0.536,0.506,24.18,1
2018-09-29,9,272,-1.0,-1.8369701987210297e-16,5.73,88.47,407.48,192.7,198.9,201.65,24.26,24.08,0.525,0.4938,24.49,1
2018-09-30,9,273,-1.0,-1.8369701987210297e-16,7.59,76.73,398.85,188.25,192.7,202.21,24.67,24.26,0.5001,0.5296,24.64,1
2018-10-01,10,274,-0.8660254037844386,0.5000000000000001,11.14,84.69,404.44,188.48,188.25,198.9,24.18,24.67,0.4825,0.4921,24.19,1
2018-10-02,10,275,-0.8660254037844386,0.5000000000000001,6.05,54.66,403.38,185.83,188.48,192.7,24.49,24.18,0.4957,0.5246,24.33,1
2018-10-03,10,276,-0.8660254037844386,0.5000000000000001,2.42,46.98,387.35,184.35,185.83,188.25,24.64,24.49,0.5242,0.5106,24.21,1
2018-10-04,10,277,-0.8660254037844386,0.5000000000000001,4.39,45.94,385.24,184.06,184.35,188.48,24.19,24.64,0.4982,0.5012,25.41,1
2018-10-05,10,278,-0.8660254037844386,0.5000000000000001,5.3,42.62,387.2,179.35,184.06,185.83,24.33,24.19,0.5075,0.4287,24.95,1
2018-10-06,10,279,-0.8660254037844386,0.5000000000000001,3.62,40.51,349.23,178.88,179.35,184.35,24.21,24.33,0.4591,0.493,24.57,1
2018-10-07,10,280,-0.8660254037844386,0.5000000000000001,2.55,35.47,287.97,175.54,178.88,184.06,25.41,24.21,0.396,0.409,25.4,1
2018-10-08,10,281,-0.8660254037844386,0.5000000000000001,14.69,39.02,294.07,166.04,175.54,179.35,24.95,25.41,0.4482,0.4479,24.87,0
2018-10-09,10,282,-0.8660254037844386,0.5000000000000001,8.04,41.01,269.59,167.9,166.04,178.88,24.57,24.95,0.3889,0.3826,24.36,1
2018-10-10,10,283,-0.8660254037844386,0.5000000000000001,10.08,48.67,265.69,161.3,167.9,175.54,25.4,24.57,0.3803,0.3739,25.23,1
2018-10-11,10,284,-0.8660254037844386,0.5000000000000001,3.84,48.12,259.74,150.63,161.3,166.04,24.87,25.4,0.4057,0.4651,25.16,1
2018-10-12,10,285,-0.8660254037844386,0.5000000000000001,15.8,58.62,273.26,143.91,150.63,167.9,24.36,24.87,0.3815,0.3852,25.4,1
2018-10-13,10,286,-0.8660254037844386,0.5000000000000001,5.44,60.44,266.51,137.84,143.91,161.3,25.23,24.36,0.378,0.4443,25.03,0
2018-10-14,10,287,-0.8660254037844386,0.5000000000000001,3.97,61.86,264.52,136.59,137.84,150.63,25.16,25.23,0.3883,0.4123,25.35,1
2018-10-15,10,288,-0.8660254037844386,0.5000000000000001,5.4,52.57,265.58,133.91,136.59,143.91,25.4,25.16,0.389,0.3967,23.78,1
2018-10-16,10,289,-0.8660254037844386,0.5000000000000001,7.13,51.66,267.55,131.07,133.91,137.84,25.03,25.4,0.396,0.4092,25.48,0
2018-10-17,10,290,-0.8660254037844386,0.5000000000000001,10.52,52.1,274.4,132.27,131.07,136.59,25.35,25.03,0.4388,0.3756,26.22,0
2018-10-18,10,291,-0.8660254037844386,0.5000000000000001,2.56,50.82,271.85,131.78,132.27,133.91,23.78,25.35,0.4014,0.4127,26.39,0
2018-10-19,10,292,-0.8660254037844386,0.5000000000000001,0.94,35.96,267.24,130.85,131.78,131.07,25.48,23.78,0.343,0.3779,25.63,0
2018-10-20,10,293,-0.8660254037844386,0.5000000000000001,0.25,30.77,235.94,129.54,130.85,132.27,26.22,25.48,0.3689,0.3797,25.36,1
2018-10-21,10,294,-0.8660254037844386,0.5000000000000001,0.56,27.36,231.33,128.83,129.54,131.78,26.39,26.22,0.359,0.4166,24.62,0
2018-10-22,10,295,-0.8660254037844386,0.5000000000000001,2.71,24.67,223.46,116.86,128.83,130.85,25.63,26.39,0.352,0.3917,25.12,0
2018-10-23,10,296,-0.8660254037844386,0.5000000000000001,4.37,21.91,208.5,113.07,116.86,129.54,25.36,25.63,0.3426,0.3306,25.31,1
2018-10-24,10,297,-0.8660254037844386,0.5000000000000001,3.88,15.27,209.2,102.26,113.07,128.83,24.62,25.36,0.3377,0.4011,25.35,0
2018-10-25,10,298,-0.8660254037844386,0.5000000000000001,4.14,16.85,177.26,101.05,102.26,116.86,25.12,24.62,0.3085,0.3561,25.67,0
2018-10-26,10,299,-0.8660254037844386,0.5000000000000001,3.38,19.29,170.54,99.42,101.05,113.07,25.31,25.12,0.3157,0.3361,24.76,1
2018-10-27,10,300,-0.8660254037844386,0.5000000000000001,3.0,22.04,168.11,101.88,99.42,102.26,25.35,25.31,0.2905,0.3733,25.83,0
2018-10-28,10,301,-0.8660254037844386,0.5000000000000001,11.26,32.74,170.75,104.27,101.88,101.05,25.67,25.35,0.2847,0.3474,26.08,0
2018-10-29,10,302,-0.8660254037844386,0.5000000000000001,28.16,58.19,193.18,102.47,104.27,99.42,24.76,25.67,0.3843,0.3309,24.91,0
2018-10-30,10,303,-0.8660254037844386,0.5000000000000001,12.87,66.69,198.46,97.93,102.47,101.88,25.83,24.76,0.3143,0.4245,25.27,0
2018-10-31,10,304,-0.8660254037844386,0.5000000000000001,9.4,72.21,196.72,97.68,97.93,104.27,26.08,25.83,0.3291,0.3675,25.25,0
2018-11-01,11,305,-0.5000000000000004,0.8660254037844384,11.82,79.89,202.49,93.23,97.68,102.47,24.91,26.08,0.3023,0.3691,25.8,0
2018-11-02,11,306,-0.5000000000000004,0.8660254037844384,1.72,78.23,201.79,91.27,93.23,97.93,25.27,24.91,0.3339,0.3589,24.76,1
2018-11-03,11,307,-0.5000000000000004,0.8660254037844384,5.11,80.34,202.51,93.28,91.27,97.68,25.25,25.27,0.3136,0.4069,24.73,0
2018-11-04,11,308,-0.5000000000000004,0.8660254037844384,3.22,72.3,200.43,88.51,93.28,93.23,25.8,25.25,0.3215,0.3545,24.71,0
2018-11-05,11,309,-0.5000000000000004,0.8660254037844384,1.41,45.55,198.22,89.61,88.51,91.27,24.76,25.8,0.3493,0.3226,26.09,0
2018-11-06,11,310,-0.5000000000000004,0.8660254037844384,0.75,33.43,196.42,89.73,89.61,93.28,24.73,24.76,0.3362,0.3475,24.81,0
2018-11-07,11,311,-0.5000000000000004,0.8660254037844384,3.65,27.68,185.38,82.86,89.73,88.51,24.71,24.73,0.3282,0.401,26.1,0
2018-11-08,11,312,-0.5000000000000004,0.8660254037844384,1.52,17.38,178.86,84.38,82.86,89.61,26.09,24.71,0.2755,0.3823,25.91,0
2018-11-09,11,313,-0.5000000000000004,0.8660254037844384,3.57,19.23,172.35,84.21,84.38,89.73,24.81,26.09,0.3419,0.3458,25.59,0
2018-11-10,11,314,-0.5000000000000004,0.8660254037844384,2.68,16.8,171.19,81.42,84.21,82.86,26.1,24.81,0.2802,0.3939,25.77,0
2018-11-11,11,315,-0.5000000000000004,0.8660254037844384,0.53,14.11,155.92,75.1,81.42,84.38,25.91,26.1,0.3209,0.366,26.25,0
2018-11-12,11,316,-0.5000000000000004,0.8660254037844384,0.04,12.74,150.52,69.02,75.1,84.21,25.59,25.91,0.3059,0.3323,25.04,0
2018-11-13,11,317,-0.5000000000000004,0.8660254037844384,0.06,12.05,146.61,64.86,69.02,81.42,25.77,25.59,0.2935,0.333,25.45,0
2018-11-14,11,318,-0.5000000000000004,0.8660254037844384,0.15,8.55,141.36,65.34,64.86,75.1,26.25,25.77,0.2601,0.3447,24.84,0
2018-11-15,11,319,-0.5000000000000004,0.8660254037844384,0.07,7.1,134.3,59.43,65.34,69.02,25.04,26.25,0.2739,0.3056,25.07,0
2018-11-16,11,320,-0.5000000000000004,0.8660254037844384,0.06,3.59,123.84,59.6,59.43,64.86,25.45,25.04,0.252,0.3244,25.33,0
2018-11-17,11,321,-0.5000000000000004,0.8660254037844384,3.89,4.8,125.17,52.86,59.6,65.34,24.84,25.45,0.2632,0.3344,24.28,0
2018-11-18,11,322,-0.5000000000000004,0.8660254037844384,4.04,8.31,128.27,51.16,52.86,59.43,25.07,24.84,0.2604,0.2764,24.64,0
2018-11-19,11,323,-0.5000000000000004,0.8660254037844384,0.49,8.76,128.51,50.81,51.16,59.6,25.33,25.07,0.2249,0.3214,25.83,0
2018-11-20,11,324,-0.5000000000000004,0.8660254037844384,1.12,9.82,129.07,59.69,50.81,52.86,24.28,25.33,0.2886,0.3184,26.0,0
2018-11-21,11,325,-0.5000000000000004,0.8660254037844384,0.89,10.56,127.25,51.75,59.69,51.16,24.64,24.28,0.2629,0.3572,24.84,0
2018-11-22,11,326,-0.5000000000000004,0.8660254037844384,0.04,10.53,122.92,56.17,51.75,50.81,25.83,24.64,0.2509,0.2684,24.25,0
2018-11-23,11,327,-0.5000000000000004,0.8660254037844384,0.02,10.49,119.06,54.42,56.17,59.69,26.0,25.83,0.2459,0.31,25.26,0
2018-11-24,11,328,-0.5000000000000004,0.8660254037844384,0.0,6.6,114.92,53.76,54.42,51.75,24.84,26.0,0.2606,0.3045,25.22,0
2018-11-25,11,329,-0.5000000000000004,0.8660254037844384,0.0,2.56,111.54,51.83,53.76,56.17,24.25,24.84,0.2325,0.3457,24.85,0
2018-11-26,11,330,-0.5000000000000004,0.8660254037844384,0.01,2.08,108.55,51.31,51.83,54.42,25.26,24.25,0.2026,0.3138,24.63,0
2018-11-27,11,331,-0.5000000000000004,0.8660254037844384,0.21,1.17,97.5,48.15,51.31,53.76,25.22,25.26,0.2459,0.3624,24.8,0
2018-11-28,11,332,-0.5000000000000004,0.8660254037844384,0.03,0.31,69.37,51.27,48.15,51.83,24.85,25.22,0.2228,0.3115,24.82,0
2018-11-29,11,333,-0.5000000000000004,0.8660254037844384,0.0,0.27,56.5,45.93,51.27,51.31,24.63,24.85,0.1969,0.2716,24.06,0
2018-11-30,11,334,-0.5000000000000004,0.8660254037844384,0.02,0.27,47.12,47.47,45.93,48.15,24.8,24.63,0.1694,0.2855,25.07,0
2018-12-01,12,335,-2.4492935982947064e-16,1.0,0.01,0.28,35.31,41.35,47.47,51.27,24.82,24.8,0.1836,0.2606,24.95,0
2018-12-02,12,336,-2.4492935982947064e-16,1.0,0.03,0.31,33.62,38.36,41.35,45.93,24.06,24.82,0.151,0.296,24.45,0
2018-12-03,12,337,-2.4492935982947064e-16,1.0,0.0,0.3,28.51,31.58,38.36,47.47,25.07,24.06,0.1551,0.2271,23.01,0
2018-12-04,12,338,-2.4492935982947064e-16,1.0,0.02,0.11,25.31,31.78,31.58,41.35,24.95,25.07,0.1578,0.2405,23.51,0
2018-12-05,12,339,-2.4492935982947064e-16,1.0,0.0,0.08,23.9,35.79,31.78,38.36,24.45,24.95,0.1884,0.278,25.16,0
2018-12-06,12,340,-2.4492935982947064e-16,1.0,0.0,0.08,23.15,33.02,35.79,31.58,23.01,24.45,0.1636,0.3007,23.54,0
2018-12-07,12,341,-2.4492935982947064e-16,1.0,0.0,0.06,19.5,30.04,33.02,31.78,23.51,23.01,0.1586,0.1956,22.9,0
2018-12-08,12,342,-2.4492935982947064e-16,1.0,0.0,0.05,17.98,23.74,30.04,35.79,25.16,23.51,0.2053,0.302,24.29,0
2018-12-09,12,343,-2.4492935982947064e-16,1.0,0.0,0.02,14.41,21.78,23.74,33.02,23.54,25.16,0.17,0.2544,25.02,0
2018-12-10,12,344,-2.4492935982947064e-16,1.0,0.0,0.02,11.73,14.56,21.78,30.04,22.9,23.54,0.1673,0.2005,23.58,0
2018-12-11,12,345,-2.4492935982947064e-16,1.0,0.0,0.0,11.2,11.06,14.56,23.74,24.29,22.9,0.1527,0.1667,23.53,0
2018-12-12,12,346,-2.4492935982947064e-16,1.0,0.13,0.13,11.29,12.59,11.06,21.78,25.02,24.29,0.1482,0.2109,24.98,0
2018-12-13,12,347,-2.4492935982947064e-16,1.0,0.03,0.16,11.26,18.2,12.59,14.56,23.58,25.02,0.1164,0.2562,24.98,0
2018-12-14,12,348,-2.4492935982947064e-16,1.0,0.0,0.16,11.11,28.87,18.2,11.06,23.53,23.58,0.1794,0.2547,24.95,1
2018-12-15,12,349,-2.4492935982947064e-16,1.0,0.06,0.22,11.1,24.31,28.87,12.59,24.98,23.53,0.169,0.2757,23.56,0
2018-12-16,12,350,-2.4492935982947064e-16,1.0,0.11,0.33,11.15,28.47,24.31,18.2,24.98,24.98,0.1565,0.2402,23.57,0
2018-12-17,12,351,-2.4492935982947064e-16,1.0,0.0,0.33,7.26,27.13,28.47,28.87,24.95,24.98,0.1538,0.2211,22.83,0
2018-12-18,12,352,-2.4492935982947064e-16,1.0,0.0,0.33,3.22,24.29,27.13,24.31,23.56,24.95,0.1676,0.2395,22.24,0
2018-12-19,12,353,-2.4492935982947064e-16,1.0,0.0,0.2,2.73,24.17,24.29,28.47,23.57,23.56,0.1214,0.2526,22.53,0
2018-12-20,12,354,-2.4492935982947064e-16,1.0,0.0,0.17,1.61,22.52,24.17,27.13,22.83,23.57,0.1397,0.2579,21.8,0
2018-12-21,12,355,-2.4492935982947064e-16,1.0,0.0,0.17,0.72,21.27,22.52,24.29,22.24,22.83,0.1279,0.2268,21.68,0
2018-12-22,12,356,-2.4492935982947064e-16,1.0,0.0,0.11,0.68,18.09,21.27,24.17,22.53,22.24,0.186,0.2775,22.04,0
2018-12-23,12,357,-2.4492935982947064e-16,1.0,0.0,0.0,0.66,11.4,18.09,22.52,21.8,22.53,0.1681,0.2318,21.94,0
2018-12-24,12,358,-2.4492935982947064e-16,1.0,0.0,0.0,0.66,5.1,11.4,21.27,21.68,21.8,0.1065,0.2243,22.25,0
2018-12-25,12,359,-2.4492935982947064e-16,1.0,0.0,0.0,0.66,8.51,5.1,18.09,22.04,21.68,0.1203,0.2341,23.58,0
2018-12-26,12,360,-2.4492935982947064e-16,1.0,0.0,0.0,0.65,7.66,8.51,11.4,21.94,22.04,0.1479,0.2826,23.83,0
2018-12-27,12,361,-2.4492935982947064e-16,1.0,0.0,0.0,0.44,5.64,7.66,5.1,22.25,21.94,0.1409,0.2463,23.57,0
2018-12-28,12,362,-2.4492935982947064e-16,1.0,0.0,0.0,0.41,6.31,5.64,8.51,23.58,22.25,0.1239,0.2294,24.1,0
2018-12-29,12,363,-2.4492935982947064e-16,1.0,0.0,0.0,0.41,10.01,6.31,7.66,23.83,23.58,0.1893,0.278,23.37,0
2018-12-30,12,364,-2.4492935982947064e-16,1.0,0.0,0.0,0.39,10.67,10.01,5.64,23.57,23.83,0.1566,0.3145,22.75,0
2018-12-31,12,365,-2.4492935982947064e-16,1.0,0.0,0.0,0.38,7.87,10.67,6.31,24.1,23.57,0.1598,0.2565,23.54,0
2019-01-01,1,1,0.49999999999999994,0.8660254037844387,0.0,0.0,0.35,12.8,7.87,10.01,23.37,24.1,0.1365,0.2872,23.47,0
2019-01-02,1,2,0.49999999999999994,0.8660254037844387,0.0,0.0,0.35,18.4,12.8,10.67,22.75,23.37,0.1648,0.2813,22.74,0
2019-01-03,1,3,0.49999999999999994,0.8660254037844387,0.0,0.0,0.33,18.83,18.4,7.87,23.54,22.75,0.1427,0.232,23.11,0
2019-01-04,1,4,0.49999999999999994,0.8660254037844387,0.0,0.0,0.33,21.1,18.83,12.8,23.47,23.54,0.1446,0.251,23.41,0
2019-01-05,1,5,0.49999999999999994,0.8660254037844387,0.0,0.0,0.33,24.11,21.1,18.4,22.74,23.47,0.1625,0.2117,22.14,0
2019-01-06,1,6,0.49999999999999994,0.8660254037844387,0.0,0.0,0.33,26.22,24.11,18.83,23.11,22.74,0.1177,0.244,21.67,0
2019-01-07,1,7,0.49999999999999994,0.8660254037844387,0.0,0.0,0.33,25.95,26.22,21.1,23.41,23.11,0.1822,0.2314,24.08,0
2019-01-08,1,8,0.49999999999999994,0.8660254037844387,0.0,0.0,0.33,25.66,25.95,24.11,22.14,23.41,0.1539,0.2381,24.5,0
2019-01-09,1,9,0.49999999999999994,0.8660254037844387,0.0,0.0,0.33,25.09,25.66,26.22,21.67,22.14,0.1759,0.2277,24.06,0
2019-01-10,1,10,0.49999999999999994,0.8660254037844387,0.0,0.0,0.33,18.15,25.09,25.95,24.08,21.67,0.1288,0.2416,24.4,0
2019-01-11,1,11,0.49999999999999994,0.8660254037844387,0.0,0.0,0.2,19.43,18.15,25.66,24.5,24.08,0.1317,0.2661,24.96,0
2019-01-12,1,12,0.49999999999999994,0.8660254037844387,0.0,0.0,0.17,12.3,19.43,25.09,24.06,24.5,0.1269,0.2465,25.91,0
2019-01-13,1,13,0.49999999999999994,0.8660254037844387,0.0,0.0,0.17,8.48,12.3,18.15,24.4,24.06,0.1552,0.1942,25.62,0
2019-01-14,1,14,0.49999999999999994,0.8660254037844387,0.0,0.0,0.11,13.62,8.48,19.43,24.96,24.4,0.1514,0.2277,25.3,0
2019-01-15,1,15,0.49999999999999994,0.8660254037844387,0.0,0.0,0.0,16.14,13.62,12.3,25.91,24.96,0.1407,0.2044,25.01,0
2019-01-16,1,16,0.49999999999999994,0.8660254037844387,0.52,0.52,0.52,20.88,16.14,8.48,25.62,25.91,0.1302,0.2576,25.58,0
2019-01-17,1,17,0.49999999999999994,0.8660254037844387,0.4,0.92,0.92,17.88,20.88,13.62,25.3,25.62,0.1255,0.2657,26.2,0
2019-01-18,1,18,0.49999999999999994,0.8660254037844387,0.22,1.14,1.14,11.81,17.88,16.14,25.01,25.3,0.1501,0.2584,26.01,0
2019-01-19,1,19,0.49999999999999994,0.8660254037844387,0.3,1.44,1.44,10.3,11.81,20.88,25.58,25.01,0.142,0.2272,25.65,0
2019-01-20,1,20,0.49999999999999994,0.8660254037844387,0.63,2.07,2.07,10.4,10.3,17.88,26.2,25.58,0.1382,0.2586,25.36,0
2019-01-21,1,21,0.49999999999999994,0.8660254037844387,7.66,9.73,9.73,10.53,10.4,11.81,26.01,26.2,0.1897,0.2417,25.26,0
2019-01-22,1,22,0.49999999999999994,0.8660254037844387,3.32,13.05,13.05,14.92,10.53,10.3,25.65,26.01,0.1601,0.2237,25.8,0
2019-01-23,1,23,0.49999999999999994,0.8660254037844387,11.08,23.61,24.13,12.87,14.92,10.4,25.36,25.65,0.1971,0.2867,25.71,0
2019-01-24,1,24,0.49999999999999994,0.8660254037844387,19.09,42.3,43.22,14.33,12.87,10.53,25.26,25.36,0.1782,0.3005,25.49,0
2019-01-25,1,25,0.49999999999999994,0.8660254037844387,8.6,50.68,51.82,10.36,14.33,14.92,25.8,25.26,0.2015,0.3096,25.23,0
2019-01-26,1,26,0.49999999999999994,0.8660254037844387,0.29,50.67,52.11,12.74,10.36,12.87,25.71,25.8,0.1958,0.263,25.84,0
2019-01-27,1,27,0.49999999999999994,0.8660254037844387,0.57,50.61,52.68,12.99,12.74,14.33,25.49,25.71,0.1635,0.317,25.66,0
2019-01-28,1,28,0.49999999999999994,0.8660254037844387,1.66,44.61,54.34,10.22,12.99,10.36,25.23,25.49,0.2275,0.2678,25.63,0
2019-01-29,1,29,0.49999999999999994,0.8660254037844387,3.6,44.89,57.94,9.99,10.22,12.74,25.84,25.23,0.1994,0.3044,25.15,0
2019-01-30,1,30,0.49999999999999994,0.8660254037844387,1.02,34.83,58.96,10.01,9.99,12.99,25.66,25.84,0.218,0.27,23.65,0
2019-01-31,1,31,0.49999999999999994,0.8660254037844387,0.02,15.76,58.98,9.69,10.01,10.22,25.63,25.66,0.188,0.2787,25.12,0
2019-02-01,2,32,0.8660254037844386,0.5000000000000001,1.77,8.93,60.75,17.62,9.69,9.99,25.15,25.63,0.2014,0.2138,24.45,0
2019-02-02,2,33,0.8660254037844386,0.5000000000000001,5.54,14.18,66.29,16.97,17.62,10.01,23.65,25.15,0.1923,0.2807,24.93,0
2019-02-03,2,34,0.8660254037844386,0.5000000000000001,0.27,13.88,66.56,15.85,16.97,9.69,25.12,23.65,0.2346,0.2927,25.62,0
2019-02-04,2,35,0.8660254037844386,0.5000000000000001,0.26,12.48,66.82,7.49,15.85,17.62,24.45,25.12,0.2164,0.2778,26.03,0
2019-02-05,2,36,0.8660254037844386,0.5000000000000001,0.27,9.15,67.09,5.19,7.49,16.97,24.93,24.45,0.2177,0.3429,25.73,0
2019-02-06,2,37,0.8660254037844386,0.5000000000000001,0.09,8.22,67.18,5.77,5.19,15.85,25.62,24.93,0.2376,0.2554,24.96,0
2019-02-07,2,38,0.8660254037844386,0.5000000000000001,0.57,8.77,67.75,4.58,5.77,7.49,26.03,25.62,0.2341,0.2737,24.63,0
2019-02-08,2,39,0.8660254037844386,0.5000000000000001,0.11,7.11,67.86,11.84,4.58,5.19,25.73,26.03,0.2264,0.2636,24.9,0
2019-02-09,2,40,0.8660254037844386,0.5000000000000001,0.0,1.57,67.86,11.83,11.84,5.77,24.96,25.73,0.1826,0.2738,23.88,0
2019-02-10,2,41,0.8660254037844386,0.5000000000000001,0.0,1.3,67.86,17.63,11.83,4.58,24.63,24.96,0.1972,0.3217,24.3,0
2019-02-11,2,42,0.8660254037844386,0.5000000000000001,0.0,1.04,67.86,17.65,17.63,11.84,24.9,24.63,0.191,0.3351,24.98,0
2019-02-12,2,43,0.8660254037844386,0.5000000000000001,0.0,0.77,67.86,17.58,17.65,11.83,23.88,24.9,0.2256,0.2697,24.01,0
2019-02-13,2,44,0.8660254037844386,0.5000000000000001,0.0,0.68,67.86,17.01,17.58,17.63,24.3,23.88,0.2145,0.269,23.33,0
2019-02-14,2,45,0.8660254037844386,0.5000000000000001,0.0,0.11,67.86,16.89,17.01,17.65,24.98,24.3,0.1833,0.256,24.56,0
2019-02-15,2,46,0.8660254037844386,0.5000000000000001,0.02,0.02,67.36,23.65,16.89,17.58,24.01,24.98,0.2068,0.3296,24.63,0
2019-02-16,2,47,0.8660254037844386,0.5000000000000001,0.04,0.06,67.0,13.23,23.65,17.01,23.33,24.01,0.1804,0.3238,26.05,0
2019-02-17,2,48,0.8660254037844386,0.5000000000000001,0.05,0.11,66.83,5.64,13.23,16.89,24.56,23.33,0.2091,0.2869,25.15,0
2019-02-18,2,49,0.8660254037844386,0.5000000000000001,0.02,0.13,66.55,5.02,5.64,23.65,24.63,24.56,0.1768,0.248,25.71,0
2019-02-19,2,50,0.8660254037844386,0.5000000000000001,0.09,0.22,66.01,6.71,5.02,13.23,26.05,24.63,0.22,0.2504,25.44,0
2019-02-20,2,51,0.8660254037844386,0.5000000000000001,0.84,1.06,59.19,10.73,6.71,5.64,25.15,26.05,0.2108,0.2906,25.31,0
2019-02-21,2,52,0.8660254037844386,0.5000000000000001,1.1,2.16,56.97,13.24,10.73,5.02,25.71,25.15,0.2394,0.3007,25.44,0
2019-02-22,2,53,0.8660254037844386,0.5000000000000001,1.66,3.8,47.55,11.77,13.24,6.71,25.44,25.71,0.2098,0.2165,25.34,0
2019-02-23,2,54,0.8660254037844386,0.5000000000000001,3.38,7.14,31.84,15.86,11.77,10.73,25.31,25.44,0.1702,0.2595,25.1,0
2019-02-24,2,55,0.8660254037844386,0.5000000000000001,0.66,7.75,23.9,19.23,15.86,13.24,25.44,25.31,0.1879,0.3129,25.52,0
2019-02-25,2,56,0.8660254037844386,0.5000000000000001,1.72,9.45,25.33,18.74,19.23,11.77,25.34,25.44,0.1448,0.2587,24.15,0
2019-02-26,2,57,0.8660254037844386,0.5000000000000001,1.02,10.38,25.78,21.44,18.74,15.86,25.1,25.34,0.154,0.3102,24.62,0
2019-02-27,2,58,0.8660254037844386,0.5000000000000001,1.1,10.64,25.22,20.97,21.44,19.23,25.52,25.1,0.1794,0.2846,26.29,0
2019-02-28,2,59,0.8660254037844386,0.5000000000000001,4.63,14.17,26.25,17.25,20.97,18.74,24.15,25.52,0.1305,0.2332,25.25,0
2019-03-01,3,60,1.0,6.123233995736766e-17,3.05,15.56,28.28,19.16,17.25,21.44,24.62,24.15,0.1747,0.2582,24.96,0
2019-03-02,3,61,1.0,6.123233995736766e-17,1.88,14.06,30.14,18.47,19.16,20.97,26.29,24.62,0.1567,0.2642,25.88,0
2019-03-03,3,62,1.0,6.123233995736766e-17,0.16,13.56,28.53,17.42,18.47,17.25,25.25,26.29,0.1777,0.2385,25.48,0
2019-03-04,3,63,1.0,6.123233995736766e-17,0.8,12.64,23.79,22.33,17.42,19.16,24.96,25.25,0.1499,0.2352,25.86,0
2019-03-05,3,64,1.0,6.123233995736766e-17,1.17,12.79,24.69,10.82,22.33,18.47,25.88,24.96,0.1807,0.31,25.59,0
2019-03-06,3,65,1.0,6.123233995736766e-17,1.35,13.04,25.78,5.19,10.82,17.42,25.48,25.88,0.1736,0.2361,25.46,0
2019-03-07,3,66,1.0,6.123233995736766e-17,1.57,9.98,27.08,2.0,5.19,22.33,25.86,25.48,0.2024,0.2986,25.44,0
2019-03-08,3,67,1.0,6.123233995736766e-17,8.94,15.87,35.93,2.0,2.0,10.82,25.59,25.86,0.1825,0.2585,25.63,0
2019-03-09,3,68,1.0,6.123233995736766e-17,1.66,15.65,37.02,2.16,2.0,5.19,25.46,25.59,0.1679,0.2714,25.46,0
2019-03-10,3,69,1.0,6.123233995736766e-17,1.43,16.92,38.34,2.0,2.16,2.0,25.44,25.46,0.1796,0.2899,25.83,0
2019-03-11,3,70,1.0,6.123233995736766e-17,0.82,16.94,39.16,2.0,2.0,2.0,25.63,25.44,0.1584,0.2555,25.97,0
2019-03-12,3,71,1.0,6.123233995736766e-17,1.22,16.99,40.38,2.0,2.0,2.16,25.46,25.63,0.1945,0.2913,26.6,0
2019-03-13,3,72,1.0,6.123233995736766e-17,1.25,16.89,41.63,7.61,2.0,2.0,25.83,25.46,0.1993,0.2136,26.55,0
2019-03-14,3,73,1.0,6.123233995736766e-17,1.13,16.45,42.76,15.64,7.61,2.0,25.97,25.83,0.2379,0.2888,26.45,0
2019-03-15,3,74,1.0,6.123233995736766e-17,0.83,8.34,43.59,13.63,15.64,2.0,26.6,25.97,0.1768,0.2021,26.62,0
2019-03-16,3,75,1.0,6.123233995736766e-17,1.32,8.0,44.91,12.14,13.63,7.61,26.55,26.6,0.1851,0.2701,26.33,0
2019-03-17,3,76,1.0,6.123233995736766e-17,0.21,6.78,45.1,7.74,12.14,15.64,26.45,26.55,0.1791,0.3027,25.99,0
2019-03-18,3,77,1.0,6.123233995736766e-17,0.05,6.01,45.11,2.0,7.74,13.63,26.62,26.45,0.1948,0.2957,26.6,0
2019-03-19,3,78,1.0,6.123233995736766e-17,0.23,5.02,45.29,2.36,2.0,12.14,26.33,26.62,0.1984,0.2382,26.05,0
2019-03-20,3,79,1.0,6.123233995736766e-17,0.01,3.78,45.28,2.0,2.36,7.74,25.99,26.33,0.1897,0.2421,25.39,0
2019-03-21,3,80,1.0,6.123233995736766e-17,3.54,6.19,48.73,2.0,2.0,2.0,26.6,25.99,0.2156,0.2586,25.32,0
2019-03-22,3,81,1.0,6.123233995736766e-17,0.03,5.39,47.92,2.0,2.0,2.36,26.05,26.6,0.1808,0.2843,25.09,0
2019-03-23,3,82,1.0,6.123233995736766e-17,0.02,4.09,46.84,2.0,2.0,2.0,25.39,26.05,0.2119,0.2171,26.05,0
2019-03-24,3,83,1.0,6.123233995736766e-17,0.03,3.91,45.21,2.0,2.0,2.0,25.32,25.39,0.2015,0.2767,26.56,0
2019-03-25,3,84,1.0,6.123233995736766e-17,0.04,3.9,41.87,3.17,2.0,2.0,25.09,25.32,0.1874,0.2845,27.03,0
2019-03-26,3,85,1.0,6.123233995736766e-17,0.02,3.69,41.23,6.31,3.17,2.0,26.05,25.09,0.1808,0.2662,26.93,0
2019-03-27,3,86,1.0,6.123233995736766e-17,1.86,5.54,41.37,2.03,6.31,2.0,26.56,26.05,0.2358,0.2906,26.14,0
2019-03-28,3,87,1.0,6.123233995736766e-17,0.57,2.57,40.92,7.08,2.03,3.17,27.03,26.56,0.1705,0.2813,26.26,0
2019-03-29,3,88,1.0,6.123233995736766e-17,2.58,5.12,42.4,4.78,7.08,6.31,26.93,27.03,0.1941,0.2592,26.61,0
2019-03-30,3,89,1.0,6.123233995736766e-17,2.31,7.41,40.08,8.52,4.78,2.03,26.14,26.93,0.1711,0.216,26.82,0
2019-03-31,3,90,1.0,6.123233995736766e-17,3.58,10.96,40.61,9.13,8.52,7.08,26.26,26.14,0.2223,0.2784,27.27,0
2019-04-01,4,91,0.8660254037844387,-0.49999999999999983,0.63,11.55,39.36,4.17,9.13,4.78,26.61,26.26,0.2032,0.245,27.62,0
2019-04-02,4,92,0.8660254037844387,-0.49999999999999983,1.18,12.71,40.38,4.21,4.17,8.52,26.82,26.61,0.1728,0.2569,27.11,0
2019-04-03,4,93,0.8660254037844387,-0.49999999999999983,2.12,12.97,41.7,7.0,4.21,9.13,27.27,26.82,0.1978,0.2894,26.62,0
2019-04-04,4,94,0.8660254037844387,-0.49999999999999983,2.11,14.51,42.64,10.37,7.0,4.17,27.62,27.27,0.1935,0.3181,26.33,0
2019-04-05,4,95,0.8660254037844387,-0.49999999999999983,2.03,13.96,43.32,10.24,10.37,4.21,27.11,27.62,0.1787,0.2749,26.31,0
2019-04-06,4,96,0.8660254037844387,-0.49999999999999983,1.18,12.83,42.93,16.81,10.24,7.0,26.62,27.11,0.2038,0.2924,25.55,0
2019-04-07,4,97,0.8660254037844387,-0.49999999999999983,2.55,11.8,36.54,20.18,16.81,10.37,26.33,26.62,0.1907,0.2286,26.36,0
2019-04-08,4,98,0.8660254037844387,-0.49999999999999983,1.58,12.75,36.46,17.99,20.18,10.24,26.31,26.33,0.1871,0.2792,25.26,0
2019-04-09,4,99,0.8660254037844387,-0.49999999999999983,2.41,13.98,37.44,20.17,17.99,16.81,25.55,26.31,0.1829,0.2707,26.0,0
2019-04-10,4,100,0.8660254037844387,-0.49999999999999983,0.82,12.68,37.44,26.77,20.17,20.18,26.36,25.55,0.1923,0.3093,25.22,0
2019-04-11,4,101,0.8660254037844387,-0.49999999999999983,1.71,12.28,37.93,32.48,26.77,17.99,25.26,26.36,0.1887,0.2565,25.12,0
2019-04-12,4,102,0.8660254037844387,-0.49999999999999983,1.34,11.59,38.02,24.6,32.48,20.17,26.0,25.26,0.1854,0.2656,26.21,0
2019-04-13,4,103,0.8660254037844387,-0.49999999999999983,1.78,12.19,38.67,19.11,24.6,26.77,25.22,26.0,0.172,0.305,26.63,0
2019-04-14,4,104,0.8660254037844387,-0.49999999999999983,2.57,12.21,40.41,24.12,19.11,32.48,25.12,25.22,0.2202,0.2715,26.95,0
2019-04-15,4,105,0.8660254037844387,-0.49999999999999983,0.39,11.02,39.48,18.2,24.12,24.6,26.21,25.12,0.1645,0.2404,26.93,0
2019-04-16,4,106,0.8660254037844387,-0.49999999999999983,4.63,13.24,43.9,12.18,18.2,19.11,26.63,26.21,0.1981,0.3529,26.49,0
2019-04-17,4,107,0.8660254037844387,-0.49999999999999983,4.25,16.67,48.1,10.49,12.18,24.12,26.95,26.63,0.1869,0.2465,25.99,0
2019-04-18,4,108,0.8660254037844387,-0.49999999999999983,1.86,16.82,49.73,12.72,10.49,18.2,26.93,26.95,0.2299,0.2779,26.2,0
2019-04-19,4,109,0.8660254037844387,-0.49999999999999983,2.94,18.42,52.66,12.57,12.72,12.18,26.49,26.93,0.1793,0.292,25.6,0
2019-04-20,4,110,0.8660254037844387,-0.49999999999999983,9.21,25.85,58.33,10.36,12.57,10.49,25.99,26.49,0.1878,0.293,25.93,0
2019-04-21,4,111,0.8660254037844387,-0.49999999999999983,0.5,23.78,58.8,8.39,10.36,12.72,26.2,25.99,0.1835,0.2796,26.49,0
2019-04-22,4,112,0.8660254037844387,-0.49999999999999983,4.34,27.73,63.12,6.65,8.39,12.57,25.6,26.2,0.2133,0.2823,25.74,0
2019-04-23,4,113,0.8660254037844387,-0.49999999999999983,4.96,28.06,68.05,4.59,6.65,10.36,25.93,25.6,0.1838,0.2838,25.97,0
2019-04-24,4,114,0.8660254037844387,-0.49999999999999983,9.73,33.54,77.74,15.66,4.59,8.39,26.49,25.93,0.2104,0.2632,26.93,0
2019-04-25,4,115,0.8660254037844387,-0.49999999999999983,2.54,34.22,80.26,17.19,15.66,6.65,25.74,26.49,0.1792,0.3627,27.0,0
2019-04-26,4,116,0.8660254037844387,-0.49999999999999983,1.15,32.43,79.55,20.83,17.19,4.59,25.97,25.74,0.2264,0.2911,26.57,0
2019-04-27,4,117,0.8660254037844387,-0.49999999999999983,1.11,24.33,80.09,18.44,20.83,15.66,26.93,25.97,0.2121,0.316,26.21,0
2019-04-28,4,118,0.8660254037844387,-0.49999999999999983,4.46,28.29,81.97,17.65,18.44,17.19,27.0,26.93,0.194,0.2891,25.94,0
2019-04-29,4,119,0.8660254037844387,-0.49999999999999983,7.59,31.54,87.25,14.98,17.65,20.83,26.57,27.0,0.2502,0.2917,25.93,0
2019-04-30,4,120,0.8660254037844387,-0.49999999999999983,2.53,29.11,86.2,4.94,14.98,18.44,26.21,26.57,0.2014,0.2881,25.91,0
2019-05-01,5,121,0.49999999999999994,-0.8660254037844387,1.89,21.27,87.46,2.0,4.94,17.65,25.94,26.21,0.2447,0.256,25.84,0
2019-05-02,5,122,0.49999999999999994,-0.8660254037844387,0.7,19.43,86.98,2.0,2.0,14.98,25.93,25.94,0.2143,0.2974,26.06,0
2019-05-03,5,123,0.49999999999999994,-0.8660254037844387,1.4,19.68,86.26,2.0,2.0,4.94,25.91,25.93,0.2597,0.2895,25.95,0
2019-05-04,5,124,0.49999999999999994,-0.8660254037844387,4.57,23.14,88.72,2.0,2.0,2.0,25.84,25.91,0.2448,0.3384,26.0,0
2019-05-05,5,125,0.49999999999999994,-0.8660254037844387,0.26,18.94,86.95,2.0,2.0,2.0,26.06,25.84,0.2081,0.2663,25.63,0
2019-05-06,5,126,0.49999999999999994,-0.8660254037844387,4.4,15.75,90.17,2.91,2.0,2.0,25.95,26.06,0.2128,0.2868,25.65,0
2019-05-07,5,127,0.49999999999999994,-0.8660254037844387,12.89,26.11,100.51,10.75,2.91,2.0,26.0,25.95,0.2526,0.2834,26.17,0
2019-05-08,5,128,0.49999999999999994,-0.8660254037844387,22.36,46.58,121.29,14.29,10.75,2.0,25.63,26.0,0.2539,0.366,25.3,0
2019-05-09,5,129,0.49999999999999994,-0.8660254037844387,7.26,53.14,126.14,18.88,14.29,2.91,25.65,25.63,0.2601,0.2996,26.36,0
2019-05-10,5,130,0.49999999999999994,-0.8660254037844387,3.25,54.99,128.57,16.11,18.88,10.75,26.17,25.65,0.2912,0.344,25.44,0
2019-05-11,5,131,0.49999999999999994,-0.8660254037844387,3.47,53.89,130.33,19.49,16.11,14.29,25.3,26.17,0.2523,0.3573,25.69,0
2019-05-12,5,132,0.49999999999999994,-0.8660254037844387,7.42,61.05,136.41,23.31,19.49,18.88,26.36,25.3,0.2746,0.3275,24.73,0
2019-05-13,5,133,0.49999999999999994,-0.8660254037844387,8.29,64.94,142.92,21.46,23.31,16.11,25.44,26.36,0.2977,0.2944,24.48,0
2019-05-14,5,134,0.49999999999999994,-0.8660254037844387,5.42,57.47,145.77,24.51,21.46,19.49,25.69,25.44,0.2974,0.2965,25.29,0
2019-05-15,5,135,0.49999999999999994,-0.8660254037844387,49.37,84.48,194.75,28.02,24.51,23.31,24.73,25.69,0.3221,0.3926,25.4,0
2019-05-16,5,136,0.49999999999999994,-0.8660254037844387,19.25,96.47,209.37,26.82,28.02,21.46,24.48,24.73,0.3327,0.3378,25.3,0
2019-05-17,5,137,0.49999999999999994,-0.8660254037844387,0.12,93.34,205.24,23.46,26.82,24.51,25.29,24.48,0.2999,0.3849,25.47,1
2019-05-18,5,138,0.49999999999999994,-0.8660254037844387,0.72,90.59,204.1,20.36,23.46,28.02,25.4,25.29,0.3126,0.3759,25.03,0
2019-05-19,5,139,0.49999999999999994,-0.8660254037844387,0.15,83.32,201.31,22.77,20.36,26.82,25.3,25.4,0.3375,0.3821,25.95,1
2019-05-20,5,140,0.49999999999999994,-0.8660254037844387,3.06,78.09,195.16,25.7,22.77,23.46,25.47,25.3,0.3229,0.3812,26.16,0
2019-05-21,5,141,0.49999999999999994,-0.8660254037844387,2.17,74.84,196.83,23.76,25.7,20.36,25.03,25.47,0.3286,0.3401,25.66,0
2019-05-22,5,142,0.49999999999999994,-0.8660254037844387,0.54,26.01,193.03,25.36,23.76,22.77,25.95,25.03,0.3445,0.3366,26.09,0
2019-05-23,5,143,0.49999999999999994,-0.8660254037844387,2.54,9.3,190.61,28.87,25.36,25.7,26.16,25.95,0.2978,0.3858,25.34,0
2019-05-24,5,144,0.49999999999999994,-0.8660254037844387,3.14,12.32,184.02,31.96,28.87,23.76,25.66,26.16,0.3109,0.3415,25.67,0
2019-05-25,5,145,0.49999999999999994,-0.8660254037844387,1.38,12.98,182.86,38.33,31.96,25.36,26.09,25.66,0.3183,0.2772,25.42,0
2019-05-26,5,146,0.49999999999999994,-0.8660254037844387,3.29,16.12,185.0,42.72,38.33,28.87,25.34,26.09,0.3024,0.3805,24.83,0
2019-05-27,5,147,0.49999999999999994,-0.8660254037844387,1.42,14.48,185.31,37.39,42.72,31.96,25.67,25.34,0.3454,0.3301,25.22,0
2019-05-28,5,148,0.49999999999999994,-0.8660254037844387,4.89,17.2,185.74,43.64,37.39,38.33,25.42,25.67,0.3353,0.3755,25.23,0
2019-05-29,5,149,0.49999999999999994,-0.8660254037844387,11.48,28.14,189.63,40.2,43.64,42.72,24.83,25.42,0.3265,0.4056,24.84,0
2019-05-30,5,150,0.49999999999999994,-0.8660254037844387,9.57,35.17,196.67,43.76,40.2,37.39,25.22,24.83,0.3629,0.3685,24.79,0
2019-05-31,5,151,0.49999999999999994,-0.8660254037844387,7.58,39.61,202.36,43.03,43.76,43.64,25.23,25.22,0.3021,0.4013,25.34,0
2019-06-01,6,152,1.2246467991473532e-16,-1.0,8.27,46.5,209.93,40.67,43.03,40.2,24.84,25.23,0.3388,0.3806,25.19,1
2019-06-02,6,153,1.2246467991473532e-16,-1.0,3.97,47.18,212.5,33.18,40.67,43.76,24.79,24.84,0.3486,0.4251,24.68,0
2019-06-03,6,154,1.2246467991473532e-16,-1.0,0.96,46.72,208.89,33.35,33.18,43.03,25.34,24.79,0.3197,0.3435,24.49,0
2019-06-04,6,155,1.2246467991473532e-16,-1.0,7.79,49.62,216.42,28.14,33.35,40.67,25.19,25.34,0.3508,0.3796,24.78,0
2019-06-05,6,156,1.2246467991473532e-16,-1.0,4.13,42.27,216.15,33.88,28.14,33.18,24.68,25.19,0.3224,0.3999,24.71,0
2019-06-06,6,157,1.2246467991473532e-16,-1.0,5.59,38.29,208.85,40.89,33.88,33.35,24.49,24.68,0.3518,0.3696,25.06,0
2019-06-07,6,158,1.2246467991473532e-16,-1.0,7.62,38.33,194.11,37.4,40.89,28.14,24.78,24.49,0.3459,0.401,24.82,0
2019-06-08,6,159,1.2246467991473532e-16,-1.0,4.07,34.13,190.92,38.85,37.4,33.88,24.71,24.78,0.3273,0.3516,24.5,0
2019-06-09,6,160,1.2246467991473532e-16,-1.0,72.45,102.61,260.12,37.29,38.85,40.89,25.06,24.71,0.3471,0.4682,23.69,0
2019-06-10,6,161,1.2246467991473532e-16,-1.0,19.3,120.95,275.95,36.72,37.29,37.4,24.82,25.06,0.379,0.4792,25.17,1
2019-06-11,6,162,1.2246467991473532e-16,-1.0,1.14,114.3,269.67,41.82,36.72,38.85,24.5,24.82,0.404,0.4203,24.99,0
2019-06-12,6,163,1.2246467991473532e-16,-1.0,4.19,114.36,265.57,42.92,41.82,37.29,23.69,24.5,0.3894,0.4259,25.56,0
2019-06-13,6,164,1.2246467991473532e-16,-1.0,4.38,113.15,264.53,51.05,42.92,36.72,25.17,23.69,0.3342,0.4445,25.72,0
2019-06-14,6,165,1.2246467991473532e-16,-1.0,4.92,110.45,220.08,48.37,51.05,41.82,24.99,25.17,0.3729,0.3464,26.06,0
2019-06-15,6,166,1.2246467991473532e-16,-1.0,3.08,109.46,203.91,51.83,48.37,42.92,25.56,24.99,0.3363,0.333,25.95,1
2019-06-16,6,167,1.2246467991473532e-16,-1.0,2.4,39.41,206.19,51.32,51.83,51.05,25.72,25.56,0.3192,0.4114,26.08,0
2019-06-17,6,168,1.2246467991473532e-16,-1.0,6.19,26.3,211.66,53.89,51.32,48.37,26.06,25.72,0.3604,0.3852,25.0,0
2019-06-18,6,169,1.2246467991473532e-16,-1.0,0.79,25.95,212.3,51.24,53.89,51.83,25.95,26.06,0.3275,0.3706,25.04,0
2019-06-19,6,170,1.2246467991473532e-16,-1.0,1.14,22.9,210.38,50.66,51.24,51.32,26.08,25.95,0.3256,0.3766,24.84,0
2019-06-20,6,171,1.2246467991473532e-16,-1.0,4.29,22.81,212.5,50.08,50.66,53.89,25.0,26.08,0.3484,0.3059,24.87,0
2019-06-21,6,172,1.2246467991473532e-16,-1.0,5.9,23.79,217.86,46.94,50.08,51.24,25.04,25.0,0.3817,0.375,23.82,0
2019-06-22,6,173,1.2246467991473532e-16,-1.0,25.42,46.13,240.74,50.81,46.94,50.66,24.84,25.04,0.3991,0.3719,23.86,0
2019-06-23,6,174,1.2246467991473532e-16,-1.0,2.98,46.71,240.58,54.2,50.81,50.08,24.87,24.84,0.3737,0.4219,24.6,0
2019-06-24,6,175,1.2246467991473532e-16,-1.0,7.91,48.43,247.11,57.13,54.2,46.94,23.82,24.87,0.3816,0.4281,24.59,0
2019-06-25,6,176,1.2246467991473532e-16,-1.0,11.78,59.42,255.6,63.71,57.13,50.81,23.86,23.82,0.3959,0.4207,24.34,0
2019-06-26,6,177,1.2246467991473532e-16,-1.0,23.73,82.01,277.91,69.52,63.71,54.2,24.6,23.86,0.375,0.4286,24.66,0
2019-06-27,6,178,1.2246467991473532e-16,-1.0,15.67,93.39,288.69,67.53,69.52,57.13,24.59,24.6,0.4227,0.3783,25.35,0
2019-06-28,6,179,1.2246467991473532e-16,-1.0,20.79,108.28,298.0,69.17,67.53,63.71,24.34,24.59,0.4035,0.4465,25.35,0
2019-06-29,6,180,1.2246467991473532e-16,-1.0,4.02,86.88,292.45,66.67,69.17,69.52,24.66,24.34,0.4196,0.4444,25.24,1
2019-06-30,6,181,1.2246467991473532e-16,-1.0,5.74,89.64,290.61,67.29,66.67,67.53,25.35,24.66,0.407,0.4617,25.73,0
2019-07-01,7,182,-0.4999999999999998,-0.8660254037844388,9.53,91.26,291.87,65.55,67.29,69.17,25.35,25.35,0.4227,0.4887,24.18,0
2019-07-02,7,183,-0.4999999999999998,-0.8660254037844388,3.24,82.72,291.14,73.14,65.55,66.67,25.24,25.35,0.4144,0.3739,24.16,0
2019-07-03,7,184,-0.4999999999999998,-0.8660254037844388,4.47,63.46,294.65,74.84,73.14,67.29,25.73,25.24,0.3537,0.4151,25.77,1
2019-07-04,7,185,-0.4999999999999998,-0.8660254037844388,10.75,58.54,297.61,74.23,74.84,65.55,24.18,25.73,0.4214,0.4063,25.26,1
2019-07-05,7,186,-0.4999999999999998,-0.8660254037844388,1.35,39.1,294.83,79.53,74.23,73.14,24.16,24.18,0.4282,0.4321,24.07,0
2019-07-06,7,187,-0.4999999999999998,-0.8660254037844388,1.2,36.28,290.44,70.74,79.53,74.84,25.77,24.16,0.4203,0.4247,23.57,0
2019-07-07,7,188,-0.4999999999999998,-0.8660254037844388,3.3,33.84,286.12,64.05,70.74,74.23,25.26,25.77,0.4055,0.4146,24.09,0
2019-07-08,7,189,-0.4999999999999998,-0.8660254037844388,13.46,37.77,295.51,70.02,64.05,79.53,24.07,25.26,0.4488,0.4581,23.49,0
2019-07-09,7,190,-0.4999999999999998,-0.8660254037844388,5.02,39.55,228.08,71.19,70.02,70.74,23.57,24.07,0.3615,0.3538,23.42,0
2019-07-10,7,191,-0.4999999999999998,-0.8660254037844388,5.56,40.64,214.34,72.95,71.19,64.05,24.09,23.57,0.3517,0.3474,24.1,0
2019-07-11,7,192,-0.4999999999999998,-0.8660254037844388,30.63,60.52,243.83,68.93,72.95,70.02,23.49,24.09,0.3903,0.3656,25.06,1
2019-07-12,7,193,-0.4999999999999998,-0.8660254037844388,4.72,63.89,244.36,71.02,68.93,71.19,23.42,23.49,0.3772,0.3858,24.13,0
2019-07-13,7,194,-0.4999999999999998,-0.8660254037844388,1.26,63.95,241.24,81.11,71.02,72.95,24.1,23.42,0.3492,0.3579,24.53,0
2019-07-14,7,195,-0.4999999999999998,-0.8660254037844388,3.86,64.51,240.18,85.24,81.11,68.93,25.06,24.1,0.3174,0.3927,24.88,0
2019-07-15,7,196,-0.4999999999999998,-0.8660254037844388,7.19,58.24,244.29,86.49,85.24,71.02,24.13,25.06,0.3603,0.3916,23.91,0
2019-07-16,7,197,-0.4999999999999998,-0.8660254037844388,12.74,65.96,254.63,85.59,86.49,81.11,24.53,24.13,0.3944,0.3792,23.31,1
2019-07-17,7,198,-0.4999999999999998,-0.8660254037844388,1.35,61.75,249.79,85.22,85.59,85.24,24.88,24.53,0.3677,0.4261,23.91,0
2019-07-18,7,199,-0.4999999999999998,-0.8660254037844388,6.36,37.48,255.36,78.38,85.22,86.49,23.91,24.88,0.3958,0.4014,24.45,0
2019-07-19,7,200,-0.4999999999999998,-0.8660254037844388,13.89,46.65,268.11,82.64,78.38,85.59,23.31,23.91,0.3943,0.4427,23.89,1
2019-07-20,7,201,-0.4999999999999998,-0.8660254037844388,9.96,55.35,273.78,89.03,82.64,85.22,23.91,23.31,0.4222,0.4084,24.34,0
2019-07-21,7,202,-0.4999999999999998,-0.8660254037844388,1.84,53.33,269.72,85.02,89.03,78.38,24.45,23.91,0.3868,0.4111,24.42,1
2019-07-22,7,203,-0.4999999999999998,-0.8660254037844388,18.61,64.75,262.91,85.46,85.02,82.64,23.89,24.45,0.396,0.3909,24.88,1
2019-07-23,7,204,-0.4999999999999998,-0.8660254037844388,9.09,61.1,269.02,84.29,85.46,89.03,24.34,23.89,0.4022,0.4112,24.0,0
2019-07-24,7,205,-0.4999999999999998,-0.8660254037844388,6.39,66.14,267.5,84.37,84.29,85.02,24.42,24.34,0.4208,0.4319,24.29,0
2019-07-25,7,206,-0.4999999999999998,-0.8660254037844388,13.88,73.66,269.6,88.88,84.37,85.46,24.88,24.42,0.3585,0.3994,23.92,0
2019-07-26,7,207,-0.4999999999999998,-0.8660254037844388,19.33,79.1,265.2,84.41,88.88,84.29,24.0,24.88,0.3795,0.4247,23.56,0
2019-07-27,7,208,-0.4999999999999998,-0.8660254037844388,6.87,76.01,256.4,91.58,84.41,84.37,24.29,24.0,0.3977,0.3795,24.33,0
2019-07-28,7,209,-0.4999999999999998,-0.8660254037844388,10.35,84.52,245.96,98.39,91.58,88.88,23.92,24.29,0.4023,0.4203,24.8,1
2019-07-29,7,210,-0.4999999999999998,-0.8660254037844388,10.84,76.75,252.78,100.62,98.39,84.41,23.56,23.92,0.3823,0.3843,24.23,0
2019-07-30,7,211,-0.4999999999999998,-0.8660254037844388,1.49,69.15,248.53,93.85,100.62,91.58,24.33,23.56,0.3678,0.4247,23.48,1
2019-07-31,7,212,-0.4999999999999998,-0.8660254037844388,1.49,64.25,240.49,94.24,93.85,98.39,24.8,24.33,0.3816,0.3961,23.14,0
2019-08-01,8,213,-0.8660254037844384,-0.5000000000000004,9.84,60.21,247.09,103.94,94.24,100.62,24.23,24.8,0.3898,0.4439,23.95,1
2019-08-02,8,214,-0.8660254037844384,-0.5000000000000004,14.18,55.06,256.8,96.66,103.94,93.85,23.48,24.23,0.3739,0.3695,23.44,0
2019-08-03,8,215,-0.8660254037844384,-0.5000000000000004,3.92,52.11,249.97,100.41,96.66,94.24,23.14,23.48,0.3816,0.3557,23.98,0
2019-08-04,8,216,-0.8660254037844384,-0.5000000000000004,1.24,43.0,249.86,100.6,100.41,103.94,23.95,23.14,0.3985,0.3814,24.31,0
2019-08-05,8,217,-0.8660254037844384,-0.5000000000000004,4.1,36.26,252.76,109.08,100.6,96.66,23.44,23.95,0.4153,0.3601,23.25,0
2019-08-06,8,218,-0.8660254037844384,-0.5000000000000004,4.58,39.35,254.04,110.73,109.08,100.41,23.98,23.44,0.3935,0.3609,23.97,1
2019-08-07,8,219,-0.8660254037844384,-0.5000000000000004,4.65,42.51,245.23,116.63,110.73,100.6,24.31,23.98,0.3716,0.4158,23.95,1
2019-08-08,8,220,-0.8660254037844384,-0.5000000000000004,27.2,59.87,267.41,123.0,116.63,109.08,23.25,24.31,0.3896,0.4103,24.39,0
2019-08-09,8,221,-0.8660254037844384,-0.5000000000000004,2.21,47.9,264.06,133.77,123.0,110.73,23.97,23.25,0.3988,0.394,24.05,0
2019-08-10,8,222,-0.8660254037844384,-0.5000000000000004,1.34,45.32,234.77,134.55,133.77,116.63,23.95,23.97,0.359,0.3793,24.38,1
2019-08-11,8,223,-0.8660254037844384,-0.5000000000000004,1.37,45.45,231.42,137.79,134.55,123.0,24.39,23.95,0.3621,0.3709,24.57,1
2019-08-12,8,224,-0.8660254037844384,-0.5000000000000004,2.35,43.7,232.51,133.42,137.79,133.77,24.05,24.39,0.3381,0.439,24.31,0
2019-08-13,8,225,-0.8660254037844384,-0.5000000000000004,3.72,42.84,232.37,140.71,133.42,134.55,24.38,24.05,0.3851,0.3674,24.2,0
2019-08-14,8,226,-0.8660254037844384,-0.5000000000000004,0.66,38.85,225.84,139.27,140.71,137.79,24.57,24.38,0.3305,0.3458,24.42,0
2019-08-15,8,227,-0.8660254037844384,-0.5000000000000004,0.46,12.11,213.56,138.92,139.27,133.42,24.31,24.57,0.3336,0.402,24.1,0
2019-08-16,8,228,-0.8660254037844384,-0.5000000000000004,0.82,10.72,213.03,141.04,138.92,140.71,24.2,24.31,0.3437,0.3713,23.39,1
2019-08-17,8,229,-0.8660254037844384,-0.5000000000000004,1.73,11.11,208.4,136.87,141.04,139.27,24.42,24.2,0.3774,0.4362,24.24,0
2019-08-18,8,230,-0.8660254037844384,-0.5000000000000004,1.44,11.18,195.95,140.52,136.87,138.92,24.1,24.42,0.3179,0.3518,24.21,1
2019-08-19,8,231,-0.8660254037844384,-0.5000000000000004,9.73,18.56,195.72,146.84,140.52,141.04,23.39,24.1,0.3128,0.3928,23.91,1
2019-08-20,8,232,-0.8660254037844384,-0.5000000000000004,4.08,18.92,197.96,149.78,146.84,136.87,24.24,23.39,0.3171,0.4012,23.78,0
2019-08-21,8,233,-0.8660254037844384,-0.5000000000000004,5.55,23.81,184.9,144.76,149.78,140.52,24.21,24.24,0.3496,0.3453,23.78,1
2019-08-22,8,234,-0.8660254037844384,-0.5000000000000004,12.37,35.72,188.18,146.63,144.76,146.84,23.91,24.21,0.2631,0.3406,23.71,1
2019-08-23,8,235,-0.8660254037844384,-0.5000000000000004,14.0,48.9,195.79,152.03,146.63,149.78,23.78,23.91,0.3062,0.3897,24.06,1
2019-08-24,8,236,-0.8660254037844384,-0.5000000000000004,1.59,48.76,183.5,146.12,152.03,144.76,23.78,23.78,0.3698,0.3773,24.13,1
2019-08-25,8,237,-0.8660254037844384,-0.5000000000000004,1.44,48.76,165.61,144.17,146.12,146.63,23.71,23.78,0.3109,0.307,23.26,1
2019-08-26,8,238,-0.8660254037844384,-0.5000000000000004,2.83,41.86,161.57,150.43,144.17,152.03,24.06,23.71,0.2733,0.3131,24.66,1
2019-08-27,8,239,-0.8660254037844384,-0.5000000000000004,3.23,41.01,154.45,153.35,150.43,146.12,24.13,24.06,0.2882,0.2666,24.35,1
2019-08-28,8,240,-0.8660254037844384,-0.5000000000000004,6.23,41.69,149.84,156.47,153.35,144.17,23.26,24.13,0.2862,0.3578,25.09,1
2019-08-29,8,241,-0.8660254037844384,-0.5000000000000004,3.57,32.89,151.92,165.08,156.47,150.43,24.66,23.26,0.3037,0.3333,23.65,1
2019-08-30,8,242,-0.8660254037844384,-0.5000000000000004,3.97,22.86,154.4,167.0,165.08,153.35,24.35,24.66,0.3258,0.3378,24.44,1
2019-08-31,8,243,-0.8660254037844384,-0.5000000000000004,11.53,32.8,156.09,169.54,167.0,156.47,25.09,24.35,0.2983,0.2929,25.41,1
2019-09-01,9,244,-1.0,-1.8369701987210297e-16,62.06,93.42,203.97,180.86,169.54,165.08,23.65,25.09,0.3228,0.3394,24.27,1
2019-09-02,9,245,-1.0,-1.8369701987210297e-16,7.74,98.33,207.79,178.93,180.86,167.0,24.44,23.65,0.3528,0.3603,24.75,1
2019-09-03,9,246,-1.0,-1.8369701987210297e-16,2.9,98.0,209.45,175.05,178.93,169.54,25.41,24.44,0.3245,0.3555,23.75,1
2019-09-04,9,247,-1.0,-1.8369701987210297e-16,19.88,111.65,225.23,176.99,175.05,180.86,24.27,25.41,0.332,0.3887,24.14,1
2019-09-05,9,248,-1.0,-1.8369701987210297e-16,8.95,117.03,229.6,178.8,176.99,178.93,24.75,24.27,0.3214,0.4053,24.34,1
2019-09-06,9,249,-1.0,-1.8369701987210297e-16,6.61,119.67,231.56,176.54,178.8,175.05,23.75,24.75,0.3271,0.457,24.39,1
2019-09-07,9,250,-1.0,-1.8369701987210297e-16,4.2,112.34,208.56,172.18,176.54,176.99,24.14,23.75,0.3198,0.3745,24.72,1
2019-09-08,9,251,-1.0,-1.8369701987210297e-16,4.08,54.36,210.43,181.87,172.18,178.8,24.34,24.14,0.3158,0.4097,23.78,1
2019-09-09,9,252,-1.0,-1.8369701987210297e-16,11.12,57.74,220.21,182.33,181.87,176.54,24.39,24.34,0.3545,0.3572,24.29,1
2019-09-10,9,253,-1.0,-1.8369701987210297e-16,9.19,64.03,228.03,178.59,182.33,172.18,24.72,24.39,0.3312,0.3366,24.2,1
2019-09-11,9,254,-1.0,-1.8369701987210297e-16,17.81,61.96,243.49,182.23,178.59,181.87,23.78,24.72,0.3063,0.3855,24.56,1
2019-09-12,9,255,-1.0,-1.8369701987210297e-16,3.24,56.25,243.01,181.15,182.23,182.33,24.29,23.78,0.3478,0.3479,24.28,1
2019-09-13,9,256,-1.0,-1.8369701987210297e-16,5.34,54.98,247.69,179.66,181.15,178.59,24.2,24.29,0.3635,0.3991,24.97,1
2019-09-14,9,257,-1.0,-1.8369701987210297e-16,6.28,57.06,253.51,181.67,179.66,182.23,24.56,24.2,0.3661,0.3787,24.67,0
2019-09-15,9,258,-1.0,-1.8369701987210297e-16,15.84,68.82,268.53,176.12,181.67,181.15,24.28,24.56,0.4221,0.3525,24.82,1
2019-09-16,9,259,-1.0,-1.8369701987210297e-16,15.95,73.65,282.75,178.11,176.12,179.66,24.97,24.28,0.3922,0.4717,24.6,1
2019-09-17,9,260,-1.0,-1.8369701987210297e-16,23.53,87.99,304.84,186.31,178.11,181.67,24.67,24.97,0.442,0.4168,25.18,1
2019-09-18,9,261,-1.0,-1.8369701987210297e-16,30.63,100.81,325.74,187.72,186.31,176.12,24.82,24.67,0.4428,0.3963,25.13,1
2019-09-19,9,262,-1.0,-1.8369701987210297e-16,14.22,111.79,335.88,185.56,187.72,178.11,24.6,24.82,0.4514,0.4785,24.68,1
2019-09-20,9,263,-1.0,-1.8369701987210297e-16,13.2,119.65,343.53,183.17,185.56,186.31,25.18,24.6,0.4425,0.4343,24.95,1
2019-09-21,9,264,-1.0,-1.8369701987210297e-16,4.64,118.01,335.8,181.2,183.17,187.72,25.13,25.18,0.451,0.4842,24.79,1
2019-09-22,9,265,-1.0,-1.8369701987210297e-16,8.2,110.37,330.0,179.85,181.2,185.56,24.68,25.13,0.4317,0.426,24.65,1
2019-09-23,9,266,-1.0,-1.8369701987210297e-16,6.25,100.67,334.66,178.08,179.85,183.17,24.95,24.68,0.4546,0.4346,24.62,1
2019-09-24,9,267,-1.0,-1.8369701987210297e-16,4.42,81.56,337.64,181.58,178.08,181.2,24.79,24.95,0.4492,0.4629,23.84,1
2019-09-25,9,268,-1.0,-1.8369701987210297e-16,8.87,59.8,343.68,173.84,181.58,179.85,24.65,24.79,0.4404,0.474,24.33,1
2019-09-26,9,269,-1.0,-1.8369701987210297e-16,8.08,53.66,348.53,177.48,173.84,178.08,24.62,24.65,0.4835,0.4822,24.47,1
2019-09-27,9,270,-1.0,-1.8369701987210297e-16,76.86,117.32,419.16,176.63,177.48,181.58,23.84,24.62,0.5358,0.4988,23.36,1
2019-09-28,9,271,-1.0,-1.8369701987210297e-16,7.32,120.0,422.91,178.74,176.63,173.84,24.33,23.84,0.5217,0.5196,24.29,1
2019-09-29,9,272,-1.0,-1.8369701987210297e-16,0.91,112.71,419.85,174.19,178.74,177.48,24.47,24.33,0.5308,0.5243,23.72,1
2019-09-30,9,273,-1.0,-1.8369701987210297e-16,56.87,163.33,465.19,180.68,174.19,176.63,23.36,24.47,0.567,0.5351,24.01,1
2019-10-01,10,274,-0.8660254037844386,0.5000000000000001,39.05,197.96,442.18,185.17,180.68,178.74,24.29,23.36,0.5306,0.511,23.46,1
2019-10-02,10,275,-0.8660254037844386,0.5000000000000001,17.07,206.16,451.51,187.72,185.17,174.19,23.72,24.29,0.5578,0.4775,23.88,1
2019-10-03,10,276,-0.8660254037844386,0.5000000000000001,21.53,219.61,470.14,180.02,187.72,180.68,24.01,23.72,0.5607,0.5501,24.61,1
2019-10-04,10,277,-0.8660254037844386,0.5000000000000001,15.24,157.99,465.5,182.46,180.02,185.17,23.46,24.01,0.5501,0.5306,24.01,1
2019-10-05,10,278,-0.8660254037844386,0.5000000000000001,7.63,158.3,464.18,182.5,182.46,187.72,23.88,23.46,0.5353,0.5161,23.38,1
2019-10-06,10,279,-0.8660254037844386,0.5000000000000001,0.65,158.04,458.22,174.07,182.5,180.02,24.61,23.88,0.5552,0.5633,24.3,1
2019-10-07,10,280,-0.8660254037844386,0.5000000000000001,114.07,215.24,568.09,174.89,174.07,182.46,24.01,24.61,0.6726,0.548,24.32,1
2019-10-08,10,281,-0.8660254037844386,0.5000000000000001,17.75,193.94,581.76,177.05,174.89,182.5,23.38,24.01,0.6597,0.6484,24.2,1
2019-10-09,10,282,-0.8660254037844386,0.5000000000000001,4.5,181.37,575.14,179.21,177.05,174.07,24.3,23.38,0.718,0.5944,24.15,1
2019-10-10,10,283,-0.8660254037844386,0.5000000000000001,6.73,166.57,572.68,179.16,179.21,174.89,24.32,24.3,0.6831,0.6031,24.16,1
2019-10-11,10,284,-0.8660254037844386,0.5000000000000001,11.6,162.93,566.47,179.12,179.16,177.05,24.2,24.32,0.6859,0.578,25.68,1
2019-10-12,10,285,-0.8660254037844386,0.5000000000000001,57.24,212.54,620.47,184.45,179.12,179.21,24.15,24.2,0.7243,0.5723,24.57,1
2019-10-13,10,286,-0.8660254037844386,0.5000000000000001,8.29,220.18,623.42,187.71,184.45,179.16,24.16,24.15,0.7481,0.6199,23.52,1
2019-10-14,10,287,-0.8660254037844386,0.5000000000000001,1.65,107.76,618.79,173.68,187.71,179.12,25.68,24.16,0.6912,0.6313,24.6,1
2019-10-15,10,288,-0.8660254037844386,0.5000000000000001,7.63,97.64,610.58,171.47,173.68,184.45,24.57,25.68,0.6483,0.6366,24.35,1
2019-10-16,10,289,-0.8660254037844386,0.5000000000000001,30.84,123.98,625.47,170.13,171.47,187.71,23.52,24.57,0.704,0.6193,23.94,1
2019-10-17,10,290,-0.8660254037844386,0.5000000000000001,12.45,129.7,614.39,162.1,170.13,173.68,24.6,23.52,0.7141,0.5529,23.46,1
2019-10-18,10,291,-0.8660254037844386,0.5000000000000001,13.2,131.3,596.96,162.01,162.1,171.47,24.35,24.6,0.6903,0.5619,23.73,1
2019-10-19,10,292,-0.8660254037844386,0.5000000000000001,13.63,87.69,596.37,166.2,162.01,170.13,23.94,24.35,0.6922,0.6694,25.33,1
2019-10-20,10,293,-0.8660254037844386,0.5000000000000001,1.5,80.9,584.67,159.88,166.2,162.1,23.46,23.94,0.7026,0.568,25.13,1
2019-10-21,10,294,-0.8660254037844386,0.5000000000000001,0.01,79.26,580.04,159.78,159.88,162.01,23.73,23.46,0.6797,0.6408,24.62,1
2019-10-22,10,295,-0.8660254037844386,0.5000000000000001,1.09,72.72,572.93,154.22,159.78,166.2,25.33,23.73,0.6816,0.5657,24.97,1
2019-10-23,10,296,-0.8660254037844386,0.5000000000000001,6.53,48.41,573.21,150.16,154.22,159.88,25.13,25.33,0.6471,0.5885,24.23,1
2019-10-24,10,297,-0.8660254037844386,0.5000000000000001,16.44,52.4,585.23,155.19,150.16,159.78,24.62,25.13,0.6548,0.6199,24.46,1
2019-10-25,10,298,-0.8660254037844386,0.5000000000000001,3.35,42.55,579.71,150.97,155.19,154.22,24.97,24.62,0.704,0.5732,23.91,1
2019-10-26,10,299,-0.8660254037844386,0.5000000000000001,22.92,51.84,594.55,151.35,150.97,150.16,24.23,24.97,0.6871,0.6545,24.03,1
2019-10-27,10,300,-0.8660254037844386,0.5000000000000001,17.95,68.29,535.64,140.97,151.35,155.19,24.46,24.23,0.6196,0.5737,24.54,1
2019-10-28,10,301,-0.8660254037844386,0.5000000000000001,14.99,83.27,543.31,146.9,140.97,150.97,23.91,24.46,0.6266,0.5898,24.92,1
2019-10-29,10,302,-0.8660254037844386,0.5000000000000001,9.1,91.28,551.5,146.76,146.9,151.35,24.03,23.91,0.6334,0.5729,25.18,1
2019-10-30,10,303,-0.8660254037844386,0.5000000000000001,5.74,90.49,500.37,142.27,146.76,140.97,24.54,24.03,0.5862,0.57,23.63,1
2019-10-31,10,304,-0.8660254037844386,0.5000000000000001,2.27,76.32,463.59,140.54,142.27,146.9,24.92,24.54,0.5416,0.5755,24.45,1
2019-11-01,11,305,-0.5000000000000004,0.8660254037844384,1.56,74.53,448.08,130.56,140.54,146.76,25.18,24.92,0.5233,0.5149,26.28,0
2019-11-02,11,306,-0.5000000000000004,0.8660254037844384,13.79,65.4,440.34,132.02,130.56,142.27,23.63,25.18,0.5424,0.5661,25.88,0
2019-11-03,11,307,-0.5000000000000004,0.8660254037844384,5.25,52.7,430.35,126.78,132.02,140.54,24.45,23.63,0.5255,0.4899,26.58,1
2019-11-04,11,308,-0.5000000000000004,0.8660254037844384,0.33,38.04,423.05,122.41,126.78,130.56,26.28,24.45,0.5529,0.5268,26.17,0
2019-11-05,11,309,-0.5000000000000004,0.8660254037844384,1.81,30.75,424.21,117.3,122.41,132.02,25.88,26.28,0.5377,0.5192,26.21,0
2019-11-06,11,310,-0.5000000000000004,0.8660254037844384,1.14,26.15,311.28,110.31,117.3,126.78,26.58,25.88,0.4355,0.4047,26.6,0
2019-11-07,11,311,-0.5000000000000004,0.8660254037844384,0.31,24.19,293.84,108.9,110.31,122.41,26.17,26.58,0.3996,0.4327,25.13,0
2019-11-08,11,312,-0.5000000000000004,0.8660254037844384,0.2,22.83,289.54,105.63,108.9,117.3,26.21,26.17,0.4082,0.4239,25.37,1
2019-11-09,11,313,-0.5000000000000004,0.8660254037844384,0.14,9.18,282.95,104.07,105.63,110.31,26.6,26.21,0.4119,0.3942,25.09,0
2019-11-10,11,314,-0.5000000000000004,0.8660254037844384,0.39,4.32,271.74,99.68,104.07,108.9,25.13,26.6,0.4089,0.4238,25.18,1
2019-11-11,11,315,-0.5000000000000004,0.8660254037844384,0.86,4.85,215.36,96.79,99.68,105.63,25.37,25.13,0.3419,0.3836,25.18,0
2019-11-12,11,316,-0.5000000000000004,0.8660254037844384,9.34,12.38,216.41,90.4,96.79,104.07,25.09,25.37,0.3664,0.3777,25.79,1
2019-11-13,11,317,-0.5000000000000004,0.8660254037844384,7.58,18.82,222.34,95.46,90.4,99.68,25.18,25.09,0.3503,0.3813,26.38,1
2019-11-14,11,318,-0.5000000000000004,0.8660254037844384,1.53,20.04,216.24,84.26,95.46,96.79,25.18,25.18,0.3605,0.377,25.7,0
2019-11-15,11,319,-0.5000000000000004,0.8660254037844384,0.41,20.25,185.81,85.31,84.26,90.4,25.79,25.18,0.3074,0.3505,25.49,0
2019-11-16,11,320,-0.5000000000000004,0.8660254037844384,0.68,20.79,174.04,86.22,85.31,95.46,26.38,25.79,0.2704,0.3586,26.22,0
2019-11-17,11,321,-0.5000000000000004,0.8660254037844384,1.14,21.54,161.98,77.71,86.22,84.26,25.7,26.38,0.3011,0.3279,26.39,0
2019-11-18,11,322,-0.5000000000000004,0.8660254037844384,1.08,21.76,149.43,82.4,77.71,85.31,25.49,25.7,0.299,0.4194,25.25,0
2019-11-19,11,323,-0.5000000000000004,0.8660254037844384,2.16,14.58,150.09,81.29,82.4,86.22,26.22,25.49,0.2966,0.2978,25.67,0
2019-11-20,11,324,-0.5000000000000004,0.8660254037844384,1.41,8.41,151.49,80.1,81.29,77.71,26.39,26.22,0.2948,0.3234,25.25,0
2019-11-21,11,325,-0.5000000000000004,0.8660254037844384,3.98,10.86,154.38,75.22,80.1,82.4,25.25,26.39,0.282,0.3275,26.08,0
2019-11-22,11,326,-0.5000000000000004,0.8660254037844384,0.61,11.06,148.46,69.82,75.22,81.29,25.67,25.25,0.2675,0.4003,26.29,0
2019-11-23,11,327,-0.5000000000000004,0.8660254037844384,0.25,10.63,132.27,64.82,69.82,80.1,25.25,25.67,0.2801,0.2898,26.32,0
2019-11-24,11,328,-0.5000000000000004,0.8660254037844384,0.27,9.76,129.19,62.78,64.82,75.22,26.08,25.25,0.2748,0.3403,25.79,0
2019-11-25,11,329,-0.5000000000000004,0.8660254037844384,0.12,8.8,106.39,64.54,62.78,69.82,26.29,26.08,0.2345,0.3213,25.58,0
2019-11-26,11,330,-0.5000000000000004,0.8660254037844384,0.14,6.78,88.58,60.7,64.54,64.82,26.32,26.29,0.2519,0.3132,24.89,1
2019-11-27,11,331,-0.5000000000000004,0.8660254037844384,1.01,6.38,74.6,52.69,60.7,62.78,25.79,26.32,0.1995,0.3319,24.41,0
2019-11-28,11,332,-0.5000000000000004,0.8660254037844384,1.33,3.73,66.83,52.56,52.69,64.54,25.58,25.79,0.1985,0.3266,24.68,1
2019-11-29,11,333,-0.5000000000000004,0.8660254037844384,0.19,3.31,61.28,52.62,52.56,60.7,24.89,25.58,0.2379,0.2732,25.03,0
2019-11-30,11,334,-0.5000000000000004,0.8660254037844384,0.05,3.11,59.06,51.46,52.62,52.69,24.41,24.89,0.2205,0.2913,25.65,0
2019-12-01,12,335,-2.4492935982947064e-16,1.0,0.43,3.27,57.93,50.71,51.46,52.56,24.68,24.41,0.195,0.2288,25.99,0
2019-12-02,12,336,-2.4492935982947064e-16,1.0,2.9,6.05,47.04,45.72,50.71,52.62,25.03,24.68,0.1981,0.2812,24.81,0
2019-12-03,12,337,-2.4492935982947064e-16,1.0,0.17,6.08,41.96,38.65,45.72,51.46,25.65,25.03,0.1909,0.2514,24.96,0
2019-12-04,12,338,-2.4492935982947064e-16,1.0,0.4,5.47,42.03,32.79,38.65,50.71,25.99,25.65,0.1329,0.2696,24.65,0
2019-12-05,12,339,-2.4492935982947064e-16,1.0,12.72,16.86,52.94,24.86,32.79,45.72,24.81,25.99,0.1795,0.2312,25.24,0
2019-12-06,12,340,-2.4492935982947064e-16,1.0,9.25,25.92,61.05,25.66,24.86,38.65,24.96,24.81,0.2039,0.2988,25.35,0
2019-12-07,12,341,-2.4492935982947064e-16,1.0,0.06,25.93,60.8,24.99,25.66,32.79,24.65,24.96,0.1976,0.2356,24.52,0
2019-12-08,12,342,-2.4492935982947064e-16,1.0,1.46,26.96,62.06,22.93,24.99,24.86,25.24,24.65,0.2108,0.2917,25.11,0
2019-12-09,12,343,-2.4492935982947064e-16,1.0,1.06,25.12,62.98,11.07,22.93,25.66,25.35,25.24,0.2293,0.251,25.14,0
2019-12-10,12,344,-2.4492935982947064e-16,1.0,0.72,25.67,63.31,7.76,11.07,24.99,24.52,25.35,0.2005,0.2625,24.01,0
2019-12-11,12,345,-2.4492935982947064e-16,1.0,0.25,25.52,62.7,14.34,7.76,22.93,25.11,24.52,0.1853,0.3223,24.61,0
2019-12-12,12,346,-2.4492935982947064e-16,1.0,2.89,15.69,56.25,12.62,14.34,11.07,25.14,25.11,0.2071,0.3014,23.89,0
2019-12-13,12,347,-2.4492935982947064e-16,1.0,0.32,6.76,48.99,15.07,12.62,7.76,24.01,25.14,0.1876,0.3139,23.79,0
2019-12-14,12,348,-2.4492935982947064e-16,1.0,0.06,6.76,47.52,10.07,15.07,14.34,24.61,24.01,0.1896,0.3253,24.98,0
2019-12-15,12,349,-2.4492935982947064e-16,1.0,0.0,5.3,47.11,17.08,10.07,12.62,23.89,24.61,0.1866,0.2551,26.1,0
2019-12-16,12,350,-2.4492935982947064e-16,1.0,0.0,4.24,46.43,16.64,17.08,15.07,23.79,23.89,0.2366,0.3228,24.17,0
2019-12-17,12,351,-2.4492935982947064e-16,1.0,0.0,3.52,45.29,17.94,16.64,10.07,24.98,23.79,0.1459,0.2332,24.21,0
2019-12-18,12,352,-2.4492935982947064e-16,1.0,0.0,3.27,44.21,27.13,17.94,17.08,26.1,24.98,0.182,0.2989,24.22,0
2019-12-19,12,353,-2.4492935982947064e-16,1.0,0.02,0.4,42.07,31.63,27.13,16.64,24.17,26.1,0.1878,0.2604,22.75,0
2019-12-20,12,354,-2.4492935982947064e-16,1.0,0.0,0.08,40.66,28.09,31.63,17.94,24.21,24.17,0.171,0.2465,21.65,0
2019-12-21,12,355,-2.4492935982947064e-16,1.0,0.15,0.17,36.83,23.84,28.09,27.13,24.22,24.21,0.2011,0.2905,22.41,0
2019-12-22,12,356,-2.4492935982947064e-16,1.0,0.0,0.17,36.22,21.25,23.84,31.63,22.75,24.22,0.1989,0.3001,23.69,0
2019-12-23,12,357,-2.4492935982947064e-16,1.0,0.0,0.17,35.97,22.35,21.25,28.09,21.65,22.75,0.1814,0.299,23.43,0
2019-12-24,12,358,-2.4492935982947064e-16,1.0,0.0,0.17,35.7,20.79,22.35,23.84,22.41,21.65,0.1767,0.2779,23.25,0
2019-12-25,12,359,-2.4492935982947064e-16,1.0,0.0,0.17,35.58,18.28,20.79,21.25,23.69,22.41,0.1798,0.2753,23.08,0
2019-12-26,12,360,-2.4492935982947064e-16,1.0,0.0,0.15,35.44,23.57,18.28,22.35,23.43,23.69,0.1798,0.2871,21.32,0
2019-12-27,12,361,-2.4492935982947064e-16,1.0,0.0,0.15,34.43,21.7,23.57,20.79,23.25,23.43,0.1794,0.2798,21.11,0
2019-12-28,12,362,-2.4492935982947064e-16,1.0,0.0,0.0,33.1,29.71,21.7,18.28,23.08,23.25,0.176,0.2861,21.59,0
2019-12-29,12,363,-2.4492935982947064e-16,1.0,0.0,0.0,32.91,27.67,29.71,23.57,21.32,23.08,0.1847,0.2759,20.74,0
2019-12-30,12,364,-2.4492935982947064e-16,1.0,0.0,0.0,32.86,32.69,27.67,21.7,21.11,21.32,0.1946,0.295,19.44,0
2019-12-31,12,365,-2.4492935982947064e-16,1.0,0.0,0.0,32.43,31.21,32.69,29.71,21.59,21.11,0.1546,0.2206,19.41,0
2020-01-01,1,1,0.49999999999999994,0.8660254037844387,0.0,0.0,29.53,32.12,31.21,27.67,20.74,21.59,0.1556,0.2638,20.31,0
2020-01-02,1,2,0.49999999999999994,0.8660254037844387,0.0,0.0,29.36,26.13,32.12,32.69,19.44,20.74,0.1415,0.2261,21.69,0
2020-01-03,1,3,0.49999999999999994,0.8660254037844387,0.0,0.0,28.96,20.52,26.13,31.21,19.41,19.44,0.1934,0.2757,24.04,0
2020-01-04,1,4,0.49999999999999994,0.8660254037844387,0.0,0.0,16.24,20.77,20.52,32.12,20.31,19.41,0.1696,0.309,23.82,0
2020-01-05,1,5,0.49999999999999994,0.8660254037844387,0.0,0.0,6.99,22.93,20.77,26.13,21.69,20.31,0.1664,0.24,24.63,0
2020-01-06,1,6,0.49999999999999994,0.8660254037844387,0.0,0.0,6.93,20.98,22.93,20.52,24.04,21.69,0.1276,0.258,23.5,0
2020-01-07,1,7,0.49999999999999994,0.8660254037844387,0.0,0.0,5.47,13.99,20.98,20.77,23.82,24.04,0.1906,0.276,23.61,0
2020-01-08,1,8,0.49999999999999994,0.8660254037844387,0.0,0.0,4.41,7.73,13.99,22.93,24.63,23.82,0.1418,0.1906,24.4,0
2020-01-09,1,9,0.49999999999999994,0.8660254037844387,0.0,0.0,3.69,2.13,7.73,20.98,23.5,24.63,0.1567,0.2366,25.83,0
2020-01-10,1,10,0.49999999999999994,0.8660254037844387,0.0,0.0,3.44,2.0,2.13,13.99,23.61,23.5,0.1702,0.263,26.32,0
2020-01-11,1,11,0.49999999999999994,0.8660254037844387,0.16,0.16,0.71,2.0,2.0,7.73,24.4,23.61,0.1309,0.1635,25.78,0
2020-01-12,1,12,0.49999999999999994,0.8660254037844387,0.11,0.27,0.5,4.22,2.0,2.13,25.83,24.4,0.1395,0.221,25.25,0
2020-01-13,1,13,0.49999999999999994,0.8660254037844387,0.04,0.31,0.48,4.74,4.22,2.0,26.32,25.83,0.154,0.2833,23.77,0
2020-01-14,1,14,0.49999999999999994,0.8660254037844387,0.04,0.35,0.52,2.0,4.74,2.0,25.78,26.32,0.2076,0.2804,23.31,0
2020-01-15,1,15,0.49999999999999994,0.8660254037844387,0.01,0.36,0.53,2.0,2.0,4.22,25.25,25.78,0.1565,0.2615,22.66,0
2020-01-16,1,16,0.49999999999999994,0.8660254037844387,0.0,0.36,0.53,2.0,2.0,4.74,23.77,25.25,0.1826,0.2768,22.77,0
2020-01-17,1,17,0.49999999999999994,0.8660254037844387,0.0,0.36,0.53,8.06,2.0,2.0,23.31,23.77,0.1746,0.2568,23.96,0
2020-01-18,1,18,0.49999999999999994,0.8660254037844387,0.0,0.2,0.51,2.23,8.06,2.0,22.66,23.31,0.1578,0.267,24.66,0
2020-01-19,1,19,0.49999999999999994,0.8660254037844387,0.0,0.09,0.51,2.0,2.23,2.0,22.77,22.66,0.1307,0.2408,24.16,0
2020-01-20,1,20,0.49999999999999994,0.8660254037844387,0.0,0.05,0.36,9.34,2.0,8.06,23.96,22.77,0.1715,0.2537,22.85,0
2020-01-21,1,21,0.49999999999999994,0.8660254037844387,0.0,0.01,0.36,10.94,9.34,2.23,24.66,23.96,0.1204,0.2312,20.83,0
2020-01-22,1,22,0.49999999999999994,0.8660254037844387,0.0,0.0,0.36,12.76,10.94,2.0,24.16,24.66,0.1823,0.2881,19.96,0
2020-01-23,1,23,0.49999999999999994,0.8660254037844387,0.0,0.0,0.36,12.51,12.76,9.34,22.85,24.16,0.1543,0.2959,21.05,0
2020-01-24,1,24,0.49999999999999994,0.8660254037844387,0.0,0.0,0.36,13.16,12.51,10.94,20.83,22.85,0.0973,0.2916,22.88,0
2020-01-25,1,25,0.49999999999999994,0.8660254037844387,0.0,0.0,0.36,15.51,13.16,12.76,19.96,20.83,0.1435,0.238,23.84,0
2020-01-26,1,26,0.49999999999999994,0.8660254037844387,0.0,0.0,0.36,11.15,15.51,12.51,21.05,19.96,0.1634,0.2216,23.1,0
2020-01-27,1,27,0.49999999999999994,0.8660254037844387,0.0,0.0,0.36,14.19,11.15,13.16,22.88,21.05,0.1456,0.2885,22.3,0
2020-01-28,1,28,0.49999999999999994,0.8660254037844387,0.0,0.0,0.36,7.78,14.19,15.51,23.84,22.88,0.1646,0.2665,23.15,0
2020-01-29,1,29,0.49999999999999994,0.8660254037844387,0.0,0.0,0.36,9.13,7.78,11.15,23.1,23.84,0.1333,0.2601,23.01,0
2020-01-30,1,30,0.49999999999999994,0.8660254037844387,0.0,0.0,0.36,9.68,9.13,14.19,22.3,23.1,0.1242,0.2312,22.5,0
2020-01-31,1,31,0.49999999999999994,0.8660254037844387,0.0,0.0,0.36,6.97,9.68,7.78,23.15,22.3,0.1489,0.263,23.01,0
2020-02-01,2,32,0.8660254037844386,0.5000000000000001,0.0,0.0,0.36,7.04,6.97,9.13,23.01,23.15,0.151,0.2177,24.06,0
2020-02-02,2,33,0.8660254037844386,0.5000000000000001,0.0,0.0,0.36,4.7,7.04,9.68,22.5,23.01,0.1434,0.2692,23.39,0
2020-02-03,2,34,0.8660254037844386,0.5000000000000001,0.0,0.0,0.36,2.0,4.7,6.97,23.01,22.5,0.1749,0.2916,23.7,0
2020-02-04,2,35,0.8660254037844386,0.5000000000000001,0.0,0.0,0.36,2.0,2.0,7.04,24.06,23.01,0.1333,0.2991,23.79,0
2020-02-05,2,36,0.8660254037844386,0.5000000000000001,0.0,0.0,0.36,2.0,2.0,4.7,23.39,24.06,0.1566,0.2715,24.25,0
2020-02-06,2,37,0.8660254037844386,0.5000000000000001,0.0,0.0,0.36,2.0,2.0,2.0,23.7,23.39,0.1517,0.2088,25.1,0
2020-02-07,2,38,0.8660254037844386,0.5000000000000001,0.0,0.0,0.36,2.0,2.0,2.0,23.79,23.7,0.1192,0.2561,24.5,0
2020-02-08,2,39,0.8660254037844386,0.5000000000000001,0.0,0.0,0.36,2.0,2.0,2.0,24.25,23.79,0.1239,0.3144,24.37,0
2020-02-09,2,40,0.8660254037844386,0.5000000000000001,0.0,0.0,0.36,2.0,2.0,2.0,25.1,24.25,0.1506,0.2242,21.02,0
2020-02-10,2,41,0.8660254037844386,0.5000000000000001,0.0,0.0,0.2,2.0,2.0,2.0,24.5,25.1,0.1898,0.2483,22.61,0
2020-02-11,2,42,0.8660254037844386,0.5000000000000001,0.0,0.0,0.09,2.0,2.0,2.0,24.37,24.5,0.1617,0.2925,23.61,0
2020-02-12,2,43,0.8660254037844386,0.5000000000000001,0.0,0.0,0.05,3.15,2.0,2.0,21.02,24.37,0.1155,0.2685,24.66,0
2020-02-13,2,44,0.8660254037844386,0.5000000000000001,0.0,0.0,0.01,5.2,3.15,2.0,22.61,21.02,0.0878,0.3244,26.09,0
2020-02-14,2,45,0.8660254037844386,0.5000000000000001,0.0,0.0,0.0,4.77,5.2,2.0,23.61,22.61,0.1647,0.228,26.1,0
2020-02-15,2,46,0.8660254037844386,0.5000000000000001,0.0,0.0,0.0,7.25,4.77,3.15,24.66,23.61,0.1481,0.2203,26.15,0
2020-02-16,2,47,0.8660254037844386,0.5000000000000001,0.0,0.0,0.0,2.0,7.25,5.2,26.09,24.66,0.1728,0.2867,26.22,0
2020-02-17,2,48,0.8660254037844386,0.5000000000000001,0.0,0.0,0.0,2.0,2.0,4.77,26.1,26.09,0.1324,0.2141,27.08,0
2020-02-18,2,49,0.8660254037844386,0.5000000000000001,0.0,0.0,0.0,9.29,2.0,7.25,26.15,26.1,0.157,0.2441,26.21,0
2020-02-19,2,50,0.8660254037844386,0.5000000000000001,0.0,0.0,0.0,9.63,9.29,2.0,26.22,26.15,0.1669,0.248,27.27,0
2020-02-20,2,51,0.8660254037844386,0.5000000000000001,0.0,0.0,0.0,9.66,9.63,2.0,27.08,26.22,0.1411,0.2811,26.68,0
2020-02-21,2,52,0.8660254037844386,0.5000000000000001,0.0,0.0,0.0,11.6,9.66,9.29,26.21,27.08,0.1415,0.2684,25.82,0
2020-02-22,2,53,0.8660254037844386,0.5000000000000001,0.0,0.0,0.0,14.64,11.6,9.63,27.27,26.21,0.1505,0.2637,25.78,0
2020-02-23,2,54,0.8660254037844386,0.5000000000000001,0.0,0.0,0.0,5.66,14.64,9.66,26.68,27.27,0.1609,0.2379,25.94,0
2020-02-24,2,55,0.8660254037844386,0.5000000000000001,0.0,0.0,0.0,2.0,5.66,11.6,25.82,26.68,0.1497,0.2865,26.51,0
2020-02-25,2,56,0.8660254037844386,0.5000000000000001,0.02,0.02,0.02,2.0,2.0,14.64,25.78,25.82,0.1695,0.3708,26.43,0
2020-02-26,2,57,0.8660254037844386,0.5000000000000001,0.02,0.04,0.04,2.0,2.0,5.66,25.94,25.78,0.1408,0.2708,27.0,0
2020-02-27,2,58,0.8660254037844386,0.5000000000000001,0.06,0.1,0.1,6.07,2.0,2.0,26.51,25.94,0.1235,0.2531,27.07,0
2020-02-28,2,59,0.8660254037844386,0.5000000000000001,0.13,0.23,0.23,5.1,6.07,2.0,26.43,26.51,0.1897,0.2112,27.01,0
2020-02-29,2,60,0.8660254037844386,0.5000000000000001,0.0,0.23,0.23,2.0,5.1,2.0,27.0,26.43,0.1381,0.231,27.52,0
2020-03-01,3,61,1.0,6.123233995736766e-17,0.07,0.3,0.3,2.0,2.0,6.07,27.07,27.0,0.1389,0.2438,26.25,0
2020-03-02,3,62,1.0,6.123233995736766e-17,1.6,1.9,1.9,2.0,2.0,5.1,27.01,27.07,0.1504,0.2351,26.47,0
2020-03-03,3,63,1.0,6.123233995736766e-17,2.26,4.14,4.16,2.0,2.0,2.0,27.52,27.01,0.1551,0.252,25.98,0
2020-03-04,3,64,1.0,6.123233995736766e-17,0.97,5.09,5.13,2.0,2.0,2.0,26.25,27.52,0.1469,0.3064,27.09,0
2020-03-05,3,65,1.0,6.123233995736766e-17,0.39,5.42,5.52,2.0,2.0,2.0,26.47,26.25,0.1546,0.2907,27.33,0
2020-03-06,3,66,1.0,6.123233995736766e-17,1.2,6.49,6.72,2.0,2.0,2.0,25.98,26.47,0.1553,0.2493,27.45,0
2020-03-07,3,67,1.0,6.123233995736766e-17,0.36,6.85,7.08,4.64,2.0,2.0,27.09,25.98,0.1599,0.218,26.93,0
2020-03-08,3,68,1.0,6.123233995736766e-17,0.87,7.65,7.95,4.6,4.64,2.0,27.33,27.09,0.11,0.2949,25.89,0
2020-03-09,3,69,1.0,6.123233995736766e-17,2.39,8.44,10.34,2.0,4.6,2.0,27.45,27.33,0.1969,0.2547,26.38,0
2020-03-10,3,70,1.0,6.123233995736766e-17,19.41,25.59,29.75,2.0,2.0,4.64,26.93,27.45,0.1738,0.2161,26.98,0
2020-03-11,3,71,1.0,6.123233995736766e-17,14.83,39.45,44.58,5.46,2.0,4.6,25.89,26.93,0.2017,0.2981,27.14,0
2020-03-12,3,72,1.0,6.123233995736766e-17,0.21,39.27,44.79,7.88,5.46,2.0,26.38,25.89,0.1627,0.3076,26.89,0
2020-03-13,3,73,1.0,6.123233995736766e-17,1.41,39.48,46.2,12.66,7.88,2.0,26.98,26.38,0.1822,0.2049,27.19,0
2020-03-14,3,74,1.0,6.123233995736766e-17,0.75,39.87,46.95,8.15,12.66,5.46,27.14,26.98,0.1788,0.2534,26.96,0
2020-03-15,3,75,1.0,6.123233995736766e-17,0.32,39.32,47.27,17.01,8.15,7.88,26.89,27.14,0.2219,0.275,27.41,0
2020-03-16,3,76,1.0,6.123233995736766e-17,0.85,37.78,48.12,12.69,17.01,12.66,27.19,26.89,0.1816,0.3009,26.9,0
2020-03-17,3,77,1.0,6.123233995736766e-17,0.32,18.69,48.44,15.85,12.69,8.15,26.96,27.19,0.2088,0.2636,26.69,0
2020-03-18,3,78,1.0,6.123233995736766e-17,0.26,4.12,48.7,8.8,15.85,17.01,27.41,26.96,0.1808,0.2543,26.22,0
2020-03-19,3,79,1.0,6.123233995736766e-17,0.64,4.55,49.34,5.85,8.8,12.69,26.9,27.41,0.1854,0.3014,25.9,0
2020-03-20,3,80,1.0,6.123233995736766e-17,0.42,3.56,49.76,13.14,5.85,15.85,26.69,26.9,0.1899,0.2658,25.71,0
2020-03-21,3,81,1.0,6.123233995736766e-17,0.53,3.34,50.29,12.23,13.14,8.8,26.22,26.69,0.2209,0.2964,24.92,0
2020-03-22,3,82,1.0,6.123233995736766e-17,1.34,4.36,51.63,15.88,12.23,5.85,25.9,26.22,0.1587,0.2476,24.96,0
2020-03-23,3,83,1.0,6.123233995736766e-17,6.69,10.2,58.32,16.7,15.88,13.14,25.71,25.9,0.1762,0.2444,25.73,0
2020-03-24,3,84,1.0,6.123233995736766e-17,6.71,16.59,65.03,16.15,16.7,12.23,24.92,25.71,0.1696,0.3117,25.39,0
2020-03-25,3,85,1.0,6.123233995736766e-17,2.4,18.73,67.43,21.6,16.15,15.88,24.96,24.92,0.1889,0.298,25.97,0
2020-03-26,3,86,1.0,6.123233995736766e-17,4.14,22.23,71.55,19.9,21.6,16.7,25.73,24.96,0.1982,0.3206,26.19,0
2020-03-27,3,87,1.0,6.123233995736766e-17,1.6,23.41,73.13,12.31,19.9,16.15,25.39,25.73,0.1835,0.2779,26.13,0
2020-03-28,3,88,1.0,6.123233995736766e-17,0.71,23.59,73.78,9.78,12.31,21.6,25.97,25.39,0.2017,0.2704,26.09,0
2020-03-29,3,89,1.0,6.123233995736766e-17,0.64,22.89,74.29,13.06,9.78,19.9,26.19,25.97,0.1766,0.3354,25.5,0
2020-03-30,3,90,1.0,6.123233995736766e-17,1.32,17.52,75.61,15.25,13.06,12.31,26.13,26.19,0.1977,0.2497,25.8,0
2020-03-31,3,91,1.0,6.123233995736766e-17,1.02,11.83,76.56,9.27,15.25,9.78,26.09,26.13,0.2429,0.3335,25.69,0
2020-04-01,4,92,0.8660254037844387,-0.49999999999999983,5.69,15.12,80.65,7.64,9.27,13.06,25.5,26.09,0.2307,0.338,25.43,0
2020-04-02,4,93,0.8660254037844387,-0.49999999999999983,5.48,16.46,83.87,6.88,7.64,15.25,25.8,25.5,0.2292,0.3261,26.16,0
2020-04-03,4,94,0.8660254037844387,-0.49999999999999983,3.43,18.29,86.33,7.15,6.88,9.27,25.69,25.8,0.2076,0.2812,25.56,0
2020-04-04,4,95,0.8660254037844387,-0.49999999999999983,6.76,24.34,92.7,3.44,7.15,7.64,25.43,25.69,0.2027,0.2811,26.15,0
2020-04-05,4,96,0.8660254037844387,-0.49999999999999983,6.05,29.75,97.55,3.38,3.44,6.88,26.16,25.43,0.215,0.3022,25.31,0
2020-04-06,4,97,0.8660254037844387,-0.49999999999999983,11.57,40.0,108.76,3.12,3.38,7.15,25.56,26.16,0.247,0.2764,25.43,0
2020-04-07,4,98,0.8660254037844387,-0.49999999999999983,7.38,46.36,115.27,9.02,3.12,3.44,26.15,25.56,0.2711,0.2903,23.45,0
2020-04-08,4,99,0.8660254037844387,-0.49999999999999983,5.82,46.49,118.7,14.25,9.02,3.38,25.31,26.15,0.2749,0.3406,24.49,0
2020-04-09,4,100,0.8660254037844387,-0.49999999999999983,12.13,53.14,111.42,14.74,14.25,3.12,25.43,25.31,0.2629,0.3363,26.21,0
2020-04-10,4,101,0.8660254037844387,-0.49999999999999983,20.23,69.94,116.82,14.27,14.74,9.02,23.45,25.43,0.2404,0.2886,26.62,0
2020-04-11,4,102,0.8660254037844387,-0.49999999999999983,0.02,63.2,116.63,16.0,14.27,14.25,24.49,23.45,0.2555,0.3403,27.27,0
2020-04-12,4,103,0.8660254037844387,-0.49999999999999983,0.1,57.25,115.32,13.62,16.0,14.74,26.21,24.49,0.2474,0.3328,27.54,0
2020-04-13,4,104,0.8660254037844387,-0.49999999999999983,0.25,45.93,114.82,10.27,13.62,14.27,26.62,26.21,0.2493,0.3642,27.84,1
2020-04-14,4,105,0.8660254037844387,-0.49999999999999983,0.21,38.76,114.71,8.25,10.27,16.0,27.27,26.62,0.294,0.3359,27.36,0
2020-04-15,4,106,0.8660254037844387,-0.49999999999999983,0.32,33.26,114.18,7.75,8.25,13.62,27.54,27.27,0.2175,0.3503,26.94,0
2020-04-16,4,107,0.8660254037844387,-0.49999999999999983,1.21,22.34,115.07,5.22,7.75,10.27,27.84,27.54,0.2489,0.3334,25.7,0
2020-04-17,4,108,0.8660254037844387,-0.49999999999999983,1.03,3.14,115.84,8.39,5.22,8.25,27.36,27.84,0.2785,0.3489,25.81,0
2020-04-18,4,109,0.8660254037844387,-0.49999999999999983,1.55,4.67,116.75,13.37,8.39,7.75,26.94,27.36,0.2258,0.2814,26.28,0
2020-04-19,4,110,0.8660254037844387,-0.49999999999999983,3.2,7.77,119.53,8.39,13.37,5.22,25.7,26.94,0.2447,0.3181,25.57,0
2020-04-20,4,111,0.8660254037844387,-0.49999999999999983,0.13,7.65,119.13,10.61,8.39,8.39,25.81,25.7,0.2466,0.3203,25.86,0
2020-04-21,4,112,0.8660254037844387,-0.49999999999999983,3.68,11.12,121.47,11.55,10.61,13.37,26.28,25.81,0.2549,0.3156,25.8,0
2020-04-22,4,113,0.8660254037844387,-0.49999999999999983,14.24,25.04,129.02,14.74,11.55,8.39,25.57,26.28,0.2342,0.3407,25.25,0
2020-04-23,4,114,0.8660254037844387,-0.49999999999999983,7.86,31.69,130.17,16.05,14.74,10.61,25.86,25.57,0.2791,0.3471,24.88,0
2020-04-24,4,115,0.8660254037844387,-0.49999999999999983,5.2,35.86,132.97,11.46,16.05,11.55,25.8,25.86,0.283,0.3415,25.79,0
2020-04-25,4,116,0.8660254037844387,-0.49999999999999983,10.38,44.69,139.21,8.44,11.46,14.74,25.25,25.8,0.2855,0.3282,26.09,0
2020-04-26,4,117,0.8660254037844387,-0.49999999999999983,7.7,49.19,145.31,11.16,8.44,16.05,24.88,25.25,0.2634,0.3151,25.61,0
2020-04-27,4,118,0.8660254037844387,-0.49999999999999983,3.29,52.35,147.89,17.51,11.16,11.46,25.79,24.88,0.2848,0.3716,25.34,0
2020-04-28,4,119,0.8660254037844387,-0.49999999999999983,1.4,50.07,148.65,9.96,17.51,8.44,26.09,25.79,0.2658,0.3497,25.99,0
2020-04-29,4,120,0.8660254037844387,-0.49999999999999983,4.6,40.43,151.93,13.84,9.96,11.16,25.61,26.09,0.2801,0.3106,26.01,0
2020-04-30,4,121,0.8660254037844387,-0.49999999999999983,3.04,35.61,153.95,20.56,13.84,17.51,25.34,25.61,0.3316,0.3366,25.68,0
2020-05-01,5,122,0.49999999999999994,-0.8660254037844387,2.39,32.8,150.65,20.85,20.56,9.96,25.99,25.34,0.2875,0.2881,26.44,0
2020-05-02,5,123,0.49999999999999994,-0.8660254037844387,3.64,26.06,148.81,23.88,20.85,13.84,26.01,25.99,0.2602,0.3403,26.96,0
2020-05-03,5,124,0.49999999999999994,-0.8660254037844387,5.79,24.15,151.17,21.5,23.88,20.56,25.68,26.01,0.2897,0.3348,27.02,0
2020-05-04,5,125,0.49999999999999994,-0.8660254037844387,2.25,23.11,146.66,21.73,21.5,20.85,26.44,25.68,0.255,0.3208,27.05,0
2020-05-05,5,126,0.49999999999999994,-0.8660254037844387,3.51,25.22,144.12,15.89,21.73,23.88,26.96,26.44,0.2557,0.384,26.74,0
2020-05-06,5,127,0.49999999999999994,-0.8660254037844387,2.17,22.79,134.72,7.86,15.89,21.5,27.02,26.96,0.2504,0.2961,26.7,0
2020-05-07,5,128,0.49999999999999994,-0.8660254037844387,3.94,23.69,131.28,14.14,7.86,21.73,27.05,27.02,0.2593,0.35,26.03,0
2020-05-08,5,129,0.49999999999999994,-0.8660254037844387,3.77,25.07,129.23,11.74,14.14,15.89,26.74,27.05,0.285,0.3931,25.01,0
2020-05-09,5,130,0.49999999999999994,-0.8660254037844387,5.35,26.78,122.45,11.71,11.74,7.86,26.7,26.74,0.2718,0.3558,25.52,0
2020-05-10,5,131,0.49999999999999994,-0.8660254037844387,8.21,29.2,110.43,7.75,11.71,14.14,26.03,26.7,0.2598,0.3153,26.04,0
2020-05-11,5,132,0.49999999999999994,-0.8660254037844387,1.24,28.19,111.65,4.33,7.75,11.74,25.01,26.03,0.2285,0.283,26.19,0
2020-05-12,5,133,0.49999999999999994,-0.8660254037844387,0.42,25.1,111.97,6.39,4.33,11.71,25.52,25.01,0.2399,0.2763,25.87,0
2020-05-13,5,134,0.49999999999999994,-0.8660254037844387,0.72,23.65,112.44,5.94,6.39,7.75,26.04,25.52,0.2566,0.3051,25.57,0
2020-05-14,5,135,0.49999999999999994,-0.8660254037844387,0.54,20.25,112.77,10.01,5.94,4.33,26.19,26.04,0.2389,0.2971,25.88,0
2020-05-15,5,136,0.49999999999999994,-0.8660254037844387,2.08,18.56,114.53,13.81,10.01,6.39,25.87,26.19,0.2475,0.2971,26.08,0
2020-05-16,5,137,0.49999999999999994,-0.8660254037844387,8.8,22.01,122.12,16.68,13.81,5.94,25.57,25.87,0.2687,0.3135,25.62,0
2020-05-17,5,138,0.49999999999999994,-0.8660254037844387,3.32,17.12,124.41,18.85,16.68,10.01,25.88,25.57,0.255,0.3216,25.52,0
2020-05-18,5,139,0.49999999999999994,-0.8660254037844387,10.43,26.31,133.29,26.23,18.85,13.81,26.08,25.88,0.2745,0.3445,25.54,0
2020-05-19,5,140,0.49999999999999994,-0.8660254037844387,15.95,41.84,146.04,22.18,26.23,16.68,25.62,26.08,0.3133,0.3005,25.25,0
2020-05-20,5,141,0.49999999999999994,-0.8660254037844387,4.84,45.96,150.75,22.89,22.18,18.85,25.52,25.62,0.2822,0.32,25.26,0
2020-05-21,5,142,0.49999999999999994,-0.8660254037844387,11.47,56.89,158.54,28.42,22.89,26.23,25.54,25.52,0.3163,0.3403,25.91,0
2020-05-22,5,143,0.49999999999999994,-0.8660254037844387,7.31,62.12,151.61,33.55,28.42,22.18,25.25,25.54,0.2976,0.3351,25.09,0
2020-05-23,5,144,0.49999999999999994,-0.8660254037844387,1.16,54.48,144.91,27.07,33.55,22.89,25.26,25.25,0.2511,0.392,25.09,0
2020-05-24,5,145,0.49999999999999994,-0.8660254037844387,10.79,61.95,150.5,26.14,27.07,28.42,25.91,25.26,0.2634,0.3473,25.79,0
2020-05-25,5,146,0.49999999999999994,-0.8660254037844387,5.9,57.42,146.02,31.98,26.14,33.55,25.09,25.91,0.2647,0.2892,26.07,0
2020-05-26,5,147,0.49999999999999994,-0.8660254037844387,33.09,74.56,171.41,34.04,31.98,27.07,25.09,25.09,0.2872,0.3654,26.06,0
2020-05-27,5,148,0.49999999999999994,-0.8660254037844387,5.13,74.85,173.25,34.62,34.04,26.14,25.79,25.09,0.3041,0.3703,24.28,1
2020-05-28,5,149,0.49999999999999994,-0.8660254037844387,3.06,66.44,174.91,33.52,34.62,31.98,26.07,25.79,0.3197,0.3512,24.86,0
2020-05-29,5,150,0.49999999999999994,-0.8660254037844387,2.82,61.95,173.13,31.94,33.52,34.04,26.06,26.07,0.3309,0.3175,25.25,0
2020-05-30,5,151,0.49999999999999994,-0.8660254037844387,15.2,75.99,185.29,33.56,31.94,34.62,24.28,26.06,0.3229,0.4139,25.1,0
2020-05-31,5,152,0.49999999999999994,-0.8660254037844387,4.83,70.03,187.73,32.86,33.56,33.52,24.86,24.28,0.31,0.3305,25.56,0
2020-06-01,6,153,1.2246467991473532e-16,-1.0,2.73,66.86,186.82,33.14,32.86,31.94,25.25,24.86,0.2765,0.3819,24.78,0
2020-06-02,6,154,1.2246467991473532e-16,-1.0,2.76,36.53,183.79,33.87,33.14,33.56,25.1,25.25,0.3168,0.3663,25.35,0
2020-06-03,6,155,1.2246467991473532e-16,-1.0,1.19,32.59,182.73,31.5,33.87,32.86,25.56,25.1,0.315,0.3777,25.4,0
2020-06-04,6,156,1.2246467991473532e-16,-1.0,2.62,32.15,181.84,34.38,31.5,33.14,24.78,25.56,0.3173,0.4103,24.59,0
2020-06-05,6,157,1.2246467991473532e-16,-1.0,17.99,47.32,197.66,46.7,34.38,33.87,25.35,24.78,0.37,0.3854,25.19,0
2020-06-06,6,158,1.2246467991473532e-16,-1.0,26.54,58.66,220.26,38.89,46.7,31.5,25.4,25.35,0.373,0.3654,23.89,0
2020-06-07,6,159,1.2246467991473532e-16,-1.0,49.03,102.86,265.52,41.54,38.89,34.38,24.59,25.4,0.4047,0.4425,24.29,0
2020-06-08,6,160,1.2246467991473532e-16,-1.0,16.7,116.83,276.87,39.74,41.54,46.7,25.19,24.59,0.3799,0.3972,24.38,0
2020-06-09,6,161,1.2246467991473532e-16,-1.0,40.12,154.19,308.78,44.22,39.74,38.89,23.89,25.19,0.4176,0.4402,23.95,1
2020-06-10,6,162,1.2246467991473532e-16,-1.0,1.98,154.98,309.52,46.0,44.22,41.54,24.29,23.89,0.4267,0.3969,25.11,0
2020-06-11,6,163,1.2246467991473532e-16,-1.0,1.01,153.37,310.11,50.48,46.0,39.74,24.38,24.29,0.4136,0.4051,24.71,0
2020-06-12,6,164,1.2246467991473532e-16,-1.0,5.86,141.24,315.25,56.13,50.48,44.22,23.95,24.38,0.4437,0.4407,25.96,0
2020-06-13,6,165,1.2246467991473532e-16,-1.0,4.57,119.27,319.28,57.17,56.13,46.0,25.11,23.95,0.4445,0.4526,25.04,0
2020-06-14,6,166,1.2246467991473532e-16,-1.0,6.42,76.66,323.62,62.0,57.17,50.48,24.71,25.11,0.4195,0.3931,25.11,0
2020-06-15,6,167,1.2246467991473532e-16,-1.0,2.22,62.18,317.04,52.19,62.0,56.13,25.96,24.71,0.4593,0.4551,24.42,0
2020-06-16,6,168,1.2246467991473532e-16,-1.0,3.35,25.41,317.07,59.71,52.19,57.17,25.04,25.96,0.4374,0.4157,23.06,0
2020-06-17,6,169,1.2246467991473532e-16,-1.0,18.92,42.35,325.56,61.51,59.71,62.0,25.11,25.04,0.4084,0.4837,24.34,0
2020-06-18,6,170,1.2246467991473532e-16,-1.0,26.11,67.45,335.72,66.16,61.51,52.19,24.42,25.11,0.4511,0.4409,24.9,0
2020-06-19,6,171,1.2246467991473532e-16,-1.0,0.32,61.91,331.2,60.97,66.16,59.71,23.06,24.42,0.4537,0.415,24.54,0
2020-06-20,6,172,1.2246467991473532e-16,-1.0,5.12,62.46,324.85,58.14,60.97,61.51,24.34,23.06,0.4618,0.4472,24.7,1
2020-06-21,6,173,1.2246467991473532e-16,-1.0,2.57,58.61,320.11,59.7,58.14,66.16,24.9,24.34,0.4313,0.4146,25.3,0
2020-06-22,6,174,1.2246467991473532e-16,-1.0,4.63,61.02,323.58,60.58,59.7,60.97,24.54,24.9,0.4578,0.4822,25.38,0
2020-06-23,6,175,1.2246467991473532e-16,-1.0,1.48,59.15,314.27,62.52,60.58,58.14,24.7,24.54,0.4366,0.4386,24.76,0
2020-06-24,6,176,1.2246467991473532e-16,-1.0,2.27,42.5,310.64,67.47,62.52,59.7,25.3,24.7,0.4033,0.4318,24.17,0
2020-06-25,6,177,1.2246467991473532e-16,-1.0,8.26,24.65,285.81,60.0,67.47,60.58,25.38,25.3,0.3789,0.4392,24.2,0
2020-06-26,6,178,1.2246467991473532e-16,-1.0,7.4,31.73,288.08,64.82,60.0,62.52,24.76,25.38,0.4317,0.3927,24.16,0
2020-06-27,6,179,1.2246467991473532e-16,-1.0,17.72,44.33,302.74,65.5,64.82,67.47,24.17,24.76,0.4464,0.393,22.87,0
2020-06-28,6,180,1.2246467991473532e-16,-1.0,12.85,54.61,312.77,65.59,65.5,60.0,24.2,24.17,0.438,0.4499,24.09,0
2020-06-29,6,181,1.2246467991473532e-16,-1.0,12.74,62.72,310.31,60.75,65.59,64.82,24.16,24.2,0.4592,0.4032,25.19,0
2020-06-30,6,182,1.2246467991473532e-16,-1.0,7.28,68.52,312.76,64.78,60.75,65.5,22.87,24.16,0.4526,0.4047,24.95,0
2020-07-01,7,183,-0.4999999999999998,-0.8660254037844388,10.95,77.2,320.98,56.88,64.78,65.59,24.09,22.87,0.4526,0.4677,23.77,1
2020-07-02,7,184,-0.4999999999999998,-0.8660254037844388,2.76,71.7,320.98,62.63,56.88,60.75,25.19,24.09,0.4207,0.4583,23.99,0
2020-07-03,7,185,-0.4999999999999998,-0.8660254037844388,4.67,68.97,324.46,59.24,62.63,64.78,24.95,25.19,0.4766,0.4071,24.69,1
2020-07-04,7,186,-0.4999999999999998,-0.8660254037844388,11.08,62.33,332.92,62.92,59.24,56.88,23.77,24.95,0.4604,0.4312,23.72,0
2020-07-05,7,187,-0.4999999999999998,-0.8660254037844388,4.51,53.99,319.44,65.34,62.92,62.63,23.99,23.77,0.4298,0.4146,23.86,0
2020-07-06,7,188,-0.4999999999999998,-0.8660254037844388,0.71,41.96,293.61,72.33,65.34,59.24,24.69,23.99,0.4009,0.4795,23.95,0
2020-07-07,7,189,-0.4999999999999998,-0.8660254037844388,3.47,38.15,248.05,72.31,72.33,62.92,23.72,24.69,0.3784,0.426,24.1,0
2020-07-08,7,190,-0.4999999999999998,-0.8660254037844388,2.35,29.55,233.7,70.21,72.31,65.34,23.86,23.72,0.3269,0.3776,22.97,0
2020-07-09,7,191,-0.4999999999999998,-0.8660254037844388,5.02,31.81,198.6,68.81,70.21,72.33,23.95,23.86,0.3427,0.3864,24.17,0
2020-07-10,7,192,-0.4999999999999998,-0.8660254037844388,17.31,44.45,213.93,75.28,68.81,72.31,24.1,23.95,0.3235,0.3377,24.15,0
2020-07-11,7,193,-0.4999999999999998,-0.8660254037844388,22.73,56.1,235.65,78.49,75.28,70.21,22.97,24.1,0.3695,0.3712,23.58,0
2020-07-12,7,194,-0.4999999999999998,-0.8660254037844388,7.72,59.31,237.51,77.84,78.49,68.81,24.17,22.97,0.3533,0.3957,23.23,0
2020-07-13,7,195,-0.4999999999999998,-0.8660254037844388,7.88,66.48,240.82,78.22,77.84,75.28,24.15,24.17,0.3614,0.4081,23.08,0
2020-07-14,7,196,-0.4999999999999998,-0.8660254037844388,5.04,68.05,239.44,73.49,78.22,78.49,23.58,24.15,0.3504,0.3907,23.13,1
2020-07-15,7,197,-0.4999999999999998,-0.8660254037844388,10.4,76.1,247.62,77.73,73.49,77.84,23.23,23.58,0.3696,0.406,22.87,1
2020-07-16,7,198,-0.4999999999999998,-0.8660254037844388,13.61,84.69,257.88,73.23,77.73,78.22,23.08,23.23,0.4199,0.4071,23.5,0
2020-07-17,7,199,-0.4999999999999998,-0.8660254037844388,6.52,73.9,245.48,79.52,73.23,73.49,23.13,23.08,0.3986,0.3924,23.47,0
2020-07-18,7,200,-0.4999999999999998,-0.8660254037844388,3.96,55.13,223.33,82.29,79.52,77.73,22.87,23.13,0.3581,0.3751,24.16,1
2020-07-19,7,201,-0.4999999999999998,-0.8660254037844388,8.49,55.9,231.5,94.14,82.29,73.23,23.5,22.87,0.3578,0.3761,23.84,0
2020-07-20,7,202,-0.4999999999999998,-0.8660254037844388,3.54,51.56,229.92,90.55,94.14,79.52,23.47,23.5,0.3738,0.3949,23.53,0
2020-07-21,7,203,-0.4999999999999998,-0.8660254037844388,6.07,52.59,233.42,91.87,90.55,82.29,24.16,23.47,0.3827,0.4024,23.96,0
2020-07-22,7,204,-0.4999999999999998,-0.8660254037844388,4.03,46.22,232.82,100.91,91.87,94.14,23.84,24.16,0.3429,0.3956,23.67,0
2020-07-23,7,205,-0.4999999999999998,-0.8660254037844388,7.88,40.49,239.22,106.61,100.91,90.55,23.53,23.84,0.3637,0.3582,23.86,1
2020-07-24,7,206,-0.4999999999999998,-0.8660254037844388,5.46,39.43,242.41,104.29,106.61,91.87,23.96,23.53,0.3317,0.3655,23.73,1
2020-07-25,7,207,-0.4999999999999998,-0.8660254037844388,2.96,38.43,237.11,106.24,104.29,100.91,23.67,23.96,0.3859,0.4042,23.37,0
2020-07-26,7,208,-0.4999999999999998,-0.8660254037844388,3.28,33.22,232.99,107.27,106.24,106.61,23.86,23.67,0.401,0.4339,23.77,0
2020-07-27,7,209,-0.4999999999999998,-0.8660254037844388,2.75,32.43,218.02,109.33,107.27,104.29,23.73,23.86,0.3478,0.3854,23.43,0
2020-07-28,7,210,-0.4999999999999998,-0.8660254037844388,1.59,27.95,206.76,107.3,109.33,106.24,23.37,23.73,0.2936,0.3617,22.94,0
2020-07-29,7,211,-0.4999999999999998,-0.8660254037844388,0.6,24.52,194.62,108.13,107.3,107.27,23.77,23.37,0.3373,0.3735,23.81,1
2020-07-30,7,212,-0.4999999999999998,-0.8660254037844388,4.61,21.25,191.95,103.09,108.13,109.33,23.43,23.77,0.3047,0.3311,23.61,1
2020-07-31,7,213,-0.4999999999999998,-0.8660254037844388,8.72,24.51,189.72,106.04,103.09,107.3,22.94,23.43,0.3075,0.4031,22.72,0
2020-08-01,8,214,-0.8660254037844384,-0.5000000000000004,1.88,23.43,188.84,110.13,106.04,108.13,23.81,22.94,0.3325,0.3689,22.97,1
2020-08-02,8,215,-0.8660254037844384,-0.5000000000000004,1.55,21.7,185.72,111.18,110.13,103.09,23.61,23.81,0.3222,0.3413,23.11,0
2020-08-03,8,216,-0.8660254037844384,-0.5000000000000004,2.91,21.86,177.55,106.72,111.18,106.04,22.72,23.61,0.3,0.3515,22.22,0
2020-08-04,8,217,-0.8660254037844384,-0.5000000000000004,0.45,20.72,173.49,113.59,106.72,110.13,22.97,22.72,0.2931,0.3383,22.02,1
2020-08-05,8,218,-0.8660254037844384,-0.5000000000000004,1.2,21.32,173.98,117.29,113.59,111.18,23.11,22.97,0.3091,0.3937,22.45,0
2020-08-06,8,219,-0.8660254037844384,-0.5000000000000004,2.15,18.86,172.66,116.37,117.29,106.72,22.22,23.11,0.2972,0.3475,22.9,1
2020-08-07,8,220,-0.8660254037844384,-0.5000000000000004,1.92,12.06,172.23,117.69,116.37,113.59,22.02,22.22,0.2828,0.358,22.96,0
2020-08-08,8,221,-0.8660254037844384,-0.5000000000000004,0.31,10.49,167.52,114.17,117.69,117.29,22.45,22.02,0.2941,0.3677,22.51,0
2020-08-09,8,222,-0.8660254037844384,-0.5000000000000004,0.91,9.85,151.12,113.1,114.17,116.37,22.9,22.45,0.2928,0.3184,22.94,1
2020-08-10,8,223,-0.8660254037844384,-0.5000000000000004,2.62,9.56,131.01,114.09,113.1,117.69,22.96,22.9,0.2643,0.3344,24.21,0
2020-08-11,8,224,-0.8660254037844384,-0.5000000000000004,1.13,10.24,124.42,122.18,114.09,114.17,22.51,22.96,0.2337,0.3329,22.54,0
2020-08-12,8,225,-0.8660254037844384,-0.5000000000000004,0.3,9.34,116.84,121.75,122.18,113.1,22.94,22.51,0.2749,0.2735,23.87,0
2020-08-13,8,226,-0.8660254037844384,-0.5000000000000004,0.61,7.8,112.41,126.72,121.75,114.09,24.21,22.94,0.1964,0.325,24.06,1
2020-08-14,8,227,-0.8660254037844384,-0.5000000000000004,2.15,8.03,104.16,126.37,126.72,122.18,22.54,24.21,0.2348,0.3111,24.95,1
2020-08-15,8,228,-0.8660254037844384,-0.5000000000000004,0.48,8.2,91.03,129.26,126.37,121.75,23.87,22.54,0.2195,0.3085,23.99,1
2020-08-16,8,229,-0.8660254037844384,-0.5000000000000004,0.14,7.43,84.65,130.31,129.26,126.72,24.06,23.87,0.2291,0.3019,24.66,1
2020-08-17,8,230,-0.8660254037844384,-0.5000000000000004,0.86,5.67,81.55,135.47,130.31,126.37,24.95,24.06,0.2346,0.3067,23.45,1
2020-08-18,8,231,-0.8660254037844384,-0.5000000000000004,0.77,5.31,73.83,134.34,135.47,129.26,23.99,24.95,0.239,0.3344,23.56,0
2020-08-19,8,232,-0.8660254037844384,-0.5000000000000004,2.09,7.1,72.38,129.44,134.34,130.31,24.66,23.99,0.2009,0.258,24.16,0
2020-08-20,8,233,-0.8660254037844384,-0.5000000000000004,2.77,9.26,69.08,126.21,129.44,135.47,23.45,24.66,0.2239,0.2812,23.18,1
2020-08-21,8,234,-0.8660254037844384,-0.5000000000000004,8.33,15.44,73.38,127.17,126.21,134.34,23.56,23.45,0.22,0.314,22.64,1
2020-08-22,8,235,-0.8660254037844384,-0.5000000000000004,1.74,16.7,67.24,125.21,127.17,129.44,24.16,23.56,0.1763,0.3048,23.39,1
2020-08-23,8,236,-0.8660254037844384,-0.5000000000000004,0.74,17.3,62.52,130.3,125.21,126.21,23.18,24.16,0.2443,0.3013,23.8,0
2020-08-24,8,237,-0.8660254037844384,-0.5000000000000004,0.53,16.97,60.09,131.26,130.3,127.17,22.64,23.18,0.1753,0.3687,23.85,1
2020-08-25,8,238,-0.8660254037844384,-0.5000000000000004,0.83,17.03,57.64,143.57,131.26,125.21,23.39,22.64,0.2103,0.303,23.43,1
2020-08-26,8,239,-0.8660254037844384,-0.5000000000000004,0.3,15.24,55.19,137.7,143.57,130.3,23.8,23.39,0.2075,0.317,23.38,1
2020-08-27,8,240,-0.8660254037844384,-0.5000000000000004,1.07,13.54,54.67,140.62,137.7,131.26,23.85,23.8,0.2047,0.2736,23.61,0
2020-08-28,8,241,-0.8660254037844384,-0.5000000000000004,2.97,8.18,57.04,137.95,140.62,143.57,23.43,23.85,0.1914,0.2544,24.36,1
2020-08-29,8,242,-0.8660254037844384,-0.5000000000000004,2.63,9.07,55.06,138.31,137.95,137.7,23.38,23.43,0.2161,0.2736,23.03,0
2020-08-30,8,243,-0.8660254037844384,-0.5000000000000004,2.92,11.25,49.26,141.16,138.31,140.62,23.61,23.38,0.1631,0.3009,23.8,1
2020-08-31,8,244,-0.8660254037844384,-0.5000000000000004,6.84,17.56,54.22,133.9,141.16,137.95,24.36,23.61,0.1975,0.2947,24.75,0
2020-09-01,9,245,-1.0,-1.8369701987210297e-16,18.57,35.3,71.24,138.36,133.9,138.31,23.03,24.36,0.2028,0.3048,24.13,1
2020-09-02,9,246,-1.0,-1.8369701987210297e-16,9.66,44.66,77.99,149.0,138.36,141.16,23.8,23.03,0.2066,0.2904,23.36,1
2020-09-03,9,247,-1.0,-1.8369701987210297e-16,1.38,44.97,78.92,148.69,149.0,133.9,24.75,23.8,0.2296,0.2861,23.22,1
2020-09-04,9,248,-1.0,-1.8369701987210297e-16,3.84,45.84,81.56,151.37,148.69,138.36,24.13,24.75,0.245,0.2935,24.48,1
2020-09-05,9,249,-1.0,-1.8369701987210297e-16,15.11,58.32,94.52,156.95,151.37,149.0,23.36,24.13,0.2282,0.3284,24.98,1
2020-09-06,9,250,-1.0,-1.8369701987210297e-16,3.31,58.71,95.91,156.98,156.95,148.69,23.22,23.36,0.2519,0.3328,23.39,1
2020-09-07,9,251,-1.0,-1.8369701987210297e-16,0.82,52.69,96.42,155.34,156.98,151.37,24.48,23.22,0.2378,0.2777,24.17,1
2020-09-08,9,252,-1.0,-1.8369701987210297e-16,7.53,41.65,103.04,147.26,155.34,156.95,24.98,24.48,0.2249,0.3347,24.3,1
2020-09-09,9,253,-1.0,-1.8369701987210297e-16,31.01,63.0,131.43,152.53,147.26,156.98,23.39,24.98,0.2631,0.3093,24.57,0
2020-09-10,9,254,-1.0,-1.8369701987210297e-16,3.88,65.5,134.18,154.0,152.53,155.34,24.17,23.39,0.2648,0.3446,24.05,1
2020-09-11,9,255,-1.0,-1.8369701987210297e-16,5.48,67.14,139.36,151.67,154.0,147.26,24.3,24.17,0.2615,0.3279,24.54,1
2020-09-12,9,256,-1.0,-1.8369701987210297e-16,9.91,61.94,148.66,154.34,151.67,152.53,24.57,24.3,0.2924,0.3862,24.7,1
2020-09-13,9,257,-1.0,-1.8369701987210297e-16,20.44,79.07,166.95,154.0,154.34,154.0,24.05,24.57,0.3049,0.3376,23.29,1
2020-09-14,9,258,-1.0,-1.8369701987210297e-16,4.94,83.19,171.41,153.91,154.0,151.67,24.54,24.05,0.2725,0.3582,23.95,1
2020-09-15,9,259,-1.0,-1.8369701987210297e-16,13.68,89.34,184.95,158.49,153.91,154.34,24.7,24.54,0.2834,0.3792,24.89,1
2020-09-16,9,260,-1.0,-1.8369701987210297e-16,31.23,89.56,215.32,155.01,158.49,154.0,23.29,24.7,0.3523,0.353,25.32,1
2020-09-17,9,261,-1.0,-1.8369701987210297e-16,3.91,89.59,218.46,161.51,155.01,153.91,23.95,23.29,0.3303,0.3789,23.15,1
2020-09-18,9,262,-1.0,-1.8369701987210297e-16,6.81,90.92,223.18,157.17,161.51,158.49,24.89,23.95,0.3569,0.3759,24.08,1
2020-09-19,9,263,-1.0,-1.8369701987210297e-16,21.57,102.58,241.98,156.59,157.17,155.01,25.32,24.89,0.3834,0.3798,23.99,1
2020-09-20,9,264,-1.0,-1.8369701987210297e-16,11.65,93.79,245.3,166.31,156.59,161.51,23.15,25.32,0.3454,0.384,24.79,1
2020-09-21,9,265,-1.0,-1.8369701987210297e-16,13.53,102.38,257.09,171.4,166.31,157.17,24.08,23.15,0.3532,0.4376,24.21,1
2020-09-22,9,266,-1.0,-1.8369701987210297e-16,15.26,103.96,271.61,171.67,171.4,156.59,23.99,24.08,0.4279,0.395,24.18,1
2020-09-23,9,267,-1.0,-1.8369701987210297e-16,11.24,83.97,282.32,167.71,171.67,166.31,24.79,23.99,0.4111,0.4364,23.52,1
2020-09-24,9,268,-1.0,-1.8369701987210297e-16,9.01,89.07,290.5,165.9,167.71,171.4,24.21,24.79,0.4031,0.4337,23.53,1
2020-09-25,9,269,-1.0,-1.8369701987210297e-16,4.83,87.09,295.03,166.62,165.9,171.67,24.18,24.21,0.3968,0.3851,24.59,1
2020-09-26,9,270,-1.0,-1.8369701987210297e-16,7.66,73.18,301.62,166.95,166.62,167.71,23.52,24.18,0.4112,0.4465,23.8,1
2020-09-27,9,271,-1.0,-1.8369701987210297e-16,4.75,66.28,303.4,166.49,166.95,165.9,23.53,23.52,0.3992,0.3896,23.28,1
2020-09-28,9,272,-1.0,-1.8369701987210297e-16,2.14,54.89,302.91,166.06,166.49,166.62,24.59,23.53,0.4403,0.4506,24.25,1
2020-09-29,9,273,-1.0,-1.8369701987210297e-16,9.1,48.73,309.09,164.79,166.06,166.95,23.8,24.59,0.4126,0.4202,24.87,1
2020-09-30,9,274,-1.0,-1.8369701987210297e-16,8.66,46.15,310.91,158.55,164.79,166.49,23.28,23.8,0.4517,0.4368,24.91,1
2020-10-01,10,275,-0.8660254037844386,0.5000000000000001,2.37,39.51,294.71,156.36,158.55,166.06,24.25,23.28,0.4072,0.388,25.2,1
2020-10-02,10,276,-0.8660254037844386,0.5000000000000001,4.68,39.36,289.73,159.83,156.36,164.79,24.87,24.25,0.3899,0.4275,25.16,0
2020-10-03,10,277,-0.8660254037844386,0.5000000000000001,19.43,51.13,307.78,153.67,159.83,158.55,24.91,24.87,0.4185,0.4625,23.95,1
2020-10-04,10,278,-0.8660254037844386,0.5000000000000001,8.88,55.26,312.82,152.93,153.67,156.36,25.2,24.91,0.3791,0.4135,24.17,1
2020-10-05,10,279,-0.8660254037844386,0.5000000000000001,10.97,64.09,308.68,149.39,152.93,159.83,25.16,25.2,0.4254,0.417,24.37,0
2020-10-06,10,280,-0.8660254037844386,0.5000000000000001,22.4,77.39,327.77,150.12,149.39,153.67,23.95,25.16,0.4416,0.4603,22.05,1
2020-10-07,10,281,-0.8660254037844386,0.5000000000000001,2.68,71.41,329.63,148.45,150.12,152.93,24.17,23.95,0.4632,0.4622,24.02,1
2020-10-08,10,282,-0.8660254037844386,0.5000000000000001,16.19,85.23,338.29,154.33,148.45,149.39,24.37,24.17,0.4167,0.3799,24.28,1
2020-10-09,10,283,-0.8660254037844386,0.5000000000000001,16.21,96.76,323.49,154.83,154.33,150.12,22.05,24.37,0.4644,0.5046,25.23,1
2020-10-10,10,284,-0.8660254037844386,0.5000000000000001,28.24,105.57,347.85,148.1,154.83,148.45,24.02,22.05,0.4795,0.4746,25.25,1
2020-10-11,10,285,-0.8660254037844386,0.5000000000000001,6.76,103.45,349.13,149.99,148.1,154.33,24.28,24.02,0.4893,0.4804,23.9,1
2020-10-12,10,286,-0.8660254037844386,0.5000000000000001,4.33,96.81,343.55,145.37,149.99,154.83,25.23,24.28,0.4581,0.4518,25.01,1
2020-10-13,10,287,-0.8660254037844386,0.5000000000000001,8.74,83.15,331.85,141.69,145.37,148.1,25.25,25.23,0.4689,0.3934,25.08,1
2020-10-14,10,288,-0.8660254037844386,0.5000000000000001,12.86,93.33,339.77,141.93,141.69,149.99,23.9,25.25,0.4264,0.4741,24.88,1
2020-10-15,10,289,-0.8660254037844386,0.5000000000000001,5.25,82.39,331.34,138.42,141.93,145.37,25.01,23.9,0.4625,0.4318,25.28,1
2020-10-16,10,290,-0.8660254037844386,0.5000000000000001,3.48,69.66,303.59,140.13,138.42,141.69,25.08,25.01,0.4078,0.4485,25.06,1
2020-10-17,10,291,-0.8660254037844386,0.5000000000000001,2.04,43.46,301.72,134.54,140.13,141.93,24.88,25.08,0.3885,0.4245,25.16,1
2020-10-18,10,292,-0.8660254037844386,0.5000000000000001,1.69,38.39,296.6,129.99,134.54,138.42,25.28,24.88,0.3945,0.4351,25.06,1
2020-10-19,10,293,-0.8660254037844386,0.5000000000000001,8.14,42.2,283.17,125.39,129.99,140.13,25.06,25.28,0.405,0.3967,25.88,1
2020-10-20,10,294,-0.8660254037844386,0.5000000000000001,6.26,39.72,277.78,121.42,125.39,134.54,25.16,25.06,0.3835,0.4426,25.97,1
2020-10-21,10,295,-0.8660254037844386,0.5000000000000001,2.33,29.19,266.58,124.16,121.42,129.99,25.06,25.16,0.3974,0.3743,25.54,1
2020-10-22,10,296,-0.8660254037844386,0.5000000000000001,1.43,25.37,252.75,124.04,124.16,125.39,25.88,25.06,0.3413,0.469,25.82,0
2020-10-23,10,297,-0.8660254037844386,0.5000000000000001,0.57,22.46,242.08,127.74,124.04,121.42,25.97,25.88,0.3253,0.4624,26.0,1
2020-10-24,10,298,-0.8660254037844386,0.5000000000000001,0.93,21.35,234.0,132.66,127.74,124.16,25.54,25.97,0.388,0.4394,25.83,0
2020-10-25,10,299,-0.8660254037844386,0.5000000000000001,0.14,19.8,229.31,123.24,132.66,124.04,25.82,25.54,0.3745,0.4259,26.21,0
2020-10-26,10,300,-0.8660254037844386,0.5000000000000001,0.81,12.47,222.46,119.2,123.24,127.74,26.0,25.82,0.3292,0.3809,25.51,0
2020-10-27,10,301,-0.8660254037844386,0.5000000000000001,0.49,6.7,218.2,110.4,119.2,132.66,25.83,26.0,0.3463,0.4159,25.76,1
2020-10-28,10,302,-0.8660254037844386,0.5000000000000001,0.14,4.51,216.2,104.17,110.4,123.24,26.21,25.83,0.365,0.3768,25.92,0
2020-10-29,10,303,-0.8660254037844386,0.5000000000000001,0.12,3.2,207.22,99.01,104.17,119.2,25.51,26.21,0.3449,0.3277,25.02,1
2020-10-30,10,304,-0.8660254037844386,0.5000000000000001,0.05,2.68,198.61,92.46,99.01,110.4,25.76,25.51,0.3317,0.4143,24.53,0
2020-10-31,10,305,-0.8660254037844386,0.5000000000000001,0.05,1.8,196.29,86.59,92.46,104.17,25.92,25.76,0.3486,0.4016,25.14,0
2020-11-01,11,306,-0.5000000000000004,0.8660254037844384,0.04,1.7,191.65,84.87,86.59,99.01,25.02,25.92,0.3079,0.364,25.18,0
2020-11-02,11,307,-0.5000000000000004,0.8660254037844384,0.0,0.89,172.22,78.49,84.87,92.46,24.53,25.02,0.3056,0.3166,25.13,0
2020-11-03,11,308,-0.5000000000000004,0.8660254037844384,0.0,0.4,163.34,80.87,78.49,86.59,25.14,24.53,0.2966,0.3304,25.38,0
2020-11-04,11,309,-0.5000000000000004,0.8660254037844384,0.06,0.32,152.43,75.39,80.87,84.87,25.18,25.14,0.2817,0.2868,25.05,0
2020-11-05,11,310,-0.5000000000000004,0.8660254037844384,0.0,0.2,130.03,84.98,75.39,78.49,25.13,25.18,0.2592,0.3564,25.18,0
2020-11-06,11,311,-0.5000000000000004,0.8660254037844384,0.0,0.15,127.35,79.8,84.98,80.87,25.38,25.13,0.2661,0.2783,25.28,1
2020-11-07,11,312,-0.5000000000000004,0.8660254037844384,1.57,1.67,112.73,76.97,79.8,75.39,25.05,25.38,0.2521,0.3262,25.15,0
2020-11-08,11,313,-0.5000000000000004,0.8660254037844384,2.72,4.35,99.24,68.62,76.97,84.98,25.18,25.05,0.2183,0.2842,25.12,0
2020-11-09,11,314,-0.5000000000000004,0.8660254037844384,5.35,9.7,76.35,72.88,68.62,79.8,25.28,25.18,0.2348,0.253,24.53,0
2020-11-10,11,315,-0.5000000000000004,0.8660254037844384,0.98,10.68,70.57,73.83,72.88,76.97,25.15,25.28,0.194,0.2995,23.58,0
2020-11-11,11,316,-0.5000000000000004,0.8660254037844384,0.97,11.59,67.21,71.07,73.83,68.62,25.12,25.15,0.2061,0.2803,24.22,0
2020-11-12,11,317,-0.5000000000000004,0.8660254037844384,0.53,12.12,59.0,61.78,71.07,72.88,24.53,25.12,0.1972,0.3105,25.26,0
2020-11-13,11,318,-0.5000000000000004,0.8660254037844384,0.07,12.19,46.21,59.69,61.78,73.83,23.58,24.53,0.1988,0.2397,24.3,1
2020-11-14,11,319,-0.5000000000000004,0.8660254037844384,0.08,10.7,41.04,52.28,59.69,71.07,24.22,23.58,0.1446,0.2519,24.75,0
2020-11-15,11,320,-0.5000000000000004,0.8660254037844384,0.08,8.06,37.64,56.07,52.28,61.78,25.26,24.22,0.2017,0.201,24.7,0
2020-11-16,11,321,-0.5000000000000004,0.8660254037844384,0.14,2.85,35.74,56.46,56.07,59.69,24.3,25.26,0.1686,0.2059,23.77,0
2020-11-17,11,322,-0.5000000000000004,0.8660254037844384,0.0,1.87,34.05,53.72,56.46,52.28,24.75,24.3,0.205,0.3244,25.04,0
2020-11-18,11,323,-0.5000000000000004,0.8660254037844384,0.0,0.9,25.91,40.95,53.72,56.07,24.7,24.75,0.1638,0.3281,25.88,0
2020-11-19,11,324,-0.5000000000000004,0.8660254037844384,0.0,0.37,19.65,35.63,40.95,56.46,23.77,24.7,0.1667,0.2646,25.68,0
2020-11-20,11,325,-0.5000000000000004,0.8660254037844384,0.0,0.3,17.32,37.58,35.63,53.72,25.04,23.77,0.2039,0.2357,26.22,0
2020-11-21,11,326,-0.5000000000000004,0.8660254037844384,0.0,0.22,15.89,41.17,37.58,40.95,25.88,25.04,0.1588,0.2506,26.92,0
2020-11-22,11,327,-0.5000000000000004,0.8660254037844384,0.15,0.29,15.47,43.64,41.17,35.63,25.68,25.88,0.1887,0.2855,26.8,0
2020-11-23,11,328,-0.5000000000000004,0.8660254037844384,0.09,0.24,14.63,34.78,43.64,37.58,26.22,25.68,0.1639,0.2433,26.12,0
2020-11-24,11,329,-0.5000000000000004,0.8660254037844384,0.39,0.63,14.88,34.69,34.78,41.17,26.92,26.22,0.1717,0.2661,25.64,0
2020-11-25,11,330,-0.5000000000000004,0.8660254037844384,0.28,0.91,14.35,37.33,34.69,43.64,26.8,26.92,0.1643,0.2582,26.0,0
2020-11-26,11,331,-0.5000000000000004,0.8660254037844384,1.23,2.14,15.09,28.77,37.33,34.78,26.12,26.8,0.1805,0.242,25.65,0
2020-11-27,11,332,-0.5000000000000004,0.8660254037844384,1.34,3.48,16.29,27.99,28.77,34.69,25.64,26.12,0.151,0.244,25.29,0
2020-11-28,11,333,-0.5000000000000004,0.8660254037844384,0.86,4.34,17.03,28.35,27.99,37.33,26.0,25.64,0.1456,0.269,24.87,0
2020-11-29,11,334,-0.5000000000000004,0.8660254037844384,0.12,4.31,17.1,26.26,28.35,28.77,25.65,26.0,0.1526,0.231,25.23,0
2020-11-30,11,335,-0.5000000000000004,0.8660254037844384,0.05,4.27,17.1,18.16,26.26,27.99,25.29,25.65,0.1674,0.2738,24.78,0
2020-12-01,12,336,-2.4492935982947064e-16,1.0,0.02,3.9,17.08,17.29,18.16,28.35,24.87,25.29,0.161,0.2461,25.2,0
2020-12-02,12,337,-2.4492935982947064e-16,1.0,0.0,3.62,17.08,16.44,17.29,26.26,25.23,24.87,0.1796,0.2641,25.14,0
2020-12-03,12,338,-2.4492935982947064e-16,1.0,0.0,2.39,17.08,16.35,16.44,18.16,24.78,25.23,0.1915,0.3018,26.44,0
2020-12-04,12,339,-2.4492935982947064e-16,1.0,0.0,1.05,17.02,14.52,16.35,17.29,25.2,24.78,0.1458,0.2552,24.8,0
2020-12-05,12,340,-2.4492935982947064e-16,1.0,0.0,0.19,17.02,13.37,14.52,16.44,25.14,25.2,0.1506,0.2878,25.15,0
2020-12-06,12,341,-2.4492935982947064e-16,1.0,0.0,0.07,17.02,13.92,13.37,16.35,26.44,25.14,0.1366,0.2065,25.05,0
2020-12-07,12,342,-2.4492935982947064e-16,1.0,0.07,0.09,15.52,16.22,13.92,14.52,24.8,26.44,0.2046,0.2452,25.09,0
2020-12-08,12,343,-2.4492935982947064e-16,1.0,0.02,0.09,12.82,15.06,16.22,13.37,25.15,24.8,0.1676,0.2585,25.16,0
2020-12-09,12,344,-2.4492935982947064e-16,1.0,0.0,0.09,7.47,13.5,15.06,13.92,25.05,25.15,0.1663,0.3122,24.83,0
2020-12-10,12,345,-2.4492935982947064e-16,1.0,0.01,0.1,6.5,14.1,13.5,16.22,25.09,25.05,0.129,0.1951,25.35,0
2020-12-11,12,346,-2.4492935982947064e-16,1.0,0.01,0.11,5.54,6.47,14.1,15.06,25.16,25.09,0.155,0.2504,25.8,0
2020-12-12,12,347,-2.4492935982947064e-16,1.0,0.56,0.67,5.57,9.53,6.47,13.5,24.83,25.16,0.1652,0.297,25.89,0
2020-12-13,12,348,-2.4492935982947064e-16,1.0,0.41,1.08,5.91,10.17,9.53,14.1,25.35,24.83,0.1503,0.23,26.28,0
2020-12-14,12,349,-2.4492935982947064e-16,1.0,0.77,1.78,6.6,10.84,10.17,6.47,25.8,25.35,0.1775,0.2476,25.77,0
2020-12-15,12,350,-2.4492935982947064e-16,1.0,0.55,2.31,7.07,15.05,10.84,9.53,25.89,25.8,0.2026,0.2642,24.86,0
2020-12-16,12,351,-2.4492935982947064e-16,1.0,0.43,2.74,7.36,6.94,15.05,10.17,26.28,25.89,0.1377,0.26,25.46,0
2020-12-17,12,352,-2.4492935982947064e-16,1.0,0.36,3.09,7.72,2.0,6.94,10.84,25.77,26.28,0.1365,0.3016,24.94,0
2020-12-18,12,353,-2.4492935982947064e-16,1.0,0.43,3.51,8.15,2.92,2.0,15.05,24.86,25.77,0.1398,0.2683,24.98,0
2020-12-19,12,354,-2.4492935982947064e-16,1.0,0.27,3.22,8.42,4.3,2.92,6.94,25.46,24.86,0.1897,0.2949,25.31,0
2020-12-20,12,355,-2.4492935982947064e-16,1.0,0.64,3.45,9.06,6.17,4.3,2.0,24.94,25.46,0.179,0.2446,25.01,0
2020-12-21,12,356,-2.4492935982947064e-16,1.0,0.82,3.5,9.88,5.21,6.17,2.92,24.98,24.94,0.1562,0.2337,26.33,0
2020-12-22,12,357,-2.4492935982947064e-16,1.0,0.13,3.08,9.86,8.87,5.21,4.3,25.31,24.98,0.1596,0.2491,24.33,0
2020-12-23,12,358,-2.4492935982947064e-16,1.0,0.1,2.75,9.87,13.02,8.87,6.17,25.01,25.31,0.1426,0.2211,23.36,0
2020-12-24,12,359,-2.4492935982947064e-16,1.0,0.24,2.63,9.72,14.73,13.02,5.21,26.33,25.01,0.1765,0.2703,23.81,0
2020-12-25,12,360,-2.4492935982947064e-16,1.0,0.01,2.21,9.45,13.17,14.73,8.87,24.33,26.33,0.1509,0.2441,24.38,0
2020-12-26,12,361,-2.4492935982947064e-16,1.0,0.0,1.94,8.22,4.41,13.17,13.02,23.36,24.33,0.1522,0.2348,24.64,0
2020-12-27,12,362,-2.4492935982947064e-16,1.0,0.0,1.3,6.88,8.42,4.41,14.73,23.81,23.36,0.1684,0.2691,25.42,0
2020-12-28,12,363,-2.4492935982947064e-16,1.0,0.0,0.48,6.02,13.61,8.42,13.17,24.38,23.81,0.1517,0.2193,25.58,0
2020-12-29,12,364,-2.4492935982947064e-16,1.0,0.0,0.35,5.9,15.69,13.61,4.41,24.64,24.38,0.1506,0.2767,25.11,0
2020-12-30,12,365,-2.4492935982947064e-16,1.0,0.0,0.25,5.85,11.34,15.69,8.42,25.42,24.64,0.1555,0.2392,25.08,0
2020-12-31,12,366,-2.4492935982947064e-16,1.0,0.0,0.01,5.83,13.84,11.34,13.61,25.58,25.42,0.1712,0.2883,26.18,0
2021-01-01,1,1,0.49999999999999994,0.8660254037844387,0.15,0.15,5.98,16.52,13.84,15.69,25.11,25.58,0.1883,0.2418,26.5,0
2021-01-02,1,2,0.49999999999999994,0.8660254037844387,0.37,0.52,6.35,21.59,16.52,11.34,25.08,25.11,0.1674,0.2728,26.16,0
2021-01-03,1,3,0.49999999999999994,0.8660254037844387,0.91,1.43,7.26,16.18,21.59,13.84,26.18,25.08,0.1726,0.2597,25.49,0
2021-01-04,1,4,0.49999999999999994,0.8660254037844387,0.18,1.61,7.44,14.18,16.18,16.52,26.5,26.18,0.1527,0.2768,25.66,0
2021-01-05,1,5,0.49999999999999994,0.8660254037844387,0.48,2.09,7.92,16.38,14.18,21.59,26.16,26.5,0.143,0.2581,25.37,0
2021-01-06,1,6,0.49999999999999994,0.8660254037844387,0.16,2.25,8.01,15.5,16.38,16.18,25.49,26.16,0.1703,0.2049,25.62,0
2021-01-07,1,7,0.49999999999999994,0.8660254037844387,0.11,2.36,8.1,10.05,15.5,14.18,25.66,25.49,0.1607,0.2851,25.55,0
2021-01-08,1,8,0.49999999999999994,0.8660254037844387,0.07,2.28,8.17,11.55,10.05,16.38,25.37,25.66,0.1289,0.2523,26.0,0
2021-01-09,1,9,0.49999999999999994,0.8660254037844387,0.05,1.96,8.21,13.48,11.55,15.5,25.62,25.37,0.1508,0.2786,25.67,0
2021-01-10,1,10,0.49999999999999994,0.8660254037844387,0.07,1.12,8.27,13.16,13.48,10.05,25.55,25.62,0.1558,0.2757,24.0,0
2021-01-11,1,11,0.49999999999999994,0.8660254037844387,0.0,0.94,7.71,13.4,13.16,11.55,26.0,25.55,0.1467,0.2314,24.69,0
2021-01-12,1,12,0.49999999999999994,0.8660254037844387,0.0,0.46,7.3,11.69,13.4,13.48,25.67,26.0,0.1862,0.2269,24.2,0
2021-01-13,1,13,0.49999999999999994,0.8660254037844387,0.0,0.3,6.53,17.17,11.69,13.16,24.0,25.67,0.1655,0.2736,23.86,0
2021-01-14,1,14,0.49999999999999994,0.8660254037844387,0.0,0.19,5.98,12.3,17.17,13.4,24.69,24.0,0.1828,0.2445,25.13,0
2021-01-15,1,15,0.49999999999999994,0.8660254037844387,0.0,0.12,5.55,9.4,12.3,11.69,24.2,24.69,0.1603,0.2814,25.9,0
2021-01-16,1,16,0.49999999999999994,0.8660254037844387,0.02,0.09,5.21,9.33,9.4,17.17,23.86,24.2,0.1563,0.2478,24.44,0
2021-01-17,1,17,0.49999999999999994,0.8660254037844387,0.02,0.04,4.8,12.73,9.33,12.3,25.13,23.86,0.1356,0.2836,23.57,0
2021-01-18,1,18,0.49999999999999994,0.8660254037844387,0.01,0.05,4.54,6.11,12.73,9.4,25.9,25.13,0.1543,0.2654,23.28,0
2021-01-19,1,19,0.49999999999999994,0.8660254037844387,0.01,0.06,3.91,2.0,6.11,9.33,24.44,25.9,0.1538,0.261,23.63,0
2021-01-20,1,20,0.49999999999999994,0.8660254037844387,0.0,0.06,3.09,2.0,2.0,12.73,23.57,24.44,0.1254,0.2406,23.46,0
2021-01-21,1,21,0.49999999999999994,0.8660254037844387,0.0,0.06,2.96,2.0,2.0,6.11,23.28,23.57,0.1419,0.2587,23.82,0
2021-01-22,1,22,0.49999999999999994,0.8660254037844387,0.0,0.06,2.86,2.0,2.0,2.0,23.63,23.28,0.1461,0.2875,24.88,0
2021-01-23,1,23,0.49999999999999994,0.8660254037844387,0.0,0.04,2.62,2.0,2.0,2.0,23.46,23.63,0.1606,0.2499,25.18,0
2021-01-24,1,24,0.49999999999999994,0.8660254037844387,0.0,0.02,2.61,2.0,2.0,2.0,23.82,23.46,0.1616,0.2675,25.16,0
2021-01-25,1,25,0.49999999999999994,0.8660254037844387,0.0,0.01,2.61,2.0,2.0,2.0,24.88,23.82,0.1407,0.253,24.5,0
2021-01-26,1,26,0.49999999999999994,0.8660254037844387,0.0,0.0,2.61,2.0,2.0,2.0,25.18,24.88,0.1617,0.2553,26.03,0
2021-01-27,1,27,0.49999999999999994,0.8660254037844387,0.01,0.01,2.62,2.0,2.0,2.0,25.16,25.18,0.1487,0.3033,25.63,0
2021-01-28,1,28,0.49999999999999994,0.8660254037844387,0.01,0.02,2.63,4.27,2.0,2.0,24.5,25.16,0.095,0.2876,25.61,0
2021-01-29,1,29,0.49999999999999994,0.8660254037844387,0.01,0.03,2.64,6.78,4.27,2.0,26.03,24.5,0.1427,0.254,26.61,0
2021-01-30,1,30,0.49999999999999994,0.8660254037844387,0.0,0.03,2.64,4.24,6.78,2.0,25.63,26.03,0.174,0.258,26.49,0
2021-01-31,1,31,0.49999999999999994,0.8660254037844387,0.26,0.29,2.75,4.18,4.24,4.27,25.61,25.63,0.1188,0.2306,26.76,0
2021-02-01,2,32,0.8660254037844386,0.5000000000000001,0.18,0.47,2.56,8.98,4.18,6.78,26.61,25.61,0.1546,0.2463,25.82,0
2021-02-02,2,33,0.8660254037844386,0.5000000000000001,0.22,0.69,1.87,10.44,8.98,4.24,26.49,26.61,0.1834,0.2604,25.51,0
2021-02-03,2,34,0.8660254037844386,0.5000000000000001,0.44,1.12,2.13,4.52,10.44,4.18,26.76,26.49,0.1367,0.2768,26.67,0
2021-02-04,2,35,0.8660254037844386,0.5000000000000001,0.07,1.18,1.72,7.7,4.52,8.98,25.82,26.76,0.1516,0.2735,26.83,1
2021-02-05,2,36,0.8660254037844386,0.5000000000000001,0.0,1.17,1.56,3.43,7.7,10.44,25.51,25.82,0.1253,0.2177,27.0,0
2021-02-06,2,37,0.8660254037844386,0.5000000000000001,0.0,1.17,1.45,9.79,3.43,4.52,26.67,25.51,0.1838,0.2802,27.5,0
2021-02-07,2,38,0.8660254037844386,0.5000000000000001,0.0,0.91,1.38,13.65,9.79,7.7,26.83,26.67,0.1496,0.2482,27.95,0
2021-02-08,2,39,0.8660254037844386,0.5000000000000001,0.0,0.73,1.33,13.98,13.65,3.43,27.0,26.83,0.1521,0.2212,28.1,0
2021-02-09,2,40,0.8660254037844386,0.5000000000000001,0.0,0.51,1.26,13.74,13.98,9.79,27.5,27.0,0.1782,0.2908,26.97,0
2021-02-10,2,41,0.8660254037844386,0.5000000000000001,0.03,0.1,1.29,12.06,13.74,13.65,27.95,27.5,0.1644,0.2947,27.89,0
2021-02-11,2,42,0.8660254037844386,0.5000000000000001,0.09,0.12,1.38,14.19,12.06,13.98,28.1,27.95,0.1337,0.2587,28.04,0
2021-02-12,2,43,0.8660254037844386,0.5000000000000001,0.06,0.18,1.44,11.81,14.19,13.74,26.97,28.1,0.1384,0.2721,28.2,0
2021-02-13,2,44,0.8660254037844386,0.5000000000000001,0.04,0.22,1.48,12.2,11.81,12.06,27.89,26.97,0.1612,0.2739,28.16,0
2021-02-14,2,45,0.8660254037844386,0.5000000000000001,0.16,0.38,1.64,15.09,12.2,14.19,28.04,27.89,0.139,0.2929,25.59,0
2021-02-15,2,46,0.8660254037844386,0.5000000000000001,1.04,1.42,2.66,11.83,15.09,11.81,28.2,28.04,0.11,0.2734,25.04,0
2021-02-16,2,47,0.8660254037844386,0.5000000000000001,0.34,1.76,2.98,8.84,11.83,12.2,28.16,28.2,0.1516,0.212,22.96,0
2021-02-17,2,48,0.8660254037844386,0.5000000000000001,0.08,1.81,3.05,3.99,8.84,15.09,25.59,28.16,0.1231,0.3121,24.66,0
2021-02-18,2,49,0.8660254037844386,0.5000000000000001,0.0,1.72,3.04,2.0,3.99,11.83,25.04,25.59,0.1851,0.2838,25.79,0
2021-02-19,2,50,0.8660254037844386,0.5000000000000001,0.0,1.66,3.04,2.0,2.0,8.84,22.96,25.04,0.1563,0.2365,25.7,0
2021-02-20,2,51,0.8660254037844386,0.5000000000000001,0.0,1.62,3.04,2.0,2.0,3.99,24.66,22.96,0.1346,0.2209,26.16,0
2021-02-21,2,52,0.8660254037844386,0.5000000000000001,0.0,1.46,3.04,7.9,2.0,2.0,25.79,24.66,0.1388,0.267,26.77,0
2021-02-22,2,53,0.8660254037844386,0.5000000000000001,0.0,0.42,3.04,13.67,7.9,2.0,25.7,25.79,0.1149,0.2435,26.56,0
2021-02-23,2,54,0.8660254037844386,0.5000000000000001,0.06,0.14,3.1,6.37,13.67,2.0,26.16,25.7,0.1308,0.2618,27.12,0
2021-02-24,2,55,0.8660254037844386,0.5000000000000001,0.16,0.22,3.26,9.58,6.37,7.9,26.77,26.16,0.1733,0.2743,26.46,0
2021-02-25,2,56,0.8660254037844386,0.5000000000000001,0.0,0.22,3.26,15.09,9.58,13.67,26.56,26.77,0.1976,0.235,27.4,0
2021-02-26,2,57,0.8660254037844386,0.5000000000000001,0.01,0.23,3.26,12.25,15.09,6.37,27.12,26.56,0.1675,0.2185,28.23,0
2021-02-27,2,58,0.8660254037844386,0.5000000000000001,0.01,0.24,3.26,12.08,12.25,9.58,26.46,27.12,0.1511,0.2635,28.01,0
2021-02-28,2,59,0.8660254037844386,0.5000000000000001,0.01,0.25,3.26,3.5,12.08,15.09,27.4,26.46,0.1443,0.236,28.19,0
2021-03-01,3,60,1.0,6.123233995736766e-17,0.01,0.26,3.27,5.3,3.5,12.25,28.23,27.4,0.1338,0.2563,27.96,0
2021-03-02,3,61,1.0,6.123233995736766e-17,0.0,0.2,3.01,2.0,5.3,12.08,28.01,28.23,0.1939,0.2115,28.1,0
2021-03-03,3,62,1.0,6.123233995736766e-17,0.0,0.04,2.83,3.33,2.0,3.5,28.19,28.01,0.1488,0.2441,27.83,0
2021-03-04,3,63,1.0,6.123233995736766e-17,0.0,0.04,2.61,2.0,3.33,5.3,27.96,28.19,0.1947,0.273,28.15,0
2021-03-05,3,64,1.0,6.123233995736766e-17,0.0,0.03,2.17,2.0,2.0,2.0,28.1,27.96,0.1798,0.2695,27.15,0
2021-03-06,3,65,1.0,6.123233995736766e-17,0.0,0.02,2.1,6.67,2.0,3.33,27.83,28.1,0.1171,0.2276,26.5,0
2021-03-07,3,66,1.0,6.123233995736766e-17,0.67,0.68,2.77,3.78,6.67,2.0,28.15,27.83,0.1392,0.2166,26.08,0
2021-03-08,3,67,1.0,6.123233995736766e-17,2.82,3.49,5.59,2.0,3.78,2.0,27.15,28.15,0.1417,0.2538,26.47,0
2021-03-09,3,68,1.0,6.123233995736766e-17,8.02,11.51,13.61,2.0,2.0,6.67,26.5,27.15,0.1607,0.275,26.26,0
2021-03-10,3,69,1.0,6.123233995736766e-17,6.3,17.81,19.91,2.0,2.0,3.78,26.08,26.5,0.1667,0.2741,25.87,0
2021-03-11,3,70,1.0,6.123233995736766e-17,1.44,19.25,21.35,2.0,2.0,2.0,26.47,26.08,0.2291,0.2474,25.26,0
2021-03-12,3,71,1.0,6.123233995736766e-17,0.55,19.8,21.87,2.0,2.0,2.0,26.26,26.47,0.1481,0.2721,25.64,0
2021-03-13,3,72,1.0,6.123233995736766e-17,2.44,22.24,24.22,2.0,2.0,2.0,25.87,26.26,0.1764,0.3096,25.86,0
2021-03-14,3,73,1.0,6.123233995736766e-17,0.49,22.06,24.65,2.0,2.0,2.0,25.26,25.87,0.1845,0.2709,24.89,0
2021-03-15,3,74,1.0,6.123233995736766e-17,0.19,19.43,24.8,2.0,2.0,2.0,25.64,25.26,0.1723,0.2159,24.99,0
2021-03-16,3,75,1.0,6.123233995736766e-17,0.19,11.6,24.83,2.0,2.0,2.0,25.86,25.64,0.1746,0.271,24.94,0
2021-03-17,3,76,1.0,6.123233995736766e-17,5.4,10.7,29.19,2.0,2.0,2.0,24.89,25.86,0.1554,0.3288,25.62,0
2021-03-18,3,77,1.0,6.123233995736766e-17,0.4,9.66,29.25,5.14,2.0,2.0,24.99,24.89,0.1785,0.2289,26.19,0
2021-03-19,3,78,1.0,6.123233995736766e-17,0.54,9.65,29.71,5.59,5.14,2.0,24.94,24.99,0.187,0.2687,25.59,0
2021-03-20,3,79,1.0,6.123233995736766e-17,5.5,12.71,35.21,9.06,5.59,2.0,25.62,24.94,0.1882,0.2643,25.49,0
2021-03-21,3,80,1.0,6.123233995736766e-17,0.65,12.87,35.86,4.9,9.06,5.14,26.19,25.62,0.1937,0.2744,24.87,0
2021-03-22,3,81,1.0,6.123233995736766e-17,25.54,38.22,61.4,6.6,4.9,5.59,25.59,26.19,0.2335,0.2927,25.31,0
2021-03-23,3,82,1.0,6.123233995736766e-17,0.45,38.48,61.85,8.52,6.6,9.06,25.49,25.59,0.2244,0.3213,26.7,0
2021-03-24,3,83,1.0,6.123233995736766e-17,1.93,35.01,63.78,7.71,8.52,4.9,24.87,25.49,0.2088,0.2908,26.74,0
2021-03-25,3,84,1.0,6.123233995736766e-17,17.98,52.59,81.7,10.97,7.71,6.6,25.31,24.87,0.2001,0.3373,27.09,0
2021-03-26,3,85,1.0,6.123233995736766e-17,3.73,55.78,85.27,8.94,10.97,8.52,26.7,25.31,0.2147,0.2976,27.03,0
2021-03-27,3,86,1.0,6.123233995736766e-17,0.24,50.52,85.51,12.38,8.94,7.71,26.74,26.7,0.2226,0.2908,27.62,0
2021-03-28,3,87,1.0,6.123233995736766e-17,0.13,50.0,85.63,15.47,12.38,10.97,27.09,26.74,0.2321,0.2813,27.6,0
2021-03-29,3,88,1.0,6.123233995736766e-17,0.1,24.56,85.72,4.23,15.47,8.94,27.03,27.09,0.2176,0.2469,27.86,0
2021-03-30,3,89,1.0,6.123233995736766e-17,0.1,24.21,85.81,11.1,4.23,12.38,27.62,27.03,0.2085,0.3098,28.05,0
2021-03-31,3,90,1.0,6.123233995736766e-17,0.09,22.37,85.89,2.0,11.1,15.47,27.6,27.62,0.2035,0.3632,26.88,0
2021-04-01,4,91,0.8660254037844387,-0.49999999999999983,0.03,4.42,85.92,2.0,2.0,4.23,27.86,27.6,0.1943,0.3153,28.22,0
2021-04-02,4,92,0.8660254037844387,-0.49999999999999983,0.02,0.71,85.94,7.09,2.0,11.1,28.05,27.86,0.2226,0.3222,27.75,0
2021-04-03,4,93,0.8660254037844387,-0.49999999999999983,0.04,0.51,85.98,7.51,7.09,2.0,26.88,28.05,0.198,0.2892,27.69,0
2021-04-04,4,94,0.8660254037844387,-0.49999999999999983,0.02,0.4,86.0,3.27,7.51,2.0,28.22,26.88,0.2074,0.2943,26.77,0
2021-04-05,4,95,0.8660254037844387,-0.49999999999999983,0.05,0.35,86.05,2.0,3.27,7.09,27.75,28.22,0.2196,0.3312,27.1,0
2021-04-06,4,96,0.8660254037844387,-0.49999999999999983,2.15,2.4,87.53,7.87,2.0,7.51,27.69,27.75,0.2021,0.3628,26.03,0
2021-04-07,4,97,0.8660254037844387,-0.49999999999999983,1.15,3.46,85.86,2.0,7.87,3.27,26.77,27.69,0.2349,0.3462,26.87,0
2021-04-08,4,98,0.8660254037844387,-0.49999999999999983,1.48,4.91,79.32,8.65,2.0,2.0,27.1,26.77,0.2362,0.3217,25.58,0
2021-04-09,4,99,0.8660254037844387,-0.49999999999999983,1.57,6.46,74.59,9.68,8.65,7.87,26.03,27.1,0.2061,0.2958,25.03,0
2021-04-10,4,100,0.8660254037844387,-0.49999999999999983,2.73,9.15,75.88,6.03,9.68,2.0,26.87,26.03,0.2096,0.3018,26.06,0
2021-04-11,4,101,0.8660254037844387,-0.49999999999999983,32.09,41.22,107.42,5.94,6.03,8.65,25.58,26.87,0.2574,0.2918,25.65,0
2021-04-12,4,102,0.8660254037844387,-0.49999999999999983,12.88,54.05,117.86,4.31,5.94,9.68,25.03,25.58,0.2418,0.2773,24.92,0
2021-04-13,4,103,0.8660254037844387,-0.49999999999999983,12.21,64.11,129.58,10.67,4.31,6.03,26.06,25.03,0.251,0.2939,25.03,0
2021-04-14,4,104,0.8660254037844387,-0.49999999999999983,16.26,79.22,145.65,15.84,10.67,5.94,25.65,26.06,0.305,0.3389,24.96,0
2021-04-15,4,105,0.8660254037844387,-0.49999999999999983,14.31,92.05,159.77,10.68,15.84,4.31,24.92,25.65,0.3115,0.3371,24.57,0
2021-04-16,4,106,0.8660254037844387,-0.49999999999999983,3.24,93.72,157.61,11.51,10.68,10.67,25.03,24.92,0.3039,0.3005,25.53,0
2021-04-17,4,107,0.8660254037844387,-0.49999999999999983,6.14,97.13,163.35,10.49,11.51,15.84,24.96,25.03,0.3155,0.3469,26.09,0
2021-04-18,4,108,0.8660254037844387,-0.49999999999999983,1.97,67.01,164.78,18.28,10.49,10.68,24.57,24.96,0.2588,0.3393,25.51,0
2021-04-19,4,109,0.8660254037844387,-0.49999999999999983,0.61,54.74,159.89,14.24,18.28,11.51,25.53,24.57,0.321,0.3107,26.01,0
2021-04-20,4,110,0.8660254037844387,-0.49999999999999983,3.99,46.52,163.23,22.68,14.24,10.49,26.09,25.53,0.3047,0.3368,25.47,0
2021-04-21,4,111,0.8660254037844387,-0.49999999999999983,4.5,34.76,142.19,22.93,22.68,18.28,25.51,26.09,0.2982,0.3257,25.39,0
2021-04-22,4,112,0.8660254037844387,-0.49999999999999983,0.4,20.85,142.14,18.63,22.93,14.24,26.01,25.51,0.2857,0.3168,25.72,0
2021-04-23,4,113,0.8660254037844387,-0.49999999999999983,3.0,20.61,143.21,16.94,18.63,22.68,25.47,26.01,0.2799,0.3637,25.96,0
2021-04-24,4,114,0.8660254037844387,-0.49999999999999983,3.03,17.5,128.26,14.73,16.94,22.93,25.39,25.47,0.2599,0.2699,26.05,0
2021-04-25,4,115,0.8660254037844387,-0.49999999999999983,2.75,18.28,127.28,10.95,14.73,18.63,25.72,25.39,0.2719,0.2668,26.62,0
2021-04-26,4,116,0.8660254037844387,-0.49999999999999983,1.7,19.37,128.74,13.25,10.95,16.94,25.96,25.72,0.2596,0.3273,26.76,0
2021-04-27,4,117,0.8660254037844387,-0.49999999999999983,2.51,17.89,131.12,9.96,13.25,14.73,26.05,25.96,0.2854,0.3316,26.89,0
2021-04-28,4,118,0.8660254037844387,-0.49999999999999983,1.07,14.46,132.09,3.37,9.96,10.95,26.62,26.05,0.2372,0.3414,26.66,0
2021-04-29,4,119,0.8660254037844387,-0.49999999999999983,0.36,14.42,132.35,4.99,3.37,13.25,26.76,26.62,0.2583,0.3132,26.38,0
2021-04-30,4,120,0.8660254037844387,-0.49999999999999983,3.25,14.67,135.51,2.0,4.99,9.96,26.89,26.76,0.3129,0.3038,26.11,0
2021-05-01,5,121,0.49999999999999994,-0.8660254037844387,1.69,13.33,137.17,2.0,2.0,3.37,26.66,26.89,0.2609,0.3321,25.91,0
2021-05-02,5,122,0.49999999999999994,-0.8660254037844387,0.78,11.36,137.93,2.0,2.0,4.99,26.38,26.66,0.2694,0.3195,25.95,0
2021-05-03,5,123,0.49999999999999994,-0.8660254037844387,5.12,14.78,143.01,2.0,2.0,2.0,26.11,26.38,0.2611,0.3823,25.13,0
2021-05-04,5,124,0.49999999999999994,-0.8660254037844387,3.09,15.36,146.08,13.15,2.0,2.0,25.91,26.11,0.2882,0.3279,25.24,0
2021-05-05,5,125,0.49999999999999994,-0.8660254037844387,4.47,18.76,150.5,15.4,13.15,2.0,25.95,25.91,0.2707,0.3387,25.0,0
2021-05-06,5,126,0.49999999999999994,-0.8660254037844387,6.39,24.79,154.74,18.16,15.4,2.0,25.13,25.95,0.2856,0.4171,23.67,0
2021-05-07,5,127,0.49999999999999994,-0.8660254037844387,1.19,22.73,154.78,12.43,18.16,13.15,25.24,25.13,0.3063,0.337,25.41,0
2021-05-08,5,128,0.49999999999999994,-0.8660254037844387,8.74,29.78,162.04,12.19,12.43,15.4,25.0,25.24,0.2819,0.3639,25.98,0
2021-05-09,5,129,0.49999999999999994,-0.8660254037844387,0.32,29.32,160.79,15.45,12.19,18.16,23.67,25.0,0.3105,0.3659,25.73,0
2021-05-10,5,130,0.49999999999999994,-0.8660254037844387,1.07,25.27,159.13,13.25,15.45,12.43,25.41,23.67,0.3097,0.3674,25.84,0
2021-05-11,5,131,0.49999999999999994,-0.8660254037844387,2.43,24.61,129.47,18.58,13.25,12.19,25.98,25.41,0.2876,0.3364,25.69,0
2021-05-12,5,132,0.49999999999999994,-0.8660254037844387,4.6,24.74,121.19,14.54,18.58,15.45,25.73,25.98,0.2619,0.3285,25.51,0
2021-05-13,5,133,0.49999999999999994,-0.8660254037844387,5.68,24.03,114.66,14.66,14.54,13.25,25.84,25.73,0.318,0.3218,25.64,0
2021-05-14,5,134,0.49999999999999994,-0.8660254037844387,4.59,27.43,102.99,13.37,14.66,18.58,25.69,25.84,0.2638,0.2945,26.08,0
2021-05-15,5,135,0.49999999999999994,-0.8660254037844387,5.96,24.65,94.64,15.15,13.37,14.54,25.51,25.69,0.2417,0.3165,26.02,0
2021-05-16,5,136,0.49999999999999994,-0.8660254037844387,5.45,29.78,96.85,13.49,15.15,14.66,25.64,25.51,0.2196,0.369,26.43,0
2021-05-17,5,137,0.49999999999999994,-0.8660254037844387,7.07,35.78,97.78,13.6,13.49,13.37,26.08,25.64,0.2361,0.345,25.43,0
2021-05-18,5,138,0.49999999999999994,-0.8660254037844387,6.49,39.84,102.3,13.93,13.6,15.15,26.02,26.08,0.2706,0.3205,25.82,0
2021-05-19,5,139,0.49999999999999994,-0.8660254037844387,1.27,36.51,102.96,12.26,13.93,13.49,26.43,26.02,0.2769,0.3375,24.97,0
2021-05-20,5,140,0.49999999999999994,-0.8660254037844387,1.52,32.35,100.49,15.69,12.26,13.6,25.43,26.43,0.27,0.2842,26.84,0
2021-05-21,5,141,0.49999999999999994,-0.8660254037844387,3.62,31.38,99.61,17.63,15.69,13.93,25.82,25.43,0.2554,0.302,26.71,0
2021-05-22,5,142,0.49999999999999994,-0.8660254037844387,2.09,27.51,101.3,18.03,17.63,12.26,24.97,25.82,0.2161,0.3392,25.82,0
2021-05-23,5,143,0.49999999999999994,-0.8660254037844387,2.34,24.4,100.64,17.02,18.03,15.69,26.84,24.97,0.2503,0.355,25.98,0
2021-05-24,5,144,0.49999999999999994,-0.8660254037844387,5.15,22.48,102.76,21.14,17.02,17.63,26.71,26.84,0.2177,0.2885,25.9,0
2021-05-25,5,145,0.49999999999999994,-0.8660254037844387,6.27,22.26,106.28,20.61,21.14,18.03,25.82,26.71,0.2159,0.2993,26.04,0
2021-05-26,5,146,0.49999999999999994,-0.8660254037844387,4.5,25.49,109.08,19.96,20.61,17.02,25.98,25.82,0.253,0.3809,26.09,0
2021-05-27,5,147,0.49999999999999994,-0.8660254037844387,8.17,32.14,114.74,21.19,19.96,21.14,25.9,25.98,0.2637,0.3217,26.02,0
2021-05-28,5,148,0.49999999999999994,-0.8660254037844387,3.35,31.87,117.02,28.68,21.19,20.61,26.04,25.9,0.2734,0.3749,25.49,0
2021-05-29,5,149,0.49999999999999994,-0.8660254037844387,5.91,35.69,122.57,23.05,28.68,19.96,26.09,26.04,0.2703,0.3297,25.33,0
2021-05-30,5,150,0.49999999999999994,-0.8660254037844387,8.16,41.51,127.48,26.83,23.05,21.19,26.02,26.09,0.2754,0.3339,25.62,0
2021-05-31,5,151,0.49999999999999994,-0.8660254037844387,23.88,60.24,149.67,19.84,26.83,28.68,25.49,26.02,0.265,0.3306,25.9,0
2021-06-01,6,152,1.2246467991473532e-16,-1.0,14.75,68.72,163.64,22.65,19.84,23.05,25.33,25.49,0.2952,0.3765,25.0,0
2021-06-02,6,153,1.2246467991473532e-16,-1.0,19.51,83.73,178.03,30.77,22.65,26.83,25.62,25.33,0.2801,0.3976,25.22,0
2021-06-03,6,154,1.2246467991473532e-16,-1.0,20.42,95.98,195.36,33.71,30.77,19.84,25.9,25.62,0.2858,0.3362,24.81,0
2021-06-04,6,155,1.2246467991473532e-16,-1.0,29.93,122.56,220.82,35.44,33.71,22.65,25.0,25.9,0.3636,0.3719,25.67,0
2021-06-05,6,156,1.2246467991473532e-16,-1.0,9.21,125.86,223.64,34.11,35.44,30.77,25.22,25.0,0.3362,0.4116,26.01,0
2021-06-06,6,157,1.2246467991473532e-16,-1.0,6.46,124.16,228.91,35.5,34.11,33.71,24.81,25.22,0.3735,0.3835,24.38,0
2021-06-07,6,158,1.2246467991473532e-16,-1.0,2.77,103.05,222.94,35.52,35.5,35.44,25.67,24.81,0.3728,0.369,26.06,0
2021-06-08,6,159,1.2246467991473532e-16,-1.0,11.9,100.2,234.52,33.68,35.52,34.11,26.01,25.67,0.3487,0.421,25.49,0
2021-06-09,6,160,1.2246467991473532e-16,-1.0,6.44,87.13,239.89,34.28,33.68,35.5,24.38,26.01,0.3777,0.427,24.42,0
2021-06-10,6,161,1.2246467991473532e-16,-1.0,5.11,71.82,242.57,36.87,34.28,35.52,26.06,24.38,0.3551,0.3821,25.82,0
2021-06-11,6,162,1.2246467991473532e-16,-1.0,12.75,54.64,250.72,35.44,36.87,33.68,25.49,26.06,0.3387,0.4068,26.07,0
2021-06-12,6,163,1.2246467991473532e-16,-1.0,9.97,55.4,255.01,34.24,35.44,34.28,24.42,25.49,0.382,0.3668,25.08,0
2021-06-13,6,164,1.2246467991473532e-16,-1.0,3.56,52.5,253.98,31.08,34.24,36.87,25.82,24.42,0.3692,0.3755,25.04,0
2021-06-14,6,165,1.2246467991473532e-16,-1.0,13.41,63.14,261.43,35.63,31.08,35.44,26.07,25.82,0.3765,0.4106,24.24,0
2021-06-15,6,166,1.2246467991473532e-16,-1.0,8.68,59.92,264.66,40.28,35.63,34.24,25.08,26.07,0.4277,0.4097,24.88,0
2021-06-16,6,167,1.2246467991473532e-16,-1.0,7.01,60.49,264.6,43.09,40.28,31.08,25.04,25.08,0.3576,0.3798,25.29,0
2021-06-17,6,168,1.2246467991473532e-16,-1.0,5.45,60.83,263.56,48.51,43.09,35.63,24.24,25.04,0.3949,0.3867,24.07,1
2021-06-18,6,169,1.2246467991473532e-16,-1.0,4.88,52.96,267.17,49.79,48.51,40.28,24.88,24.24,0.3706,0.3784,24.24,0
2021-06-19,6,170,1.2246467991473532e-16,-1.0,9.85,52.84,275.5,52.37,49.79,43.09,25.29,24.88,0.4161,0.429,24.27,1
2021-06-20,6,171,1.2246467991473532e-16,-1.0,13.44,62.72,285.32,54.52,52.37,48.51,24.07,25.29,0.4128,0.3622,24.08,0
2021-06-21,6,172,1.2246467991473532e-16,-1.0,32.27,81.58,315.5,55.44,54.52,49.79,24.24,24.07,0.4415,0.409,24.71,0
2021-06-22,6,173,1.2246467991473532e-16,-1.0,6.56,79.46,319.72,54.69,55.44,52.37,24.27,24.24,0.4189,0.3859,24.66,0
2021-06-23,6,174,1.2246467991473532e-16,-1.0,4.11,76.56,318.68,65.17,54.69,54.52,24.08,24.27,0.4215,0.4538,25.24,0
2021-06-24,6,175,1.2246467991473532e-16,-1.0,4.37,75.48,316.78,63.52,65.17,55.44,24.71,24.08,0.4536,0.386,23.89,0
2021-06-25,6,176,1.2246467991473532e-16,-1.0,14.1,84.7,326.38,61.6,63.52,54.69,24.66,24.71,0.4792,0.4468,23.83,0
2021-06-26,6,177,1.2246467991473532e-16,-1.0,7.87,82.72,326.08,64.53,61.6,65.17,25.24,24.66,0.4531,0.4948,23.0,0
2021-06-27,6,178,1.2246467991473532e-16,-1.0,5.83,75.11,328.56,66.51,64.53,63.52,23.89,25.24,0.4278,0.4973,24.41,0
2021-06-28,6,179,1.2246467991473532e-16,-1.0,5.8,48.64,328.45,61.75,66.51,61.6,23.83,23.89,0.4524,0.3929,24.41,0
2021-06-29,6,180,1.2246467991473532e-16,-1.0,6.84,48.92,327.13,67.97,61.75,64.53,23.0,23.83,0.493,0.4552,24.33,0
2021-06-30,6,181,1.2246467991473532e-16,-1.0,6.21,51.02,309.46,68.26,67.97,66.51,24.41,23.0,0.4306,0.406,23.98,1
2021-07-01,7,182,-0.4999999999999998,-0.8660254037844388,2.7,49.35,297.41,64.43,68.26,61.75,24.41,24.41,0.4469,0.3927,23.76,0
2021-07-02,7,183,-0.4999999999999998,-0.8660254037844388,4.86,40.11,282.76,70.31,64.43,67.97,24.33,24.41,0.3897,0.4163,24.05,1
2021-07-03,7,184,-0.4999999999999998,-0.8660254037844388,9.75,41.99,272.09,73.08,70.31,68.26,23.98,24.33,0.394,0.4501,23.95,1
2021-07-04,7,185,-0.4999999999999998,-0.8660254037844388,11.29,47.45,253.45,67.75,73.08,64.43,23.76,23.98,0.3905,0.4201,24.48,0
2021-07-05,7,186,-0.4999999999999998,-0.8660254037844388,4.3,45.95,248.54,75.53,67.75,70.31,24.05,23.76,0.3816,0.3777,24.27,1
2021-07-06,7,187,-0.4999999999999998,-0.8660254037844388,2.04,41.15,244.12,77.82,75.53,73.08,23.95,24.05,0.3544,0.4176,24.04,0
2021-07-07,7,188,-0.4999999999999998,-0.8660254037844388,4.01,38.95,245.36,77.35,77.82,67.75,24.48,23.95,0.3546,0.3299,23.95,0
2021-07-08,7,189,-0.4999999999999998,-0.8660254037844388,1.84,38.09,235.3,83.42,77.35,75.53,24.27,24.48,0.3815,0.3686,24.54,1
2021-07-09,7,190,-0.4999999999999998,-0.8660254037844388,4.27,37.5,233.13,83.06,83.42,77.82,24.04,24.27,0.3836,0.3652,24.44,0
2021-07-10,7,191,-0.4999999999999998,-0.8660254037844388,1.15,28.9,229.17,82.2,83.06,77.35,23.95,24.04,0.3865,0.3899,24.34,0
2021-07-11,7,192,-0.4999999999999998,-0.8660254037844388,1.07,18.68,217.49,78.98,82.2,83.42,24.54,23.95,0.3818,0.3744,24.57,0
2021-07-12,7,193,-0.4999999999999998,-0.8660254037844388,1.06,15.44,208.58,81.33,78.98,83.06,24.44,24.54,0.3404,0.3709,25.03,0
2021-07-13,7,194,-0.4999999999999998,-0.8660254037844388,1.31,14.71,206.33,83.15,81.33,82.2,24.34,24.44,0.3295,0.3686,24.28,1
2021-07-14,7,195,-0.4999999999999998,-0.8660254037844388,2.08,12.78,195.0,82.91,83.15,78.98,24.57,24.34,0.3525,0.3677,23.99,0
2021-07-15,7,196,-0.4999999999999998,-0.8660254037844388,18.65,29.59,204.97,79.97,82.91,81.33,25.03,24.57,0.3487,0.3892,24.15,0
2021-07-16,7,197,-0.4999999999999998,-0.8660254037844388,53.27,78.59,251.23,82.27,79.97,83.15,24.28,25.03,0.3565,0.4052,24.18,1
2021-07-17,7,198,-0.4999999999999998,-0.8660254037844388,72.31,149.75,318.09,84.92,82.27,82.91,23.99,24.28,0.4156,0.4323,24.74,0
2021-07-18,7,199,-0.4999999999999998,-0.8660254037844388,3.93,152.61,317.14,82.42,84.92,79.97,24.15,23.99,0.4453,0.4523,24.53,0
2021-07-19,7,200,-0.4999999999999998,-0.8660254037844388,12.2,163.75,319.49,80.08,82.42,82.27,24.18,24.15,0.434,0.4665,24.08,1
2021-07-20,7,201,-0.4999999999999998,-0.8660254037844388,1.62,164.06,307.67,86.34,80.08,84.92,24.74,24.18,0.4264,0.4179,23.67,1
2021-07-21,7,202,-0.4999999999999998,-0.8660254037844388,2.09,164.07,277.49,78.77,86.34,82.42,24.53,24.74,0.4212,0.4147,23.75,1
2021-07-22,7,203,-0.4999999999999998,-0.8660254037844388,0.98,146.4,271.91,83.78,78.77,80.08,24.08,24.53,0.4099,0.448,23.89,1
2021-07-23,7,204,-0.4999999999999998,-0.8660254037844388,2.27,95.4,270.07,85.6,83.78,86.34,23.67,24.08,0.4197,0.379,22.97,0
2021-07-24,7,205,-0.4999999999999998,-0.8660254037844388,1.67,24.76,267.37,94.57,85.6,78.77,23.75,23.67,0.352,0.4646,23.28,0
2021-07-25,7,206,-0.4999999999999998,-0.8660254037844388,5.12,25.95,258.39,95.16,94.57,83.78,23.89,23.75,0.3876,0.3649,23.74,0
2021-07-26,7,207,-0.4999999999999998,-0.8660254037844388,11.46,25.21,261.98,100.67,95.16,85.6,22.97,23.89,0.3997,0.3968,23.88,1
2021-07-27,7,208,-0.4999999999999998,-0.8660254037844388,6.43,30.02,262.58,101.47,100.67,94.57,23.28,22.97,0.3558,0.379,23.8,0
2021-07-28,7,209,-0.4999999999999998,-0.8660254037844388,1.59,29.52,258.37,104.46,101.47,95.16,23.74,23.28,0.3694,0.4707,24.41,0
2021-07-29,7,210,-0.4999999999999998,-0.8660254037844388,4.18,32.72,255.71,109.78,104.46,100.67,23.88,23.74,0.3633,0.3883,23.7,0
2021-07-30,7,211,-0.4999999999999998,-0.8660254037844388,4.77,35.22,254.27,109.82,109.78,101.47,23.8,23.88,0.3793,0.3875,23.48,1
2021-07-31,7,212,-0.4999999999999998,-0.8660254037844388,8.17,41.72,259.74,116.12,109.82,104.46,24.41,23.8,0.4163,0.3947,23.87,1
2021-08-01,8,213,-0.8660254037844384,-0.5000000000000004,0.62,37.22,255.5,113.79,116.12,109.78,23.7,24.41,0.4204,0.4062,24.21,1
2021-08-02,8,214,-0.8660254037844384,-0.5000000000000004,3.27,29.03,249.02,117.18,113.79,109.82,23.48,23.7,0.3578,0.3896,23.61,0
2021-08-03,8,215,-0.8660254037844384,-0.5000000000000004,3.41,26.01,241.14,122.77,117.18,116.12,23.87,23.48,0.3776,0.3907,23.89,0
2021-08-04,8,216,-0.8660254037844384,-0.5000000000000004,17.37,41.79,254.21,127.05,122.77,113.79,24.21,23.87,0.39,0.2966,23.42,1
2021-08-05,8,217,-0.8660254037844384,-0.5000000000000004,11.96,49.57,264.13,136.22,127.05,117.18,23.61,24.21,0.3955,0.4102,22.72,1
2021-08-06,8,218,-0.8660254037844384,-0.5000000000000004,2.78,47.58,262.9,133.6,136.22,122.77,23.89,23.61,0.3946,0.4083,23.9,1
2021-08-07,8,219,-0.8660254037844384,-0.5000000000000004,32.65,72.06,293.71,129.81,133.6,127.05,23.42,23.89,0.4204,0.4574,23.76,1
2021-08-08,8,220,-0.8660254037844384,-0.5000000000000004,31.69,103.13,321.13,128.93,129.81,136.22,22.72,23.42,0.4728,0.4819,23.85,1
2021-08-09,8,221,-0.8660254037844384,-0.5000000000000004,7.85,107.71,327.83,135.26,128.93,133.6,23.9,22.72,0.4671,0.4411,23.78,1
2021-08-10,8,222,-0.8660254037844384,-0.5000000000000004,5.14,109.44,331.9,140.37,135.26,129.81,23.76,23.9,0.4275,0.4736,23.8,1
2021-08-11,8,223,-0.8660254037844384,-0.5000000000000004,13.01,105.08,343.85,143.66,140.37,128.93,23.85,23.76,0.4754,0.4233,24.38,1
2021-08-12,8,224,-0.8660254037844384,-0.5000000000000004,5.39,98.51,347.93,141.94,143.66,135.26,23.78,23.85,0.481,0.4818,23.43,1
2021-08-13,8,225,-0.8660254037844384,-0.5000000000000004,10.39,106.12,356.24,148.48,141.94,140.37,23.8,23.78,0.4769,0.4466,23.06,1
2021-08-14,8,226,-0.8660254037844384,-0.5000000000000004,12.2,85.67,349.79,146.26,148.48,143.66,24.38,23.8,0.4874,0.4243,23.76,1
2021-08-15,8,227,-0.8660254037844384,-0.5000000000000004,13.42,67.4,309.94,153.47,146.26,141.94,23.43,24.38,0.4327,0.4304,23.63,1
2021-08-16,8,228,-0.8660254037844384,-0.5000000000000004,29.26,88.81,266.89,165.89,153.47,148.48,23.06,23.43,0.3942,0.4521,23.38,1
2021-08-17,8,229,-0.8660254037844384,-0.5000000000000004,18.61,102.28,281.57,167.03,165.89,146.26,23.76,23.06,0.4058,0.4244,23.65,1
2021-08-18,8,230,-0.8660254037844384,-0.5000000000000004,9.86,99.13,279.23,169.08,167.03,153.47,23.63,23.76,0.3609,0.4624,23.59,1
2021-08-19,8,231,-0.8660254037844384,-0.5000000000000004,18.8,112.54,296.41,167.08,169.08,165.89,23.38,23.63,0.4152,0.4054,23.56,1
2021-08-20,8,232,-0.8660254037844384,-0.5000000000000004,32.56,134.71,326.88,160.9,167.08,167.03,23.65,23.38,0.4308,0.4776,23.41,1
2021-08-21,8,233,-0.8660254037844384,-0.5000000000000004,23.82,146.33,349.72,161.12,160.9,169.08,23.59,23.65,0.441,0.4403,24.54,1
2021-08-22,8,234,-0.8660254037844384,-0.5000000000000004,4.39,137.3,351.84,159.61,161.12,167.08,23.56,23.59,0.4953,0.4679,24.75,1
2021-08-23,8,235,-0.8660254037844384,-0.5000000000000004,12.07,120.11,362.24,157.3,159.61,160.9,23.41,23.56,0.4861,0.4738,23.7,1
2021-08-24,8,236,-0.8660254037844384,-0.5000000000000004,9.19,110.69,366.31,168.29,157.3,161.12,24.54,23.41,0.4791,0.4896,24.07,1
2021-08-25,8,237,-0.8660254037844384,-0.5000000000000004,6.81,107.64,361.66,171.94,168.29,159.61,24.75,24.54,0.4642,0.4745,24.58,1
2021-08-26,8,238,-0.8660254037844384,-0.5000000000000004,13.96,102.8,369.19,175.78,171.94,157.3,23.7,24.75,0.4882,0.4493,24.62,1
2021-08-27,8,239,-0.8660254037844384,-0.5000000000000004,7.38,77.62,374.98,176.55,175.78,168.29,24.07,23.7,0.5073,0.5014,23.79,1
2021-08-28,8,240,-0.8660254037844384,-0.5000000000000004,6.55,60.35,377.35,177.94,176.55,171.94,24.58,24.07,0.4731,0.5284,25.02,1
2021-08-29,8,241,-0.8660254037844384,-0.5000000000000004,60.31,116.27,432.89,184.81,177.94,175.78,24.62,24.58,0.5395,0.4922,25.05,1
2021-08-30,8,242,-0.8660254037844384,-0.5000000000000004,35.11,139.31,459.83,187.27,184.81,176.55,23.79,24.62,0.5812,0.4708,24.19,1
2021-08-31,8,243,-0.8660254037844384,-0.5000000000000004,9.67,139.79,468.88,191.88,187.27,177.94,25.02,23.79,0.5333,0.5463,24.18,1
2021-09-01,9,244,-1.0,-1.8369701987210297e-16,9.28,142.26,474.89,193.1,191.88,184.81,25.05,25.02,0.5762,0.525,23.42,1
2021-09-02,9,245,-1.0,-1.8369701987210297e-16,19.39,147.69,490.87,193.92,193.1,187.27,24.19,25.05,0.5832,0.5406,23.95,1
2021-09-03,9,246,-1.0,-1.8369701987210297e-16,11.58,151.89,485.08,190.32,193.92,191.88,24.18,24.19,0.5839,0.5577,23.53,1
2021-09-04,9,247,-1.0,-1.8369701987210297e-16,14.18,159.52,487.3,185.06,190.32,193.1,23.42,24.18,0.5785,0.5287,25.06,1
2021-09-05,9,248,-1.0,-1.8369701987210297e-16,16.12,115.33,500.64,187.74,185.06,193.92,23.95,23.42,0.6033,0.5423,24.11,1
2021-09-06,9,249,-1.0,-1.8369701987210297e-16,12.78,93.0,480.77,190.95,187.74,190.32,23.53,23.95,0.6212,0.5355,24.8,1
2021-09-07,9,250,-1.0,-1.8369701987210297e-16,5.4,88.73,454.48,187.85,190.95,185.06,25.06,23.53,0.5526,0.5668,24.7,1
2021-09-08,9,251,-1.0,-1.8369701987210297e-16,17.24,96.69,463.87,190.37,187.85,187.74,24.11,25.06,0.5733,0.5292,24.36,1
2021-09-09,9,252,-1.0,-1.8369701987210297e-16,7.64,84.94,466.37,192.9,190.37,190.95,24.8,24.11,0.6096,0.4928,24.36,1
2021-09-10,9,253,-1.0,-1.8369701987210297e-16,31.98,105.34,485.34,186.51,192.9,187.85,24.7,24.8,0.5758,0.5053,23.53,1
2021-09-11,9,254,-1.0,-1.8369701987210297e-16,4.45,95.61,484.4,185.97,186.51,190.37,24.36,24.7,0.6223,0.5448,24.35,1
2021-09-12,9,255,-1.0,-1.8369701987210297e-16,7.13,86.62,481.14,190.68,185.97,192.9,24.36,24.36,0.5831,0.5048,23.62,1
2021-09-13,9,256,-1.0,-1.8369701987210297e-16,13.23,87.07,482.17,194.54,190.68,186.51,23.53,24.36,0.6196,0.4924,24.41,1
2021-09-14,9,257,-1.0,-1.8369701987210297e-16,6.74,88.41,475.49,191.45,194.54,185.97,24.35,23.53,0.5929,0.5544,24.46,1
2021-09-15,9,258,-1.0,-1.8369701987210297e-16,3.7,74.87,449.93,193.5,191.45,190.68,23.62,24.35,0.5611,0.5405,24.22,1
2021-09-16,9,259,-1.0,-1.8369701987210297e-16,4.64,71.87,435.96,198.32,193.5,194.54,24.41,23.62,0.5411,0.5005,24.8,1
2021-09-17,9,260,-1.0,-1.8369701987210297e-16,1.11,41.0,427.21,201.15,198.32,191.45,24.46,24.41,0.522,0.5151,24.46,1
2021-09-18,9,261,-1.0,-1.8369701987210297e-16,18.39,54.94,426.8,199.9,201.15,193.5,24.22,24.46,0.5356,0.5117,23.6,1
2021-09-19,9,262,-1.0,-1.8369701987210297e-16,8.7,56.51,402.94,196.76,199.9,198.32,24.8,24.22,0.5306,0.5098,23.56,1
2021-09-20,9,263,-1.0,-1.8369701987210297e-16,15.78,59.06,394.9,193.13,196.76,201.15,24.46,24.8,0.5051,0.5051,24.57,1
2021-09-21,9,264,-1.0,-1.8369701987210297e-16,52.51,104.83,443.02,195.11,193.13,199.9,23.6,24.46,0.5424,0.4376,24.21,1
2021-09-22,9,265,-1.0,-1.8369701987210297e-16,1.55,102.68,432.5,195.31,195.11,196.76,23.56,23.6,0.5342,0.5023,24.31,1
2021-09-23,9,266,-1.0,-1.8369701987210297e-16,1.28,99.32,424.59,196.87,195.31,193.13,24.57,23.56,0.552,0.5203,24.23,1
2021-09-24,9,267,-1.0,-1.8369701987210297e-16,6.67,104.88,424.45,195.98,196.87,195.11,24.21,24.57,0.5565,0.4924,24.14,1
2021-09-25,9,268,-1.0,-1.8369701987210297e-16,15.15,101.64,425.64,197.76,195.98,195.31,24.31,24.21,0.5197,0.5065,24.45,1
2021-09-26,9,269,-1.0,-1.8369701987210297e-16,2.23,95.17,420.49,196.04,197.76,196.87,24.23,24.31,0.5151,0.5248,24.54,1
2021-09-27,9,270,-1.0,-1.8369701987210297e-16,7.0,86.39,420.94,197.09,196.04,195.98,24.14,24.23,0.5364,0.505,24.71,1
2021-09-28,9,271,-1.0,-1.8369701987210297e-16,8.81,42.69,369.44,197.14,197.09,197.76,24.45,24.14,0.513,0.5169,23.84,1
2021-09-29,9,272,-1.0,-1.8369701987210297e-16,5.26,46.4,339.59,189.68,197.14,196.04,24.54,24.45,0.4786,0.4876,24.89,1
2021-09-30,9,273,-1.0,-1.8369701987210297e-16,17.07,62.19,346.99,179.18,189.68,197.09,24.71,24.54,0.4373,0.4546,24.42,1
2021-10-01,10,274,-0.8660254037844386,0.5000000000000001,14.68,70.2,352.39,183.47,179.18,197.14,23.84,24.71,0.4619,0.4555,25.8,0
2021-10-02,10,275,-0.8660254037844386,0.5000000000000001,8.35,63.4,341.35,181.47,183.47,189.68,24.89,23.84,0.4386,0.3693,25.91,1
2021-10-03,10,276,-0.8660254037844386,0.5000000000000001,35.01,96.18,364.78,172.01,181.47,179.18,24.42,24.89,0.473,0.4591,24.46,1
2021-10-04,10,277,-0.8660254037844386,0.5000000000000001,13.09,102.27,363.69,167.65,172.01,183.47,25.8,24.42,0.5094,0.4276,25.67,1
2021-10-05,10,278,-0.8660254037844386,0.5000000000000001,19.41,112.87,366.98,169.63,167.65,181.47,25.91,25.8,0.4518,0.4768,26.14,1
2021-10-06,10,279,-0.8660254037844386,0.5000000000000001,48.14,155.75,402.34,167.43,169.63,172.01,24.46,25.91,0.4797,0.496,25.15,0
2021-10-07,10,280,-0.8660254037844386,0.5000000000000001,13.21,151.89,410.15,164.45,167.43,167.65,25.67,24.46,0.5026,0.517,25.2,1
2021-10-08,10,281,-0.8660254037844386,0.5000000000000001,5.37,142.58,398.28,169.02,164.45,169.63,26.14,25.67,0.5142,0.5309,25.39,1
2021-10-09,10,282,-0.8660254037844386,0.5000000000000001,9.92,144.15,400.56,162.83,169.02,167.43,25.15,26.14,0.5229,0.4895,25.31,1
2021-10-10,10,283,-0.8660254037844386,0.5000000000000001,7.53,116.67,376.11,157.79,162.83,164.45,25.2,25.15,0.4972,0.5441,25.25,1
2021-10-11,10,284,-0.8660254037844386,0.5000000000000001,5.43,109.01,377.09,157.23,157.79,169.02,25.39,25.2,0.5129,0.4832,24.93,1
2021-10-12,10,285,-0.8660254037844386,0.5000000000000001,6.47,96.07,376.43,157.12,157.23,162.83,25.31,25.39,0.4535,0.4366,25.24,1
2021-10-13,10,286,-0.8660254037844386,0.5000000000000001,3.69,51.62,366.89,156.94,157.12,157.79,25.25,25.31,0.504,0.4533,25.41,1
2021-10-14,10,287,-0.8660254037844386,0.5000000000000001,2.44,40.85,362.59,158.03,156.94,157.23,24.93,25.25,0.4701,0.4564,25.26,1
2021-10-15,10,288,-0.8660254037844386,0.5000000000000001,2.32,37.8,361.21,155.74,158.03,157.12,25.24,24.93,0.4897,0.4845,23.89,1
2021-10-16,10,289,-0.8660254037844386,0.5000000000000001,3.87,31.75,360.44,154.6,155.74,156.94,25.41,25.24,0.4479,0.4378,24.4,1
2021-10-17,10,290,-0.8660254037844386,0.5000000000000001,12.77,36.99,372.1,150.51,154.6,158.03,25.26,25.41,0.485,0.4643,24.3,1
2021-10-18,10,291,-0.8660254037844386,0.5000000000000001,2.25,33.81,355.96,147.7,150.51,155.74,23.89,25.26,0.4751,0.4587,25.5,1
2021-10-19,10,292,-0.8660254037844386,0.5000000000000001,2.91,30.25,350.17,145.04,147.7,154.6,24.4,23.89,0.4883,0.4467,25.3,1
2021-10-20,10,293,-0.8660254037844386,0.5000000000000001,4.37,30.93,338.76,142.67,145.04,150.51,24.3,24.4,0.4232,0.4776,23.91,0
2021-10-21,10,294,-0.8660254037844386,0.5000000000000001,1.89,30.38,288.14,141.64,142.67,147.7,25.5,24.3,0.4099,0.4421,25.78,1
2021-10-22,10,295,-0.8660254037844386,0.5000000000000001,5.2,33.26,291.79,139.63,141.64,145.04,25.3,25.5,0.3909,0.4601,26.0,1
2021-10-23,10,296,-0.8660254037844386,0.5000000000000001,11.12,40.51,301.63,135.73,139.63,142.67,23.91,25.3,0.4316,0.421,25.35,1
2021-10-24,10,297,-0.8660254037844386,0.5000000000000001,0.19,27.93,295.15,128.56,135.73,141.64,25.78,23.91,0.4312,0.4632,25.16,0
2021-10-25,10,298,-0.8660254037844386,0.5000000000000001,2.21,27.89,282.21,125.42,128.56,139.63,26.0,25.78,0.4297,0.3784,24.74,1
2021-10-26,10,299,-0.8660254037844386,0.5000000000000001,4.79,29.77,284.77,122.1,125.42,135.73,25.35,26.0,0.3956,0.3792,26.03,1
2021-10-27,10,300,-0.8660254037844386,0.5000000000000001,3.99,29.39,281.76,119.79,122.1,128.56,25.16,25.35,0.4221,0.3826,25.42,1
2021-10-28,10,301,-0.8660254037844386,0.5000000000000001,16.79,44.29,289.74,125.72,119.79,125.42,24.74,25.16,0.438,0.4241,25.58,0
2021-10-29,10,302,-0.8660254037844386,0.5000000000000001,2.58,41.67,287.06,119.48,125.72,122.1,26.03,24.74,0.3755,0.4583,25.46,0
2021-10-30,10,303,-0.8660254037844386,0.5000000000000001,2.96,33.51,272.95,117.41,119.48,119.79,25.42,26.03,0.4079,0.3957,24.51,1
2021-10-31,10,304,-0.8660254037844386,0.5000000000000001,3.19,36.51,261.46,117.74,117.41,125.72,25.58,25.42,0.4045,0.3926,25.14,1
2021-11-01,11,305,-0.5000000000000004,0.8660254037844384,7.88,42.18,260.99,113.84,117.74,119.48,25.46,25.58,0.3797,0.4001,25.0,0
2021-11-02,11,306,-0.5000000000000004,0.8660254037844384,2.08,39.47,228.06,118.61,113.84,117.41,24.51,25.46,0.331,0.404,25.0,1
2021-11-03,11,307,-0.5000000000000004,0.8660254037844384,0.49,35.97,215.46,111.3,118.61,117.74,25.14,24.51,0.3628,0.3649,25.46,0
2021-11-04,11,308,-0.5000000000000004,0.8660254037844384,1.55,20.73,197.6,107.31,111.3,113.84,25.0,25.14,0.3038,0.3526,24.63,0
2021-11-05,11,309,-0.5000000000000004,0.8660254037844384,1.28,19.43,150.74,98.31,107.31,118.61,25.0,25.0,0.2821,0.3001,25.51,0
2021-11-06,11,310,-0.5000000000000004,0.8660254037844384,0.44,16.91,137.97,91.96,98.31,111.3,25.46,25.0,0.2734,0.3156,25.79,0
2021-11-07,11,311,-0.5000000000000004,0.8660254037844384,19.92,33.64,152.52,88.98,91.96,107.31,24.63,25.46,0.3016,0.3768,26.09,0
2021-11-08,11,312,-0.5000000000000004,0.8660254037844384,12.62,38.38,155.22,88.64,88.98,98.31,25.51,24.63,0.2772,0.3459,25.2,0
2021-11-09,11,313,-0.5000000000000004,0.8660254037844384,18.74,55.04,166.43,86.21,88.64,91.96,25.79,25.51,0.2861,0.3277,24.87,0
2021-11-10,11,314,-0.5000000000000004,0.8660254037844384,31.37,85.92,192.37,88.13,86.21,88.98,26.09,25.79,0.3251,0.4025,25.74,0
2021-11-11,11,315,-0.5000000000000004,0.8660254037844384,27.66,112.03,213.56,84.51,88.13,88.64,25.2,26.09,0.3623,0.3606,25.55,0
2021-11-12,11,316,-0.5000000000000004,0.8660254037844384,25.91,136.66,235.78,80.66,84.51,86.21,24.87,25.2,0.408,0.4341,25.86,1
2021-11-13,11,317,-0.5000000000000004,0.8660254037844384,14.58,150.8,247.92,89.54,80.66,88.13,25.74,24.87,0.343,0.4409,25.12,0
2021-11-14,11,318,-0.5000000000000004,0.8660254037844384,18.4,149.28,264.0,87.94,89.54,84.51,25.55,25.74,0.3939,0.4101,25.58,0
2021-11-15,11,319,-0.5000000000000004,0.8660254037844384,57.11,193.77,317.24,82.87,87.94,80.66,25.86,25.55,0.4138,0.3954,25.75,0
2021-11-16,11,320,-0.5000000000000004,0.8660254037844384,64.19,239.22,368.66,79.41,82.87,89.54,25.12,25.86,0.5022,0.5399,25.81,1
2021-11-17,11,321,-0.5000000000000004,0.8660254037844384,2.15,210.0,368.56,75.28,79.41,87.94,25.58,25.12,0.4629,0.4828,24.87,1
2021-11-18,11,322,-0.5000000000000004,0.8660254037844384,1.24,183.58,366.89,79.07,75.28,82.87,25.75,25.58,0.4667,0.4604,25.56,1
2021-11-19,11,323,-0.5000000000000004,0.8660254037844384,0.67,158.34,363.19,76.86,79.07,79.41,25.81,25.75,0.4651,0.4966,25.62,0
2021-11-20,11,324,-0.5000000000000004,0.8660254037844384,0.69,144.45,361.99,76.75,76.86,75.28,24.87,25.81,0.4743,0.4883,25.17,0
2021-11-21,11,325,-0.5000000000000004,0.8660254037844384,0.69,126.74,357.48,75.66,76.75,79.07,25.56,24.87,0.4782,0.5038,25.88,0
2021-11-22,11,326,-0.5000000000000004,0.8660254037844384,1.67,71.3,348.03,77.58,75.66,76.86,25.62,25.56,0.4729,0.4389,25.7,0
2021-11-23,11,327,-0.5000000000000004,0.8660254037844384,0.71,7.82,348.55,72.77,77.58,76.75,25.17,25.62,0.4636,0.4687,25.38,1
2021-11-24,11,328,-0.5000000000000004,0.8660254037844384,0.6,6.27,346.94,67.58,72.77,75.66,25.88,25.17,0.4356,0.4226,24.4,0
2021-11-25,11,329,-0.5000000000000004,0.8660254037844384,0.99,6.02,343.14,68.17,67.58,77.58,25.7,25.88,0.4734,0.4759,24.86,0
2021-11-26,11,330,-0.5000000000000004,0.8660254037844384,1.05,6.4,340.2,70.0,68.17,72.77,25.38,25.7,0.4551,0.4534,24.86,0
2021-11-27,11,331,-0.5000000000000004,0.8660254037844384,0.02,5.73,323.43,70.05,70.0,67.58,24.4,25.38,0.4643,0.4525,25.87,0
2021-11-28,11,332,-0.5000000000000004,0.8660254037844384,0.02,5.06,320.87,65.35,70.05,68.17,24.86,24.4,0.4246,0.4381,24.53,0
2021-11-29,11,333,-0.5000000000000004,0.8660254037844384,0.03,3.42,317.94,67.14,65.35,70.0,24.86,24.86,0.4041,0.4332,24.97,0
2021-11-30,11,334,-0.5000000000000004,0.8660254037844384,0.02,2.73,314.77,62.81,67.14,70.05,25.87,24.86,0.4326,0.4128,25.09,0
2021-12-01,12,335,-2.4492935982947064e-16,1.0,0.01,2.14,306.9,59.78,62.81,65.35,24.53,25.87,0.4521,0.4579,25.01,0
2021-12-02,12,336,-2.4492935982947064e-16,1.0,2.83,3.98,307.65,55.42,59.78,67.14,24.97,24.53,0.4301,0.4793,23.28,0
2021-12-03,12,337,-2.4492935982947064e-16,1.0,1.29,4.22,308.45,60.61,55.42,62.81,25.09,24.97,0.4236,0.4184,24.62,0
2021-12-04,12,338,-2.4492935982947064e-16,1.0,0.43,4.63,307.33,62.24,60.61,59.78,25.01,25.09,0.4092,0.451,25.17,0
2021-12-05,12,339,-2.4492935982947064e-16,1.0,2.51,7.12,308.56,63.45,62.24,55.42,23.28,25.01,0.4629,0.4481,24.2,0
2021-12-06,12,340,-2.4492935982947064e-16,1.0,0.68,7.77,308.8,66.97,63.45,60.61,24.62,23.28,0.4073,0.4355,23.61,0
2021-12-07,12,341,-2.4492935982947064e-16,1.0,0.04,7.79,288.92,75.79,66.97,62.24,25.17,24.62,0.3955,0.3776,24.2,0
2021-12-08,12,342,-2.4492935982947064e-16,1.0,0.03,7.81,276.33,64.89,75.79,63.45,24.2,25.17,0.4101,0.3768,24.12,0
2021-12-09,12,343,-2.4492935982947064e-16,1.0,0.0,4.98,257.59,59.11,64.89,66.97,23.61,24.2,0.3447,0.3811,24.54,1
2021-12-10,12,344,-2.4492935982947064e-16,1.0,0.0,3.69,226.22,54.05,59.11,75.79,24.2,23.61,0.3791,0.3216,24.91,0
2021-12-11,12,345,-2.4492935982947064e-16,1.0,0.0,3.26,198.56,48.25,54.05,64.89,24.12,24.2,0.3412,0.4114,25.46,0
2021-12-12,12,346,-2.4492935982947064e-16,1.0,4.68,5.43,177.33,41.97,48.25,59.11,24.54,24.12,0.3276,0.3674,25.03,1
2021-12-13,12,347,-2.4492935982947064e-16,1.0,56.33,61.08,219.08,40.44,41.97,54.05,24.91,24.54,0.3583,0.3805,21.8,0
2021-12-14,12,348,-2.4492935982947064e-16,1.0,61.77,122.81,262.45,36.19,40.44,48.25,25.46,24.91,0.383,0.3418,22.78,1
2021-12-15,12,349,-2.4492935982947064e-16,1.0,31.57,154.35,236.91,38.29,36.19,41.97,25.03,25.46,0.342,0.3374,21.56,0
2021-12-16,12,350,-2.4492935982947064e-16,1.0,1.04,155.39,173.76,37.74,38.29,40.44,21.8,25.03,0.3036,0.3542,20.73,0
2021-12-17,12,351,-2.4492935982947064e-16,1.0,0.0,155.39,171.61,38.92,37.74,36.19,22.78,21.8,0.2849,0.4121,20.79,0
2021-12-18,12,352,-2.4492935982947064e-16,1.0,0.0,155.39,170.37,39.96,38.92,38.29,21.56,22.78,0.3131,0.3313,21.92,1
2021-12-19,12,353,-2.4492935982947064e-16,1.0,0.0,150.71,169.7,41.17,39.96,37.74,20.73,21.56,0.3189,0.3777,22.54,0
2021-12-20,12,354,-2.4492935982947064e-16,1.0,0.0,94.38,169.01,38.25,41.17,38.92,20.79,20.73,0.3316,0.337,22.23,0
2021-12-21,12,355,-2.4492935982947064e-16,1.0,0.0,32.61,168.32,45.69,38.25,39.96,21.92,20.79,0.3089,0.3526,23.68,0
2021-12-22,12,356,-2.4492935982947064e-16,1.0,0.0,1.04,166.65,44.41,45.69,41.17,22.54,21.92,0.3185,0.3864,24.3,0
2021-12-23,12,357,-2.4492935982947064e-16,1.0,0.0,0.0,165.94,34.89,44.41,38.25,22.23,22.54,0.2934,0.3392,25.44,0
2021-12-24,12,358,-2.4492935982947064e-16,1.0,0.0,0.0,165.34,30.2,34.89,45.69,23.68,22.23,0.2892,0.3285,24.83,0
2021-12-25,12,359,-2.4492935982947064e-16,1.0,0.01,0.01,164.36,23.21,30.2,44.41,24.3,23.68,0.3074,0.3912,22.93,0
2021-12-26,12,360,-2.4492935982947064e-16,1.0,0.0,0.01,163.31,24.26,23.21,34.89,25.44,24.3,0.2892,0.3494,21.78,0
2021-12-27,12,361,-2.4492935982947064e-16,1.0,3.43,3.44,166.72,24.64,24.26,30.2,24.83,25.44,0.3054,0.3828,22.11,0
2021-12-28,12,362,-2.4492935982947064e-16,1.0,14.22,17.66,180.92,23.8,24.64,23.21,22.93,24.83,0.2916,0.338,22.98,0
2021-12-29,12,363,-2.4492935982947064e-16,1.0,6.13,23.79,187.02,33.1,23.8,24.26,21.78,22.93,0.3007,0.4044,24.49,0
2021-12-30,12,364,-2.4492935982947064e-16,1.0,0.02,23.81,187.02,35.13,33.1,24.64,22.11,21.78,0.331,0.3704,21.73,0
2021-12-31,12,365,-2.4492935982947064e-16,1.0,0.62,24.43,187.63,37.56,35.13,23.8,22.98,22.11,0.3366,0.3756,20.65,0
2022-01-01,1,1,0.49999999999999994,0.8660254037844387,3.85,28.27,188.65,32.8,37.56,33.1,24.49,22.98,0.3001,0.3671,22.12,0
2022-01-02,1,2,0.49999999999999994,0.8660254037844387,3.21,31.48,190.57,28.51,32.8,35.13,21.73,24.49,0.3349,0.3492,22.23,0
2022-01-03,1,3,0.49999999999999994,0.8660254037844387,1.26,29.31,191.4,29.03,28.51,37.56,20.65,21.73,0.3116,0.3648,23.79,0
2022-01-04,1,4,0.49999999999999994,0.8660254037844387,0.4,15.49,189.29,29.97,29.03,32.8,22.12,20.65,0.3207,0.3503,25.34,0
2022-01-05,1,5,0.49999999999999994,0.8660254037844387,0.0,9.36,188.61,22.65,29.97,28.51,22.23,22.12,0.3481,0.392,24.66,0
2022-01-06,1,6,0.49999999999999994,0.8660254037844387,0.0,9.34,188.57,23.12,22.65,29.03,23.79,22.23,0.3359,0.3571,23.6,0
2022-01-07,1,7,0.49999999999999994,0.8660254037844387,0.12,8.84,188.66,24.31,23.12,29.97,25.34,23.79,0.3357,0.3183,23.54,0
2022-01-08,1,8,0.49999999999999994,0.8660254037844387,4.27,9.26,192.93,24.47,24.31,22.65,24.66,25.34,0.3618,0.3154,25.16,0
2022-01-09,1,9,0.49999999999999994,0.8660254037844387,0.53,6.58,193.46,22.23,24.47,23.12,23.6,24.66,0.31,0.3143,24.95,0
2022-01-10,1,10,0.49999999999999994,0.8660254037844387,19.15,24.47,212.61,21.76,22.23,24.31,23.54,23.6,0.3216,0.3961,23.7,0
2022-01-11,1,11,0.49999999999999994,0.8660254037844387,0.82,24.89,208.75,22.75,21.76,24.47,25.16,23.54,0.3234,0.3407,24.75,0
2022-01-12,1,12,0.49999999999999994,0.8660254037844387,0.95,25.84,153.37,23.66,22.75,22.23,24.95,25.16,0.2829,0.351,24.46,0
2022-01-13,1,13,0.49999999999999994,0.8660254037844387,2.27,28.11,93.87,25.42,23.66,21.76,23.7,24.95,0.1874,0.3104,24.25,0
2022-01-14,1,14,0.49999999999999994,0.8660254037844387,0.6,28.59,62.9,28.26,25.42,22.75,24.75,23.7,0.2025,0.2858,23.62,0
2022-01-15,1,15,0.49999999999999994,0.8660254037844387,0.4,24.72,62.26,25.17,28.26,23.66,24.46,24.75,0.1951,0.3005,22.61,1
2022-01-16,1,16,0.49999999999999994,0.8660254037844387,0.04,24.23,62.3,21.89,25.17,25.42,24.25,24.46,0.2217,0.2921,20.67,0
2022-01-17,1,17,0.49999999999999994,0.8660254037844387,0.09,5.17,62.39,22.68,21.89,28.26,23.62,24.25,0.2132,0.2061,21.31,0
2022-01-18,1,18,0.49999999999999994,0.8660254037844387,0.75,5.1,63.14,24.06,22.68,25.17,22.61,23.62,0.1948,0.2782,21.59,0
2022-01-19,1,19,0.49999999999999994,0.8660254037844387,0.0,4.15,63.14,21.05,24.06,21.89,20.67,22.61,0.2186,0.3006,22.12,0
2022-01-20,1,20,0.49999999999999994,0.8660254037844387,0.0,1.88,63.14,23.39,21.05,22.68,21.31,20.67,0.2213,0.3371,22.68,0
2022-01-21,1,21,0.49999999999999994,0.8660254037844387,0.0,1.28,63.14,26.14,23.39,24.06,21.59,21.31,0.1915,0.3385,22.0,0
2022-01-22,1,22,0.49999999999999994,0.8660254037844387,0.0,0.88,63.14,29.72,26.14,21.05,22.12,21.59,0.197,0.247,19.92,0
2022-01-23,1,23,0.49999999999999994,0.8660254037844387,0.0,0.84,63.14,34.71,29.72,23.39,22.68,22.12,0.1623,0.2774,20.95,0
2022-01-24,1,24,0.49999999999999994,0.8660254037844387,0.2,0.95,63.33,28.38,34.71,26.14,22.0,22.68,0.1852,0.241,22.94,0
2022-01-25,1,25,0.49999999999999994,0.8660254037844387,0.0,0.2,63.33,26.52,28.38,29.72,19.92,22.0,0.1921,0.3336,22.68,0
2022-01-26,1,26,0.49999999999999994,0.8660254037844387,0.0,0.2,59.9,24.86,26.52,34.71,20.95,19.92,0.2054,0.3163,21.84,0
2022-01-27,1,27,0.49999999999999994,0.8660254037844387,0.09,0.29,45.77,22.76,24.86,28.38,22.94,20.95,0.1723,0.288,20.31,0
2022-01-28,1,28,0.49999999999999994,0.8660254037844387,0.0,0.29,39.64,18.67,22.76,26.52,22.68,22.94,0.1754,0.2788,19.89,0
2022-01-29,1,29,0.49999999999999994,0.8660254037844387,0.03,0.32,39.65,11.84,18.67,24.86,21.84,22.68,0.1612,0.3152,21.5,0
2022-01-30,1,30,0.49999999999999994,0.8660254037844387,0.0,0.32,39.03,12.34,11.84,22.76,20.31,21.84,0.1885,0.3098,22.49,0
2022-01-31,1,31,0.49999999999999994,0.8660254037844387,0.0,0.12,35.18,9.25,12.34,18.67,19.89,20.31,0.1902,0.3058,22.19,0
2022-02-01,2,32,0.8660254037844386,0.5000000000000001,0.0,0.12,31.97,9.98,9.25,11.84,21.5,19.89,0.1868,0.2829,23.13,0
2022-02-02,2,33,0.8660254037844386,0.5000000000000001,0.0,0.12,30.71,7.06,9.98,12.34,22.49,21.5,0.1779,0.2579,22.78,0
2022-02-03,2,34,0.8660254037844386,0.5000000000000001,0.0,0.03,30.31,3.35,7.06,9.25,22.19,22.49,0.1465,0.2912,22.91,0
2022-02-04,2,35,0.8660254037844386,0.5000000000000001,0.0,0.03,30.31,5.53,3.35,9.98,23.13,22.19,0.1649,0.2927,23.28,0
2022-02-05,2,36,0.8660254037844386,0.5000000000000001,0.0,0.0,30.31,7.05,5.53,7.06,22.78,23.13,0.1691,0.2625,24.05,0
2022-02-06,2,37,0.8660254037844386,0.5000000000000001,0.0,0.0,30.19,10.05,7.05,3.35,22.91,22.78,0.1691,0.2576,25.32,0
2022-02-07,2,38,0.8660254037844386,0.5000000000000001,0.0,0.0,25.92,18.95,10.05,5.53,23.28,22.91,0.1748,0.2996,24.12,0
2022-02-08,2,39,0.8660254037844386,0.5000000000000001,0.0,0.0,25.39,18.88,18.95,7.05,24.05,23.28,0.2014,0.3152,23.79,0
2022-02-09,2,40,0.8660254037844386,0.5000000000000001,0.0,0.0,6.24,19.3,18.88,10.05,25.32,24.05,0.1719,0.2313,24.38,0
2022-02-10,2,41,0.8660254037844386,0.5000000000000001,0.82,0.82,6.24,13.4,19.3,18.95,24.12,25.32,0.1359,0.2458,25.46,0
2022-02-11,2,42,0.8660254037844386,0.5000000000000001,0.82,1.64,6.11,7.56,13.4,18.88,23.79,24.12,0.1691,0.2642,25.09,0
2022-02-12,2,43,0.8660254037844386,0.5000000000000001,2.0,3.64,5.84,14.06,7.56,19.3,24.38,23.79,0.1681,0.2681,25.37,0
2022-02-13,2,44,0.8660254037844386,0.5000000000000001,6.51,10.15,11.75,9.67,14.06,13.4,25.46,24.38,0.1445,0.2414,25.35,0
2022-02-14,2,45,0.8660254037844386,0.5000000000000001,3.17,13.32,14.52,5.5,9.67,7.56,25.09,25.46,0.18,0.3152,25.63,0
2022-02-15,2,46,0.8660254037844386,0.5000000000000001,0.0,13.32,14.48,5.98,5.5,14.06,25.37,25.09,0.1598,0.2714,26.44,0
2022-02-16,2,47,0.8660254037844386,0.5000000000000001,0.0,13.32,14.39,6.18,5.98,9.67,25.35,25.37,0.1348,0.2746,25.93,1
2022-02-17,2,48,0.8660254037844386,0.5000000000000001,0.0,12.5,13.64,3.09,6.18,5.5,25.63,25.35,0.1714,0.311,26.46,0
2022-02-18,2,49,0.8660254037844386,0.5000000000000001,0.0,11.68,13.64,2.85,3.09,5.98,26.44,25.63,0.1666,0.2447,25.66,0
2022-02-19,2,50,0.8660254037844386,0.5000000000000001,0.0,9.68,13.64,8.79,2.85,6.18,25.93,26.44,0.1577,0.2555,25.76,0
2022-02-20,2,51,0.8660254037844386,0.5000000000000001,0.0,3.17,13.64,5.69,8.79,3.09,26.46,25.93,0.1615,0.2206,25.8,0
2022-02-21,2,52,0.8660254037844386,0.5000000000000001,0.0,0.0,13.64,2.0,5.69,2.85,25.66,26.46,0.1479,0.253,26.76,0
2022-02-22,2,53,0.8660254037844386,0.5000000000000001,0.0,0.0,13.64,5.82,2.0,8.79,25.76,25.66,0.1745,0.2135,25.71,0
2022-02-23,2,54,0.8660254037844386,0.5000000000000001,0.0,0.0,13.44,8.36,5.82,5.69,25.8,25.76,0.1612,0.2805,25.76,0
2022-02-24,2,55,0.8660254037844386,0.5000000000000001,0.0,0.0,13.44,6.06,8.36,2.0,26.76,25.8,0.1654,0.2707,26.55,0
2022-02-25,2,56,0.8660254037844386,0.5000000000000001,5.16,5.16,18.6,2.0,6.06,5.82,25.71,26.76,0.1739,0.2528,26.32,0
2022-02-26,2,57,0.8660254037844386,0.5000000000000001,2.9,8.06,21.41,2.0,2.0,8.36,25.76,25.71,0.1462,0.2598,25.96,0
2022-02-27,2,58,0.8660254037844386,0.5000000000000001,3.96,12.02,25.37,2.0,2.0,6.06,26.55,25.76,0.1549,0.2881,25.23,0
2022-02-28,2,59,0.8660254037844386,0.5000000000000001,3.14,15.16,28.48,6.81,2.0,2.0,26.32,26.55,0.1314,0.233,25.46,0
2022-03-01,3,60,1.0,6.123233995736766e-17,7.52,22.68,36.0,3.49,6.81,2.0,25.96,26.32,0.1937,0.2777,24.55,0
2022-03-02,3,61,1.0,6.123233995736766e-17,0.78,23.46,36.78,4.49,3.49,2.0,25.23,25.96,0.1589,0.2931,25.15,0
2022-03-03,3,62,1.0,6.123233995736766e-17,1.03,24.49,37.81,8.4,4.49,6.81,25.46,25.23,0.1867,0.2192,25.26,0
2022-03-04,3,63,1.0,6.123233995736766e-17,2.25,21.58,40.06,2.0,8.4,3.49,24.55,25.46,0.1935,0.2946,25.97,0
2022-03-05,3,64,1.0,6.123233995736766e-17,0.44,19.12,40.5,5.67,2.0,4.49,25.15,24.55,0.1985,0.2241,26.53,0
2022-03-06,3,65,1.0,6.123233995736766e-17,5.05,20.21,45.55,2.11,5.67,8.4,25.26,25.15,0.1669,0.2738,26.82,0
2022-03-07,3,66,1.0,6.123233995736766e-17,2.1,19.17,47.65,5.18,2.11,2.0,25.97,25.26,0.1916,0.2437,26.2,0
2022-03-08,3,67,1.0,6.123233995736766e-17,1.6,13.25,49.25,7.48,5.18,5.67,26.53,25.97,0.2277,0.3225,26.49,0
2022-03-09,3,68,1.0,6.123233995736766e-17,1.45,13.92,50.7,12.81,7.48,2.11,26.82,26.53,0.2299,0.2457,25.48,0
2022-03-10,3,69,1.0,6.123233995736766e-17,4.84,17.73,55.54,15.29,12.81,5.18,26.2,26.82,0.2197,0.2338,25.7,0
2022-03-11,3,70,1.0,6.123233995736766e-17,4.57,20.05,60.11,5.77,15.29,7.48,26.49,26.2,0.2108,0.2901,25.57,0
2022-03-12,3,71,1.0,6.123233995736766e-17,1.56,21.17,60.85,4.06,5.77,12.81,25.48,26.49,0.1847,0.2741,25.54,0
2022-03-13,3,72,1.0,6.123233995736766e-17,2.12,18.24,62.15,6.32,4.06,15.29,25.7,25.48,0.2203,0.2422,26.03,0
2022-03-14,3,73,1.0,6.123233995736766e-17,2.14,18.28,62.29,6.92,6.32,5.77,25.57,25.7,0.2029,0.3031,26.03,0
2022-03-15,3,74,1.0,6.123233995736766e-17,0.51,17.19,56.29,10.0,6.92,4.06,25.54,25.57,0.2119,0.224,26.85,0
2022-03-16,3,75,1.0,6.123233995736766e-17,0.43,16.17,53.55,13.82,10.0,6.32,26.03,25.54,0.1855,0.251,26.35,0
2022-03-17,3,76,1.0,6.123233995736766e-17,2.15,13.48,55.7,16.39,13.82,6.92,26.03,26.03,0.1967,0.2662,25.99,0
2022-03-18,3,77,1.0,6.123233995736766e-17,3.34,12.25,59.04,15.34,16.39,10.0,26.85,26.03,0.2064,0.3095,25.61,0
2022-03-19,3,78,1.0,6.123233995736766e-17,6.24,16.93,65.28,8.03,15.34,13.82,26.35,26.85,0.2137,0.328,25.43,0
2022-03-20,3,79,1.0,6.123233995736766e-17,11.35,26.16,76.63,7.58,8.03,16.39,25.99,26.35,0.2288,0.3291,26.23,0
2022-03-21,3,80,1.0,6.123233995736766e-17,11.12,35.14,87.75,10.89,7.58,15.34,25.61,25.99,0.2174,0.2981,25.91,0
2022-03-22,3,81,1.0,6.123233995736766e-17,5.14,39.77,92.89,7.77,10.89,8.03,25.43,25.61,0.2067,0.2329,26.05,0
2022-03-23,3,82,1.0,6.123233995736766e-17,2.06,41.4,94.95,12.04,7.77,7.58,26.23,25.43,0.268,0.3187,26.74,0
2022-03-24,3,83,1.0,6.123233995736766e-17,4.38,43.63,99.33,16.85,12.04,10.89,25.91,26.23,0.2892,0.3537,26.61,0
2022-03-25,3,84,1.0,6.123233995736766e-17,1.95,42.24,101.28,17.86,16.85,7.77,26.05,25.91,0.2501,0.3478,25.81,0
2022-03-26,3,85,1.0,6.123233995736766e-17,0.59,36.59,101.87,5.96,17.86,12.04,26.74,26.05,0.2152,0.325,26.58,0
2022-03-27,3,86,1.0,6.123233995736766e-17,1.41,26.65,98.12,2.92,5.96,16.85,26.61,26.74,0.2228,0.2732,26.58,0
2022-03-28,3,87,1.0,6.123233995736766e-17,2.32,17.85,97.54,12.99,2.92,17.86,25.81,26.61,0.248,0.2928,26.28,0
2022-03-29,3,88,1.0,6.123233995736766e-17,7.13,19.84,100.71,11.87,12.99,5.96,26.58,25.81,0.2675,0.3684,25.84,0
2022-03-30,3,89,1.0,6.123233995736766e-17,16.5,34.28,114.07,5.41,11.87,2.92,26.58,26.58,0.2284,0.2759,25.27,0
2022-03-31,3,90,1.0,6.123233995736766e-17,24.47,54.37,131.02,13.1,5.41,12.99,26.28,26.58,0.2654,0.2942,25.9,0
2022-04-01,4,91,0.8660254037844387,-0.49999999999999983,2.42,54.84,132.66,14.78,13.1,11.87,25.84,26.28,0.2733,0.3579,25.36,0
2022-04-02,4,92,0.8660254037844387,-0.49999999999999983,1.77,56.02,133.4,20.59,14.78,5.41,25.27,25.84,0.2874,0.3171,25.86,0
2022-04-03,4,93,0.8660254037844387,-0.49999999999999983,2.59,57.2,133.74,22.22,20.59,13.1,25.9,25.27,0.2635,0.2948,25.6,0
2022-04-04,4,94,0.8660254037844387,-0.49999999999999983,1.18,56.06,134.48,24.34,22.22,14.78,25.36,25.9,0.2398,0.3765,25.33,0
2022-04-05,4,95,0.8660254037844387,-0.49999999999999983,2.73,51.66,132.16,25.73,24.34,20.59,25.86,25.36,0.2814,0.3431,25.95,0
2022-04-06,4,96,0.8660254037844387,-0.49999999999999983,3.95,39.11,134.01,28.28,25.73,22.22,25.6,25.86,0.2931,0.319,25.05,0
2022-04-07,4,97,0.8660254037844387,-0.49999999999999983,5.8,20.44,138.21,36.84,28.28,24.34,25.33,25.6,0.2727,0.2986,25.46,0
2022-04-08,4,98,0.8660254037844387,-0.49999999999999983,5.99,24.01,142.75,38.97,36.84,25.73,25.95,25.33,0.2866,0.3971,25.24,0
2022-04-09,4,99,0.8660254037844387,-0.49999999999999983,2.48,24.72,140.39,30.54,38.97,28.28,25.05,25.95,0.2669,0.3335,24.99,0
2022-04-10,4,100,0.8660254037844387,-0.49999999999999983,0.92,23.05,136.74,31.42,30.54,36.84,25.46,25.05,0.2562,0.374,24.55,0
2022-04-11,4,101,0.8660254037844387,-0.49999999999999983,4.39,26.26,139.57,34.99,31.42,38.97,25.24,25.46,0.2961,0.3606,25.13,0
2022-04-12,4,102,0.8660254037844387,-0.49999999999999983,13.33,36.86,150.78,38.48,34.99,30.54,24.99,25.24,0.2935,0.3248,24.09,0
2022-04-13,4,103,0.8660254037844387,-0.49999999999999983,4.26,37.17,152.9,34.97,38.48,31.42,24.55,24.99,0.2974,0.3264,25.31,0
2022-04-14,4,104,0.8660254037844387,-0.49999999999999983,2.5,33.87,154.89,38.38,34.97,34.99,25.13,24.55,0.3194,0.3863,24.98,1
2022-04-15,4,105,0.8660254037844387,-0.49999999999999983,8.42,36.3,162.88,40.48,38.38,38.48,24.09,25.13,0.2755,0.3916,24.58,0
2022-04-16,4,106,0.8660254037844387,-0.49999999999999983,11.8,45.62,172.53,49.02,40.48,34.97,25.31,24.09,0.2942,0.2972,25.82,0
2022-04-17,4,107,0.8660254037844387,-0.49999999999999983,9.6,54.3,178.79,43.1,49.02,38.38,24.98,25.31,0.3141,0.3738,24.88,0
2022-04-18,4,108,0.8660254037844387,-0.49999999999999983,6.26,56.17,178.81,39.05,43.1,40.48,24.58,24.98,0.2996,0.3536,25.48,0
2022-04-19,4,109,0.8660254037844387,-0.49999999999999983,2.03,44.87,169.49,36.24,39.05,49.02,25.82,24.58,0.3182,0.3207,25.81,1
2022-04-20,4,110,0.8660254037844387,-0.49999999999999983,18.99,59.6,177.36,33.26,36.24,43.1,24.88,25.82,0.3059,0.3643,25.19,0
2022-04-21,4,111,0.8660254037844387,-0.49999999999999983,1.87,58.97,174.09,29.07,33.26,39.05,25.48,24.88,0.2868,0.314,24.98,0
2022-04-22,4,112,0.8660254037844387,-0.49999999999999983,2.53,53.08,174.56,18.03,29.07,36.24,25.81,25.48,0.3084,0.3407,25.33,0
2022-04-23,4,113,0.8660254037844387,-0.49999999999999983,6.13,47.41,176.31,17.99,18.03,33.26,25.19,25.81,0.3121,0.3318,24.94,0
2022-04-24,4,114,0.8660254037844387,-0.49999999999999983,0.77,38.58,175.13,21.16,17.99,29.07,24.98,25.19,0.3263,0.3401,24.86,0
2022-04-25,4,115,0.8660254037844387,-0.49999999999999983,3.6,35.92,178.14,20.46,21.16,18.03,25.33,24.98,0.3182,0.3547,24.73,0
2022-04-26,4,116,0.8660254037844387,-0.49999999999999983,4.5,38.39,181.23,29.63,20.46,17.99,24.94,25.33,0.3223,0.3283,24.78,0
2022-04-27,4,117,0.8660254037844387,-0.49999999999999983,12.08,31.48,190.99,29.93,29.63,21.16,24.86,24.94,0.3283,0.4118,25.11,0
2022-04-28,4,118,0.8660254037844387,-0.49999999999999983,6.82,36.43,190.68,35.29,29.93,20.46,24.73,24.86,0.3178,0.3792,25.37,1
2022-04-29,4,119,0.8660254037844387,-0.49999999999999983,2.65,36.55,176.83,35.48,35.29,29.63,24.78,24.73,0.2948,0.4099,25.26,0
2022-04-30,4,120,0.8660254037844387,-0.49999999999999983,3.84,34.26,156.2,37.53,35.48,29.93,25.11,24.78,0.2964,0.3389,25.56,0
2022-05-01,5,121,0.49999999999999994,-0.8660254037844387,8.85,42.34,162.63,37.22,37.53,35.29,25.37,25.11,0.2897,0.3311,25.66,0
2022-05-02,5,122,0.49999999999999994,-0.8660254037844387,6.07,44.81,166.93,41.39,37.22,35.48,25.26,25.37,0.334,0.4029,25.18,0
2022-05-03,5,123,0.49999999999999994,-0.8660254037844387,5.15,45.46,169.49,39.73,41.39,37.53,25.56,25.26,0.3294,0.3344,25.03,1
2022-05-04,5,124,0.49999999999999994,-0.8660254037844387,6.0,39.38,174.31,40.18,39.73,37.22,25.66,25.56,0.3195,0.3492,25.12,0
2022-05-05,5,125,0.49999999999999994,-0.8660254037844387,6.02,38.58,177.6,40.11,40.18,41.39,25.18,25.66,0.3174,0.3782,25.34,0
2022-05-06,5,126,0.49999999999999994,-0.8660254037844387,0.66,36.59,174.31,37.38,40.11,39.73,25.03,25.18,0.3051,0.3175,25.19,0
2022-05-07,5,127,0.49999999999999994,-0.8660254037844387,1.52,34.27,170.03,37.77,37.38,40.18,25.12,25.03,0.2778,0.3734,26.08,0
2022-05-08,5,128,0.49999999999999994,-0.8660254037844387,0.89,26.31,164.93,45.33,37.77,40.11,25.34,25.12,0.2941,0.3665,26.12,0
2022-05-09,5,129,0.49999999999999994,-0.8660254037844387,4.99,25.23,167.44,41.8,45.33,37.38,25.19,25.34,0.3027,0.3885,25.43,0
2022-05-10,5,130,0.49999999999999994,-0.8660254037844387,1.34,21.42,167.86,41.57,41.8,37.77,26.08,25.19,0.3057,0.3774,25.26,0
2022-05-11,5,131,0.49999999999999994,-0.8660254037844387,4.27,19.69,167.74,44.75,41.57,45.33,26.12,26.08,0.3104,0.3896,25.8,0
2022-05-12,5,132,0.49999999999999994,-0.8660254037844387,3.02,16.69,157.43,46.8,44.75,41.8,25.43,26.12,0.3101,0.3411,26.11,0
2022-05-13,5,133,0.49999999999999994,-0.8660254037844387,8.79,24.82,161.96,44.13,46.8,41.57,25.26,25.43,0.2819,0.3213,26.19,0
2022-05-14,5,134,0.49999999999999994,-0.8660254037844387,8.12,31.42,167.58,32.39,44.13,44.75,25.8,25.26,0.2872,0.4138,25.78,0
2022-05-15,5,135,0.49999999999999994,-0.8660254037844387,4.43,34.96,163.59,33.97,32.39,46.8,26.11,25.8,0.3262,0.3024,25.8,0
2022-05-16,5,136,0.49999999999999994,-0.8660254037844387,4.01,33.98,155.8,24.23,33.97,44.13,26.19,26.11,0.3056,0.3007,25.5,1
2022-05-17,5,137,0.49999999999999994,-0.8660254037844387,5.26,37.9,151.46,30.66,24.23,32.39,25.78,26.19,0.2785,0.3578,26.29,0
2022-05-18,5,138,0.49999999999999994,-0.8660254037844387,8.27,41.9,153.47,30.98,30.66,33.97,25.8,25.78,0.286,0.3908,25.53,0
2022-05-19,5,139,0.49999999999999994,-0.8660254037844387,16.41,55.29,167.85,34.85,30.98,24.23,25.5,25.8,0.299,0.3564,25.0,0
2022-05-20,5,140,0.49999999999999994,-0.8660254037844387,13.88,60.38,162.74,30.47,34.85,30.66,26.29,25.5,0.2971,0.3776,24.12,0
2022-05-21,5,141,0.49999999999999994,-0.8660254037844387,2.89,55.15,163.76,24.18,30.47,30.98,25.53,26.29,0.3068,0.2884,24.69,0
2022-05-22,5,142,0.49999999999999994,-0.8660254037844387,1.63,52.35,162.86,26.1,24.18,34.85,25.0,25.53,0.3473,0.3327,25.09,0
2022-05-23,5,143,0.49999999999999994,-0.8660254037844387,5.06,53.4,161.79,26.57,26.1,30.47,24.12,25.0,0.2994,0.2909,25.23,0
2022-05-24,5,144,0.49999999999999994,-0.8660254037844387,0.15,48.29,161.17,25.16,26.57,24.18,24.69,24.12,0.3083,0.3701,24.77,0
2022-05-25,5,145,0.49999999999999994,-0.8660254037844387,2.26,42.28,159.83,26.27,25.16,26.1,25.09,24.69,0.2601,0.2995,25.15,0
2022-05-26,5,146,0.49999999999999994,-0.8660254037844387,4.79,30.66,160.12,37.98,26.27,26.57,25.23,25.09,0.2844,0.3077,25.27,0
2022-05-27,5,147,0.49999999999999994,-0.8660254037844387,3.15,19.93,151.19,40.08,37.98,25.16,24.77,25.23,0.3106,0.3561,25.86,0
2022-05-28,5,148,0.49999999999999994,-0.8660254037844387,2.08,19.12,146.45,42.69,40.08,26.27,25.15,24.77,0.2899,0.3697,25.03,0
2022-05-29,5,149,0.49999999999999994,-0.8660254037844387,1.38,18.87,145.18,44.1,42.69,37.98,25.27,25.15,0.1929,0.3323,25.46,0
2022-05-30,5,150,0.49999999999999994,-0.8660254037844387,3.89,17.7,145.23,47.88,44.1,40.08,25.86,25.27,0.2942,0.3542,25.54,0
2022-05-31,5,151,0.49999999999999994,-0.8660254037844387,10.9,28.45,147.28,44.5,47.88,42.69,25.03,25.86,0.3209,0.3545,24.8,0
2022-06-01,6,152,1.2246467991473532e-16,-1.0,7.84,34.03,149.05,34.26,44.5,44.1,25.46,25.03,0.2442,0.333,24.77,0
2022-06-02,6,153,1.2246467991473532e-16,-1.0,7.04,36.28,150.94,33.1,34.26,47.88,25.54,25.46,0.3162,0.3077,24.41,0
2022-06-03,6,154,1.2246467991473532e-16,-1.0,3.74,36.87,148.68,36.14,33.1,44.5,24.8,25.54,0.2284,0.3562,24.65,0
2022-06-04,6,155,1.2246467991473532e-16,-1.0,11.08,45.87,153.74,31.74,36.14,34.26,24.77,24.8,0.3071,0.3606,24.39,0
2022-06-05,6,156,1.2246467991473532e-16,-1.0,5.09,49.58,158.17,31.32,31.74,33.1,24.41,24.77,0.2922,0.3717,24.84,0
2022-06-06,6,157,1.2246467991473532e-16,-1.0,6.38,52.07,163.03,29.05,31.32,36.14,24.65,24.41,0.2497,0.3572,24.95,0
2022-06-07,6,158,1.2246467991473532e-16,-1.0,6.77,47.94,168.91,36.08,29.05,31.74,24.39,24.65,0.3109,0.3163,24.39,0
2022-06-08,6,159,1.2246467991473532e-16,-1.0,10.81,50.91,174.73,39.22,36.08,31.32,24.84,24.39,0.3303,0.3755,24.24,0
2022-06-09,6,160,1.2246467991473532e-16,-1.0,17.61,61.48,191.0,41.87,39.22,29.05,24.95,24.84,0.3292,0.3646,24.86,0
2022-06-10,6,161,1.2246467991473532e-16,-1.0,8.46,66.2,195.19,44.16,41.87,36.08,24.39,24.95,0.3374,0.3526,25.02,0
2022-06-11,6,162,1.2246467991473532e-16,-1.0,56.42,111.54,248.59,44.52,44.16,39.22,24.24,24.39,0.3655,0.3903,24.89,0
2022-06-12,6,163,1.2246467991473532e-16,-1.0,0.82,107.27,240.62,45.72,44.52,41.87,24.86,24.24,0.3293,0.3737,24.33,0
2022-06-13,6,164,1.2246467991473532e-16,-1.0,2.04,102.93,234.54,41.18,45.72,44.16,25.02,24.86,0.3749,0.4174,24.16,0
2022-06-14,6,165,1.2246467991473532e-16,-1.0,10.13,106.29,240.24,33.53,41.18,44.52,24.89,25.02,0.4012,0.3516,23.21,0
2022-06-15,6,166,1.2246467991473532e-16,-1.0,40.76,136.24,276.99,37.14,33.53,45.72,24.33,24.89,0.4219,0.3864,23.56,0
2022-06-16,6,167,1.2246467991473532e-16,-1.0,29.52,148.15,301.25,41.45,37.14,41.18,24.16,24.33,0.3814,0.4209,24.81,1
2022-06-17,6,168,1.2246467991473532e-16,-1.0,5.32,145.01,298.3,48.71,41.45,33.53,23.21,24.16,0.3882,0.4774,24.35,0
2022-06-18,6,169,1.2246467991473532e-16,-1.0,6.01,94.6,287.9,56.27,48.71,37.14,23.56,23.21,0.3922,0.4544,24.13,0
2022-06-19,6,170,1.2246467991473532e-16,-1.0,2.14,95.92,276.16,62.6,56.27,41.45,24.81,23.56,0.3667,0.3665,23.57,0
2022-06-20,6,171,1.2246467991473532e-16,-1.0,14.75,108.63,288.02,58.06,62.6,48.71,24.35,24.81,0.4101,0.4634,24.42,0
2022-06-21,6,172,1.2246467991473532e-16,-1.0,31.94,130.44,318.33,57.46,58.06,56.27,24.13,24.35,0.4444,0.4815,24.29,1
2022-06-22,6,173,1.2246467991473532e-16,-1.0,19.79,109.47,333.06,60.69,57.46,62.6,23.57,24.13,0.4211,0.4146,24.11,0
2022-06-23,6,174,1.2246467991473532e-16,-1.0,1.91,81.86,334.82,71.83,60.69,58.06,24.42,23.57,0.4669,0.3752,24.68,1
2022-06-24,6,175,1.2246467991473532e-16,-1.0,19.16,95.7,351.72,77.54,71.83,57.46,24.29,24.42,0.4786,0.4589,23.93,0
2022-06-25,6,176,1.2246467991473532e-16,-1.0,14.19,103.88,361.12,81.29,77.54,60.69,24.11,24.29,0.464,0.5003,24.36,0
2022-06-26,6,177,1.2246467991473532e-16,-1.0,5.24,106.98,363.21,78.64,81.29,71.83,24.68,24.11,0.4734,0.5157,24.29,0
2022-06-27,6,178,1.2246467991473532e-16,-1.0,4.12,96.35,365.25,74.63,78.64,77.54,23.93,24.68,0.4397,0.443,23.9,0
2022-06-28,6,179,1.2246467991473532e-16,-1.0,2.83,67.24,366.7,78.11,74.63,81.29,24.36,23.93,0.4734,0.5226,23.87,0
2022-06-29,6,180,1.2246467991473532e-16,-1.0,12.83,60.28,375.64,73.85,78.11,78.64,24.29,24.36,0.4882,0.4085,23.63,0
2022-06-30,6,181,1.2246467991473532e-16,-1.0,12.37,70.74,377.11,73.91,73.85,74.63,23.9,24.29,0.4928,0.4652,24.01,1
2022-07-01,7,182,-0.4999999999999998,-0.8660254037844388,9.29,60.87,378.56,74.67,73.91,78.11,23.87,23.9,0.4983,0.4646,24.06,0
2022-07-02,7,183,-0.4999999999999998,-0.8660254037844388,2.06,48.74,373.58,82.27,74.67,73.85,23.63,23.87,0.4911,0.5087,23.9,0
2022-07-03,7,184,-0.4999999999999998,-0.8660254037844388,1.86,45.36,371.7,81.11,82.27,73.91,24.01,23.63,0.4792,0.512,24.75,0
2022-07-04,7,185,-0.4999999999999998,-0.8660254037844388,11.28,52.52,371.9,72.02,81.11,74.67,24.06,24.01,0.4904,0.5018,25.22,0
2022-07-05,7,186,-0.4999999999999998,-0.8660254037844388,2.89,52.58,369.7,76.24,72.02,82.27,23.9,24.06,0.5028,0.4313,24.47,0
2022-07-06,7,187,-0.4999999999999998,-0.8660254037844388,0.2,39.95,363.52,75.14,76.24,81.11,24.75,23.9,0.4753,0.494,23.99,0
2022-07-07,7,188,-0.4999999999999998,-0.8660254037844388,1.8,29.38,358.55,77.32,75.14,72.02,25.22,24.75,0.479,0.4804,24.34,0
2022-07-08,7,189,-0.4999999999999998,-0.8660254037844388,9.91,30.0,357.65,78.89,77.32,76.24,24.47,25.22,0.4682,0.4145,23.89,0
2022-07-09,7,190,-0.4999999999999998,-0.8660254037844388,4.45,32.39,344.49,79.48,78.89,75.14,23.99,24.47,0.4471,0.3947,24.73,0
2022-07-10,7,191,-0.4999999999999998,-0.8660254037844388,1.37,31.9,337.4,84.38,79.48,77.32,24.34,23.99,0.4641,0.4836,24.12,0
2022-07-11,7,192,-0.4999999999999998,-0.8660254037844388,5.02,25.64,286.0,78.58,84.38,78.89,23.89,24.34,0.3963,0.4162,23.38,0
2022-07-12,7,193,-0.4999999999999998,-0.8660254037844388,2.84,25.59,288.02,78.03,78.58,79.48,24.73,23.89,0.4169,0.3843,24.19,0
2022-07-13,7,194,-0.4999999999999998,-0.8660254037844388,3.53,28.92,289.51,82.66,78.03,84.38,24.12,24.73,0.4111,0.4175,24.0,0
2022-07-14,7,195,-0.4999999999999998,-0.8660254037844388,3.62,30.74,283.0,81.57,82.66,78.58,23.38,24.12,0.3986,0.4307,24.34,1
2022-07-15,7,196,-0.4999999999999998,-0.8660254037844388,1.39,22.22,243.63,76.25,81.57,78.03,24.19,23.38,0.3627,0.3937,23.87,0
2022-07-16,7,197,-0.4999999999999998,-0.8660254037844388,1.61,19.38,215.72,80.62,76.25,82.66,24.0,24.19,0.334,0.3329,23.66,0
2022-07-17,7,198,-0.4999999999999998,-0.8660254037844388,1.85,19.86,212.25,86.39,80.62,81.57,24.34,24.0,0.3081,0.4339,23.49,0
2022-07-18,7,199,-0.4999999999999998,-0.8660254037844388,0.89,15.73,207.13,86.84,86.39,76.25,23.87,24.34,0.3441,0.4044,22.45,0
2022-07-19,7,200,-0.4999999999999998,-0.8660254037844388,0.67,13.56,205.66,79.83,86.84,80.62,23.66,23.87,0.3397,0.3633,23.36,0
2022-07-20,7,201,-0.4999999999999998,-0.8660254037844388,2.54,12.57,193.45,84.64,79.83,86.39,23.49,23.66,0.3411,0.3572,23.31,0
2022-07-21,7,202,-0.4999999999999998,-0.8660254037844388,6.61,15.56,168.12,79.12,84.64,86.84,22.45,23.49,0.2907,0.3617,24.27,0
2022-07-22,7,203,-0.4999999999999998,-0.8660254037844388,11.47,25.64,159.8,82.48,79.12,79.83,23.36,22.45,0.3317,0.312,24.27,1
2022-07-23,7,204,-0.4999999999999998,-0.8660254037844388,8.89,32.92,166.78,80.99,82.48,84.64,23.31,23.36,0.2925,0.3597,23.66,0
2022-07-24,7,205,-0.4999999999999998,-0.8660254037844388,4.55,35.62,152.17,78.71,80.99,79.12,24.27,23.31,0.2695,0.3014,23.71,1
2022-07-25,7,206,-0.4999999999999998,-0.8660254037844388,3.59,38.32,141.57,79.78,78.71,82.48,24.27,24.27,0.2575,0.3328,23.12,0
2022-07-26,7,207,-0.4999999999999998,-0.8660254037844388,10.62,48.27,146.95,82.15,79.78,80.99,23.66,24.27,0.2476,0.3031,23.06,0
2022-07-27,7,208,-0.4999999999999998,-0.8660254037844388,11.92,57.65,154.75,82.8,82.15,78.71,23.71,23.66,0.3199,0.3093,23.04,0
2022-07-28,7,209,-0.4999999999999998,-0.8660254037844388,18.86,69.9,170.78,88.91,82.8,79.78,23.12,23.71,0.3311,0.4018,23.09,0
2022-07-29,7,210,-0.4999999999999998,-0.8660254037844388,2.42,60.85,160.37,90.12,88.91,82.15,23.06,23.12,0.3063,0.348,23.06,1
2022-07-30,7,211,-0.4999999999999998,-0.8660254037844388,2.2,54.16,150.2,97.0,90.12,82.8,23.04,23.06,0.2673,0.3463,21.91,0
2022-07-31,7,212,-0.4999999999999998,-0.8660254037844388,8.55,58.16,149.46,100.39,97.0,88.91,23.09,23.04,0.3207,0.2793,23.55,0
2022-08-01,8,213,-0.8660254037844384,-0.5000000000000004,4.27,58.84,151.67,99.73,100.39,90.12,23.06,23.09,0.2795,0.3231,23.62,0
2022-08-02,8,214,-0.8660254037844384,-0.5000000000000004,0.62,48.84,150.43,98.81,99.73,97.0,21.91,23.06,0.28,0.3541,23.97,0
2022-08-03,8,215,-0.8660254037844384,-0.5000000000000004,3.41,40.33,142.56,95.1,98.81,100.39,23.55,21.91,0.307,0.3414,24.03,0
2022-08-04,8,216,-0.8660254037844384,-0.5000000000000004,1.24,22.71,140.91,100.01,95.1,99.73,23.62,23.55,0.29,0.2699,24.22,0
2022-08-05,8,217,-0.8660254037844384,-0.5000000000000004,0.11,20.4,140.82,101.93,100.01,98.81,23.97,23.62,0.3208,0.3407,23.17,0
2022-08-06,8,218,-0.8660254037844384,-0.5000000000000004,0.12,18.32,139.14,95.8,101.93,95.1,24.03,23.97,0.2802,0.3445,24.18,1
2022-08-07,8,219,-0.8660254037844384,-0.5000000000000004,0.23,10.0,129.46,98.09,95.8,100.01,24.22,24.03,0.2586,0.3662,23.96,0
2022-08-08,8,220,-0.8660254037844384,-0.5000000000000004,0.32,6.05,125.33,98.82,98.09,101.93,23.17,24.22,0.2506,0.3055,22.9,0
2022-08-09,8,221,-0.8660254037844384,-0.5000000000000004,0.9,6.33,124.86,109.67,98.82,95.8,24.18,23.17,0.2254,0.2577,23.5,0
2022-08-10,8,222,-0.8660254037844384,-0.5000000000000004,1.65,4.57,121.49,106.03,109.67,98.09,23.96,24.18,0.2538,0.293,23.61,0
2022-08-11,8,223,-0.8660254037844384,-0.5000000000000004,3.44,6.77,122.09,104.31,106.03,98.82,22.9,23.96,0.2828,0.2903,23.31,0
2022-08-12,8,224,-0.8660254037844384,-0.5000000000000004,11.47,18.13,130.03,113.5,104.31,109.67,23.5,22.9,0.279,0.3501,22.55,0
2022-08-13,8,225,-0.8660254037844384,-0.5000000000000004,6.17,24.18,132.58,122.64,113.5,106.03,23.61,23.5,0.2697,0.248,23.14,1
2022-08-14,8,226,-0.8660254037844384,-0.5000000000000004,36.99,60.94,168.18,122.94,122.64,104.31,23.31,23.61,0.2815,0.3375,24.31,0
2022-08-15,8,227,-0.8660254037844384,-0.5000000000000004,25.53,86.15,192.1,124.36,122.94,113.5,22.55,23.31,0.3274,0.408,23.88,1
2022-08-16,8,228,-0.8660254037844384,-0.5000000000000004,5.76,91.01,196.01,130.92,124.36,122.64,23.14,22.55,0.3467,0.3678,22.93,1
2022-08-17,8,229,-0.8660254037844384,-0.5000000000000004,0.69,90.05,195.81,124.98,130.92,122.94,24.31,23.14,0.3348,0.3944,23.54,1
2022-08-18,8,230,-0.8660254037844384,-0.5000000000000004,31.03,117.64,226.17,122.6,124.98,124.36,23.88,24.31,0.3569,0.3364,23.53,1
2022-08-19,8,231,-0.8660254037844384,-0.5000000000000004,45.74,151.91,269.37,127.94,122.6,130.92,22.93,23.88,0.3765,0.3636,23.39,1
2022-08-20,8,232,-0.8660254037844384,-0.5000000000000004,1.64,147.38,264.4,139.94,127.94,124.98,23.54,22.93,0.4053,0.4518,22.97,1
2022-08-21,8,233,-0.8660254037844384,-0.5000000000000004,0.22,110.61,253.15,142.24,139.94,122.6,23.53,23.54,0.3152,0.4049,23.9,0
2022-08-22,8,234,-0.8660254037844384,-0.5000000000000004,6.86,91.94,251.12,146.52,142.24,127.94,23.39,23.53,0.3837,0.4038,23.43,1
2022-08-23,8,235,-0.8660254037844384,-0.5000000000000004,6.55,92.73,253.12,154.54,146.52,139.94,22.97,23.39,0.4292,0.3683,23.09,1
2022-08-24,8,236,-0.8660254037844384,-0.5000000000000004,4.09,96.13,253.62,165.45,154.54,142.24,23.9,22.97,0.3481,0.4052,23.03,1
2022-08-25,8,237,-0.8660254037844384,-0.5000000000000004,10.71,75.81,253.71,164.18,165.45,146.52,23.43,23.9,0.3735,0.3678,23.14,1
2022-08-26,8,238,-0.8660254037844384,-0.5000000000000004,29.29,59.36,271.08,165.83,164.18,154.54,23.09,23.43,0.3938,0.4483,23.75,1
2022-08-27,8,239,-0.8660254037844384,-0.5000000000000004,42.82,100.54,295.04,175.18,165.83,165.45,23.03,23.09,0.4063,0.5089,23.77,1
2022-08-28,8,240,-0.8660254037844384,-0.5000000000000004,3.7,104.02,296.32,169.92,175.18,164.18,23.14,23.03,0.4374,0.4423,23.42,1
2022-08-29,8,241,-0.8660254037844384,-0.5000000000000004,2.35,99.51,296.47,175.79,169.92,165.83,23.75,23.14,0.4263,0.4088,23.32,0
2022-08-30,8,242,-0.8660254037844384,-0.5000000000000004,13.83,106.79,301.75,172.82,175.79,175.18,23.77,23.75,0.4246,0.355,23.1,1
2022-08-31,8,243,-0.8660254037844384,-0.5000000000000004,57.33,160.03,354.81,175.83,172.82,169.92,23.42,23.77,0.4853,0.4124,23.61,1
2022-09-01,9,244,-1.0,-1.8369701987210297e-16,3.19,152.51,357.38,177.16,175.83,175.79,23.32,23.42,0.472,0.5111,24.24,1
2022-09-02,9,245,-1.0,-1.8369701987210297e-16,2.79,126.01,356.76,175.49,177.16,172.82,23.1,23.32,0.5347,0.4332,24.64,1
2022-09-03,9,246,-1.0,-1.8369701987210297e-16,2.45,85.64,357.97,174.06,175.49,175.83,23.61,23.1,0.4752,0.4537,24.34,1
2022-09-04,9,247,-1.0,-1.8369701987210297e-16,7.91,89.85,365.77,178.07,174.06,177.16,24.24,23.61,0.4831,0.4891,23.79,1
2022-09-05,9,248,-1.0,-1.8369701987210297e-16,3.96,91.46,369.61,184.47,178.07,175.49,24.64,24.24,0.4484,0.5162,24.38,1
2022-09-06,9,249,-1.0,-1.8369701987210297e-16,6.95,84.58,376.33,185.54,184.47,174.06,24.34,24.64,0.4778,0.4698,23.65,1
2022-09-07,9,250,-1.0,-1.8369701987210297e-16,10.55,37.8,386.56,187.45,185.54,178.07,23.79,24.34,0.5209,0.4698,24.37,1
2022-09-08,9,251,-1.0,-1.8369701987210297e-16,9.3,43.91,394.96,191.22,187.45,184.47,24.38,23.79,0.4788,0.4891,23.83,1
2022-09-09,9,252,-1.0,-1.8369701987210297e-16,2.34,43.46,395.65,188.24,191.22,185.54,23.65,24.38,0.4629,0.4686,23.14,0
2022-09-10,9,253,-1.0,-1.8369701987210297e-16,1.7,42.71,393.91,192.49,188.24,187.45,24.37,23.65,0.5052,0.4691,24.41,1
2022-09-11,9,254,-1.0,-1.8369701987210297e-16,51.43,86.23,433.87,197.09,192.49,191.22,23.83,24.37,0.5679,0.5227,24.6,1
2022-09-12,9,255,-1.0,-1.8369701987210297e-16,24.8,107.07,452.5,208.4,197.09,188.24,23.14,23.83,0.5581,0.5271,23.94,1
2022-09-13,9,256,-1.0,-1.8369701987210297e-16,4.13,104.25,419.64,205.42,208.4,192.49,24.41,23.14,0.521,0.5657,24.01,1
2022-09-14,9,257,-1.0,-1.8369701987210297e-16,6.64,100.34,400.75,202.13,205.42,197.09,24.6,24.41,0.4735,0.5036,23.17,1
2022-09-15,9,258,-1.0,-1.8369701987210297e-16,37.52,128.56,432.51,204.71,202.13,208.4,23.94,24.6,0.5483,0.544,23.49,1
2022-09-16,9,259,-1.0,-1.8369701987210297e-16,21.8,148.02,453.62,207.35,204.71,205.42,24.01,23.94,0.5715,0.49,23.32,1
2022-09-17,9,260,-1.0,-1.8369701987210297e-16,5.36,151.68,427.95,203.59,207.35,202.13,23.17,24.01,0.4995,0.5225,23.16,1
2022-09-18,9,261,-1.0,-1.8369701987210297e-16,12.14,112.39,394.35,200.16,203.59,204.71,23.49,23.17,0.5276,0.4649,24.39,1
2022-09-19,9,262,-1.0,-1.8369701987210297e-16,12.28,99.87,404.99,201.06,200.16,207.35,23.32,23.49,0.5298,0.5049,24.75,1
2022-09-20,9,263,-1.0,-1.8369701987210297e-16,2.82,98.56,407.59,196.21,201.06,203.59,23.16,23.32,0.5395,0.5152,24.43,1
2022-09-21,9,264,-1.0,-1.8369701987210297e-16,6.92,98.84,407.65,193.58,196.21,200.16,24.39,23.16,0.5286,0.4961,24.58,1
2022-09-22,9,265,-1.0,-1.8369701987210297e-16,6.78,68.1,407.88,193.15,193.58,201.06,24.75,24.39,0.5302,0.5669,24.42,1
2022-09-23,9,266,-1.0,-1.8369701987210297e-16,12.46,58.76,416.25,196.34,193.15,196.21,24.43,24.75,0.535,0.5426,23.04,1
2022-09-24,9,267,-1.0,-1.8369701987210297e-16,6.92,60.32,412.46,192.37,196.34,193.58,24.58,24.43,0.5386,0.5328,23.13,1
2022-09-25,9,268,-1.0,-1.8369701987210297e-16,14.68,62.86,397.85,183.55,192.37,193.15,24.42,24.58,0.4717,0.5116,23.29,1
2022-09-26,9,269,-1.0,-1.8369701987210297e-16,57.89,108.47,412.92,175.78,183.55,196.34,23.04,24.42,0.4916,0.5507,22.93,1
2022-09-27,9,270,-1.0,-1.8369701987210297e-16,1.63,107.28,410.85,171.51,175.78,192.37,23.13,23.04,0.505,0.4534,23.81,1
2022-09-28,9,271,-1.0,-1.8369701987210297e-16,9.13,109.49,417.63,167.53,171.51,183.55,23.29,23.13,0.5233,0.5417,23.75,0
2022-09-29,9,272,-1.0,-1.8369701987210297e-16,6.59,109.3,410.39,168.39,167.53,175.78,22.93,23.29,0.5271,0.4665,23.75,1
2022-09-30,9,273,-1.0,-1.8369701987210297e-16,41.88,138.72,394.94,164.42,168.39,171.51,23.81,22.93,0.5119,0.47,24.34,1
2022-10-01,10,274,-0.8660254037844386,0.5000000000000001,27.39,159.19,419.14,163.14,164.42,167.53,23.75,23.81,0.5496,0.5183,24.68,1
2022-10-02,10,275,-0.8660254037844386,0.5000000000000001,5.85,150.36,422.2,161.52,163.14,168.39,23.75,23.75,0.5529,0.5403,25.06,1
2022-10-03,10,276,-0.8660254037844386,0.5000000000000001,2.5,94.97,422.25,161.19,161.52,164.42,24.34,23.75,0.5126,0.4687,23.82,1
2022-10-04,10,277,-0.8660254037844386,0.5000000000000001,2.59,95.93,416.93,167.55,161.19,163.14,24.68,24.34,0.53,0.4848,23.65,1
2022-10-05,10,278,-0.8660254037844386,0.5000000000000001,3.02,89.82,415.99,169.99,167.55,161.52,25.06,24.68,0.5074,0.5025,24.53,1
2022-10-06,10,279,-0.8660254037844386,0.5000000000000001,31.79,115.02,440.83,169.61,169.99,161.19,23.82,25.06,0.543,0.5089,24.17,1
2022-10-07,10,280,-0.8660254037844386,0.5000000000000001,64.37,137.51,494.65,168.03,169.61,167.55,23.65,23.82,0.6016,0.5724,23.92,1
2022-10-08,10,281,-0.8660254037844386,0.5000000000000001,12.69,122.81,498.04,166.53,168.03,169.99,24.53,23.65,0.5301,0.6519,24.88,1
2022-10-09,10,282,-0.8660254037844386,0.5000000000000001,33.11,150.07,528.81,168.52,166.53,169.61,24.17,24.53,0.6742,0.5799,24.62,1
2022-10-10,10,283,-0.8660254037844386,0.5000000000000001,11.67,159.24,538.78,171.08,168.52,168.03,23.92,24.17,0.6462,0.5512,23.84,1
2022-10-11,10,284,-0.8660254037844386,0.5000000000000001,1.97,158.62,489.32,166.07,171.08,166.53,24.88,23.92,0.5785,0.5047,24.89,1
2022-10-12,10,285,-0.8660254037844386,0.5000000000000001,7.35,162.95,471.87,164.94,166.07,168.52,24.62,24.88,0.6132,0.5234,25.19,1
2022-10-13,10,286,-0.8660254037844386,0.5000000000000001,61.24,192.4,528.98,156.39,164.94,171.08,23.84,24.62,0.6191,0.5392,25.01,1
2022-10-14,10,287,-0.8660254037844386,0.5000000000000001,12.49,140.52,534.83,157.86,156.39,166.07,24.89,23.84,0.634,0.5849,25.53,1
2022-10-15,10,288,-0.8660254037844386,0.5000000000000001,8.04,135.87,505.35,160.45,157.86,164.94,25.19,24.89,0.5951,0.5668,25.67,1
2022-10-16,10,289,-0.8660254037844386,0.5000000000000001,2.51,105.27,486.06,157.79,160.45,156.39,25.01,25.19,0.6205,0.5277,25.08,1
2022-10-17,10,290,-0.8660254037844386,0.5000000000000001,0.51,94.11,481.21,163.49,157.79,157.86,25.53,25.01,0.581,0.5983,24.66,1
2022-10-18,10,291,-0.8660254037844386,0.5000000000000001,9.39,101.53,478.46,157.15,163.49,160.45,25.67,25.53,0.5836,0.515,25.33,1
2022-10-19,10,292,-0.8660254037844386,0.5000000000000001,5.83,100.01,472.01,155.71,157.15,157.79,25.08,25.67,0.5989,0.5296,25.3,1
2022-10-20,10,293,-0.8660254037844386,0.5000000000000001,9.64,48.41,478.83,153.26,155.71,163.49,24.66,25.08,0.5926,0.5565,25.51,0
2022-10-21,10,294,-0.8660254037844386,0.5000000000000001,4.45,40.37,476.36,150.54,153.26,157.15,25.33,24.66,0.5776,0.5626,25.7,1
2022-10-22,10,295,-0.8660254037844386,0.5000000000000001,19.34,51.67,488.92,148.07,150.54,155.71,25.3,25.33,0.6122,0.5817,25.23,0
2022-10-23,10,296,-0.8660254037844386,0.5000000000000001,0.79,49.95,477.25,146.31,148.07,153.26,25.51,25.3,0.6303,0.5492,25.51,1
2022-10-24,10,297,-0.8660254037844386,0.5000000000000001,0.54,49.98,470.87,147.35,146.31,150.54,25.7,25.51,0.5801,0.564,25.69,1
2022-10-25,10,298,-0.8660254037844386,0.5000000000000001,3.2,43.79,459.39,149.82,147.35,148.07,25.23,25.7,0.5658,0.5057,24.66,0
2022-10-26,10,299,-0.8660254037844386,0.5000000000000001,1.37,39.33,402.87,145.06,149.82,146.31,25.51,25.23,0.516,0.5193,24.74,1
2022-10-27,10,300,-0.8660254037844386,0.5000000000000001,0.65,30.34,401.89,143.96,145.06,147.35,25.69,25.51,0.5379,0.5183,24.68,1
2022-10-28,10,301,-0.8660254037844386,0.5000000000000001,0.24,26.13,393.0,136.49,143.96,149.82,24.66,25.69,0.4917,0.5312,24.6,0
2022-10-29,10,302,-0.8660254037844386,0.5000000000000001,0.52,7.31,386.93,135.59,136.49,145.06,24.74,24.66,0.4927,0.4321,24.72,1
2022-10-30,10,303,-0.8660254037844386,0.5000000000000001,0.04,6.56,345.09,127.67,135.59,143.96,24.68,24.74,0.4298,0.4298,24.97,0
2022-10-31,10,304,-0.8660254037844386,0.5000000000000001,0.09,6.11,317.79,127.56,127.67,136.49,24.6,24.68,0.4123,0.4654,24.68,0
2022-11-01,11,305,-0.5000000000000004,0.8660254037844384,0.42,3.33,312.36,131.57,127.56,135.59,24.72,24.6,0.4208,0.3579,25.68,1
2022-11-02,11,306,-0.5000000000000004,0.8660254037844384,0.21,2.17,310.07,125.32,131.57,127.67,24.97,24.72,0.4279,0.4508,24.97,1
2022-11-03,11,307,-0.5000000000000004,0.8660254037844384,0.06,1.58,307.54,111.4,125.32,127.56,24.68,24.97,0.4622,0.4663,25.78,0
2022-11-04,11,308,-0.5000000000000004,0.8660254037844384,0.43,1.77,304.95,105.83,111.4,131.57,25.68,24.68,0.4352,0.4157,24.7,0
2022-11-05,11,309,-0.5000000000000004,0.8660254037844384,0.49,1.74,273.65,107.39,105.83,125.32,24.97,25.68,0.378,0.4013,25.94,0
2022-11-06,11,310,-0.5000000000000004,0.8660254037844384,0.15,1.85,209.43,104.59,107.39,111.4,25.78,24.97,0.3239,0.3434,25.34,0
2022-11-07,11,311,-0.5000000000000004,0.8660254037844384,0.42,2.18,197.16,100.52,104.59,105.83,24.7,25.78,0.3549,0.3526,24.82,0
2022-11-08,11,312,-0.5000000000000004,0.8660254037844384,0.43,2.19,164.48,99.26,100.52,107.39,25.94,24.7,0.3206,0.3339,25.31,0
2022-11-09,11,313,-0.5000000000000004,0.8660254037844384,1.85,3.83,154.66,95.68,99.26,104.59,25.34,25.94,0.2898,0.3223,25.09,0
2022-11-10,11,314,-0.5000000000000004,0.8660254037844384,3.98,7.75,156.67,95.38,95.68,100.52,24.82,25.34,0.2822,0.3219,25.26,0
2022-11-11,11,315,-0.5000000000000004,0.8660254037844384,2.29,9.61,151.61,93.61,95.38,99.26,25.31,24.82,0.3089,0.3328,24.39,0
2022-11-12,11,316,-0.5000000000000004,0.8660254037844384,1.44,10.56,91.81,93.22,93.61,95.68,25.09,25.31,0.2128,0.2966,24.23,1
2022-11-13,11,317,-0.5000000000000004,0.8660254037844384,0.35,10.76,79.67,87.81,93.22,95.38,25.26,25.09,0.2295,0.354,23.59,0
2022-11-14,11,318,-0.5000000000000004,0.8660254037844384,0.09,10.43,71.72,85.05,87.81,93.61,24.39,25.26,0.26,0.2812,24.42,1
2022-11-15,11,319,-0.5000000000000004,0.8660254037844384,0.03,10.03,69.24,77.6,85.05,93.22,24.23,24.39,0.2164,0.3019,25.06,0
2022-11-16,11,320,-0.5000000000000004,0.8660254037844384,0.04,8.22,68.77,69.9,77.6,87.81,23.59,24.23,0.1964,0.274,25.33,0
2022-11-17,11,321,-0.5000000000000004,0.8660254037844384,0.08,4.32,59.46,72.23,69.9,85.05,24.42,23.59,0.2117,0.268,24.46,1
2022-11-18,11,322,-0.5000000000000004,0.8660254037844384,0.05,2.08,53.68,67.96,72.23,77.6,25.06,24.42,0.1889,0.2311,24.39,0
2022-11-19,11,323,-0.5000000000000004,0.8660254037844384,0.08,0.72,44.12,66.35,67.96,69.9,25.33,25.06,0.1618,0.2293,24.79,0
2022-11-20,11,324,-0.5000000000000004,0.8660254037844384,0.07,0.44,39.74,62.0,66.35,72.23,24.46,25.33,0.1998,0.2376,24.53,0
2022-11-21,11,325,-0.5000000000000004,0.8660254037844384,0.12,0.47,20.52,54.96,62.0,67.96,24.39,24.46,0.1908,0.2678,24.08,0
2022-11-22,11,326,-0.5000000000000004,0.8660254037844384,0.0,0.44,19.73,51.2,54.96,66.35,24.79,24.39,0.1615,0.2941,23.45,0
2022-11-23,11,327,-0.5000000000000004,0.8660254037844384,0.0,0.4,19.19,53.54,51.2,62.0,24.53,24.79,0.1597,0.2079,23.74,0
2022-11-24,11,328,-0.5000000000000004,0.8660254037844384,0.0,0.32,15.99,51.81,53.54,54.96,24.08,24.53,0.1452,0.2431,23.83,0
2022-11-25,11,329,-0.5000000000000004,0.8660254037844384,0.0,0.27,14.62,41.11,51.81,51.2,23.45,24.08,0.1602,0.2178,24.58,0
2022-11-26,11,330,-0.5000000000000004,0.8660254037844384,0.0,0.19,13.97,37.86,41.11,53.54,23.74,23.45,0.1513,0.2505,24.36,0
2022-11-27,11,331,-0.5000000000000004,0.8660254037844384,0.73,0.85,14.46,42.97,37.86,51.81,23.83,23.74,0.1428,0.2909,25.03,0
2022-11-28,11,332,-0.5000000000000004,0.8660254037844384,0.8,1.53,14.74,39.21,42.97,41.11,24.58,23.83,0.2011,0.2454,25.13,0
2022-11-29,11,333,-0.5000000000000004,0.8660254037844384,0.31,1.84,15.01,29.55,39.21,37.86,24.36,24.58,0.1728,0.2576,25.36,0
2022-11-30,11,334,-0.5000000000000004,0.8660254037844384,0.76,2.6,15.68,36.03,29.55,42.97,25.03,24.36,0.1756,0.3031,24.86,0
2022-12-01,12,335,-2.4492935982947064e-16,1.0,2.07,4.67,17.33,36.61,36.03,39.21,25.13,25.03,0.1833,0.2741,25.08,0
2022-12-02,12,336,-2.4492935982947064e-16,1.0,0.01,4.68,17.13,33.99,36.61,29.55,25.36,25.13,0.1808,0.2375,25.36,0
2022-12-03,12,337,-2.4492935982947064e-16,1.0,0.04,4.72,17.11,30.46,33.99,36.03,24.86,25.36,0.1571,0.265,24.66,0
2022-12-04,12,338,-2.4492935982947064e-16,1.0,0.01,4.0,16.69,33.18,30.46,36.61,25.08,24.86,0.1705,0.2352,24.37,0
2022-12-05,12,339,-2.4492935982947064e-16,1.0,0.05,3.25,16.25,28.9,33.18,33.99,25.36,25.08,0.1592,0.2724,24.27,0
2022-12-06,12,340,-2.4492935982947064e-16,1.0,0.02,2.96,16.12,31.94,28.9,30.46,24.66,25.36,0.1733,0.2751,24.05,0
2022-12-07,12,341,-2.4492935982947064e-16,1.0,0.0,2.2,15.7,32.01,31.94,33.18,24.37,24.66,0.171,0.2184,23.62,0
2022-12-08,12,342,-2.4492935982947064e-16,1.0,0.0,0.13,15.27,30.8,32.01,28.9,24.27,24.37,0.1561,0.2644,23.86,0
2022-12-09,12,343,-2.4492935982947064e-16,1.0,0.0,0.12,13.42,29.27,30.8,31.94,24.05,24.27,0.1355,0.2545,24.75,0
2022-12-10,12,344,-2.4492935982947064e-16,1.0,0.0,0.08,9.44,26.55,29.27,32.01,23.62,24.05,0.1614,0.272,24.57,0
2022-12-11,12,345,-2.4492935982947064e-16,1.0,0.0,0.07,7.15,29.01,26.55,30.8,23.86,23.62,0.1523,0.2792,24.37,0
2022-12-12,12,346,-2.4492935982947064e-16,1.0,0.03,0.05,5.74,23.38,29.01,29.27,24.75,23.86,0.1174,0.2678,24.07,0
2022-12-13,12,347,-2.4492935982947064e-16,1.0,0.05,0.08,5.44,15.5,23.38,26.55,24.57,24.75,0.165,0.2442,24.03,0
2022-12-14,12,348,-2.4492935982947064e-16,1.0,0.02,0.1,5.37,17.7,15.5,29.01,24.37,24.57,0.1741,0.2812,23.83,0
2022-12-15,12,349,-2.4492935982947064e-16,1.0,0.07,0.17,5.41,19.58,17.7,23.38,24.07,24.37,0.2054,0.2271,22.73,0
2022-12-16,12,350,-2.4492935982947064e-16,1.0,0.03,0.2,5.4,20.53,19.58,15.5,24.03,24.07,0.147,0.2136,22.72,0
2022-12-17,12,351,-2.4492935982947064e-16,1.0,0.0,0.2,5.32,21.0,20.53,17.7,23.83,24.03,0.144,0.1573,23.85,0
2022-12-18,12,352,-2.4492935982947064e-16,1.0,0.0,0.2,5.27,18.44,21.0,19.58,22.73,23.83,0.1326,0.2511,21.74,0
2022-12-19,12,353,-2.4492935982947064e-16,1.0,0.0,0.17,5.19,20.66,18.44,20.53,22.72,22.73,0.1588,0.2285,22.06,0
2022-12-20,12,354,-2.4492935982947064e-16,1.0,0.0,0.12,5.12,19.17,20.66,21.0,23.85,22.72,0.1587,0.265,21.25,1
2022-12-21,12,355,-2.4492935982947064e-16,1.0,0.0,0.1,5.0,16.11,19.17,18.44,21.74,23.85,0.1383,0.1939,21.0,0
2022-12-22,12,356,-2.4492935982947064e-16,1.0,0.0,0.03,5.0,14.17,16.11,20.66,22.06,21.74,0.151,0.2336,21.17,0
2022-12-23,12,357,-2.4492935982947064e-16,1.0,0.0,0.0,5.0,21.82,14.17,19.17,21.25,22.06,0.1149,0.2671,21.57,0
2022-12-24,12,358,-2.4492935982947064e-16,1.0,0.0,0.0,5.0,13.27,21.82,16.11,21.0,21.25,0.173,0.2221,21.89,0
2022-12-25,12,359,-2.4492935982947064e-16,1.0,0.0,0.0,5.0,14.92,13.27,14.17,21.17,21.0,0.1391,0.2653,21.81,0
2022-12-26,12,360,-2.4492935982947064e-16,1.0,0.0,0.0,5.0,7.58,14.92,21.82,21.57,21.17,0.1538,0.2363,22.02,0
2022-12-27,12,361,-2.4492935982947064e-16,1.0,0.0,0.0,4.27,7.58,7.58,13.27,21.89,21.57,0.1253,0.2516,20.93,0
2022-12-28,12,362,-2.4492935982947064e-16,1.0,0.0,0.0,3.47,6.25,7.58,14.92,21.81,21.89,0.1415,0.2699,20.77,0
2022-12-29,12,363,-2.4492935982947064e-16,1.0,0.0,0.0,3.16,2.0,6.25,7.58,22.02,21.81,0.1473,0.2805,22.26,0
2022-12-30,12,364,-2.4492935982947064e-16,1.0,0.0,0.0,2.4,2.0,2.0,7.58,20.93,22.02,0.1519,0.2542,22.93,0
2022-12-31,12,365,-2.4492935982947064e-16,1.0,0.0,0.0,0.33,2.0,2.0,6.25,20.77,20.93,0.1599,0.2258,22.43,0
2023-01-01,1,1,0.49999999999999994,0.8660254037844387,0.0,0.0,0.32,2.0,2.0,2.0,22.26,20.77,0.1791,0.2365,23.49,0
2023-01-02,1,2,0.49999999999999994,0.8660254037844387,0.0,0.0,0.28,2.0,2.0,2.0,22.93,22.26,0.1649,0.2693,23.39,0
2023-01-03,1,3,0.49999999999999994,0.8660254037844387,0.0,0.0,0.27,6.48,2.0,2.0,22.43,22.93,0.1695,0.2195,24.5,0
2023-01-04,1,4,0.49999999999999994,0.8660254037844387,0.0,0.0,0.22,12.67,6.48,2.0,23.49,22.43,0.1791,0.2448,23.52,0
2023-01-05,1,5,0.49999999999999994,0.8660254037844387,0.0,0.0,0.2,13.41,12.67,2.0,23.39,23.49,0.1616,0.2385,23.06,0
2023-01-06,1,6,0.49999999999999994,0.8660254037844387,0.0,0.0,0.2,12.79,13.41,6.48,24.5,23.39,0.1494,0.247,21.6,0
2023-01-07,1,7,0.49999999999999994,0.8660254037844387,0.0,0.0,0.2,17.39,12.79,12.67,23.52,24.5,0.1704,0.2198,21.47,0
2023-01-08,1,8,0.49999999999999994,0.8660254037844387,0.0,0.0,0.2,22.71,17.39,13.41,23.06,23.52,0.1716,0.1946,22.02,0
2023-01-09,1,9,0.49999999999999994,0.8660254037844387,0.0,0.0,0.2,25.04,22.71,12.79,21.6,23.06,0.1632,0.2657,22.23,0
2023-01-10,1,10,0.49999999999999994,0.8660254037844387,0.0,0.0,0.2,18.72,25.04,17.39,21.47,21.6,0.1211,0.279,23.37,0
2023-01-11,1,11,0.49999999999999994,0.8660254037844387,0.0,0.0,0.17,17.92,18.72,22.71,22.02,21.47,0.1333,0.1963,23.4,0
2023-01-12,1,12,0.49999999999999994,0.8660254037844387,0.0,0.0,0.12,18.2,17.92,25.04,22.23,22.02,0.1446,0.2611,23.45,0
2023-01-13,1,13,0.49999999999999994,0.8660254037844387,0.0,0.0,0.1,9.43,18.2,18.72,23.37,22.23,0.1657,0.2826,22.51,0
2023-01-14,1,14,0.49999999999999994,0.8660254037844387,0.0,0.0,0.03,11.09,9.43,17.92,23.4,23.37,0.1496,0.2679,22.93,0
2023-01-15,1,15,0.49999999999999994,0.8660254037844387,0.0,0.0,0.0,19.72,11.09,18.2,23.45,23.4,0.1727,0.2375,23.74,0
2023-01-16,1,16,0.49999999999999994,0.8660254037844387,0.0,0.0,0.0,20.52,19.72,9.43,22.51,23.45,0.1763,0.2217,24.79,0
2023-01-17,1,17,0.49999999999999994,0.8660254037844387,0.0,0.0,0.0,24.54,20.52,11.09,22.93,22.51,0.174,0.2524,25.13,0
2023-01-18,1,18,0.49999999999999994,0.8660254037844387,0.0,0.0,0.0,22.79,24.54,19.72,23.74,22.93,0.1741,0.2574,25.27,0
2023-01-19,1,19,0.49999999999999994,0.8660254037844387,0.0,0.0,0.0,20.28,22.79,20.52,24.79,23.74,0.1293,0.2529,25.44,0
2023-01-20,1,20,0.49999999999999994,0.8660254037844387,0.01,0.01,0.01,19.96,20.28,24.54,25.13,24.79,0.1597,0.2446,25.27,0
2023-01-21,1,21,0.49999999999999994,0.8660254037844387,0.07,0.08,0.08,14.91,19.96,22.79,25.27,25.13,0.1379,0.2176,26.13,0
2023-01-22,1,22,0.49999999999999994,0.8660254037844387,0.12,0.2,0.2,10.02,14.91,20.28,25.44,25.27,0.1172,0.2628,26.78,0
2023-01-23,1,23,0.49999999999999994,0.8660254037844387,0.14,0.34,0.34,14.79,10.02,19.96,25.27,25.44,0.1446,0.2643,25.56,0
2023-01-24,1,24,0.49999999999999994,0.8660254037844387,0.04,0.38,0.38,19.26,14.79,14.91,26.13,25.27,0.1768,0.2563,25.12,0
2023-01-25,1,25,0.49999999999999994,0.8660254037844387,0.12,0.5,0.5,13.62,19.26,10.02,26.78,26.13,0.1597,0.2536,24.92,0
2023-01-26,1,26,0.49999999999999994,0.8660254037844387,0.08,0.58,0.58,16.66,13.62,14.79,25.56,26.78,0.1909,0.3007,24.49,0
2023-01-27,1,27,0.49999999999999994,0.8660254037844387,0.22,0.79,0.8,15.03,16.66,19.26,25.12,25.56,0.1543,0.2317,25.82,0
2023-01-28,1,28,0.49999999999999994,0.8660254037844387,0.43,1.15,1.23,15.35,15.03,13.62,24.92,25.12,0.2001,0.2892,24.52,0
2023-01-29,1,29,0.49999999999999994,0.8660254037844387,0.18,1.21,1.41,16.12,15.35,16.66,24.49,24.92,0.1548,0.2288,24.98,0
2023-01-30,1,30,0.49999999999999994,0.8660254037844387,0.29,1.36,1.7,18.91,16.12,15.03,25.82,24.49,0.152,0.2843,26.17,0
2023-01-31,1,31,0.49999999999999994,0.8660254037844387,0.0,1.32,1.7,17.63,18.91,15.35,24.52,25.82,0.1259,0.288,26.56,0
2023-02-01,2,32,0.8660254037844386,0.5000000000000001,0.0,1.2,1.7,21.86,17.63,16.12,24.98,24.52,0.1737,0.2422,25.68,0
2023-02-02,2,33,0.8660254037844386,0.5000000000000001,0.01,1.13,1.71,21.05,21.86,18.91,26.17,24.98,0.1415,0.3009,25.18,0
2023-02-03,2,34,0.8660254037844386,0.5000000000000001,0.0,0.91,1.71,21.62,21.05,17.63,26.56,26.17,0.1386,0.2651,25.29,0
2023-02-04,2,35,0.8660254037844386,0.5000000000000001,0.0,0.48,1.71,16.27,21.62,21.86,25.68,26.56,0.1772,0.2247,24.81,0
2023-02-05,2,36,0.8660254037844386,0.5000000000000001,10.65,10.95,12.36,23.89,16.27,21.05,25.18,25.68,0.1843,0.2462,25.47,0
2023-02-06,2,37,0.8660254037844386,0.5000000000000001,13.74,24.4,26.1,23.86,23.89,21.62,25.29,25.18,0.1961,0.2996,25.71,0
2023-02-07,2,38,0.8660254037844386,0.5000000000000001,6.84,31.24,32.94,24.92,23.86,16.27,24.81,25.29,0.1724,0.2975,26.27,0
2023-02-08,2,39,0.8660254037844386,0.5000000000000001,6.16,37.4,39.1,16.65,24.92,23.89,25.47,24.81,0.1842,0.2417,26.37,0
2023-02-09,2,40,0.8660254037844386,0.5000000000000001,13.92,51.31,53.02,13.02,16.65,23.86,25.71,25.47,0.1965,0.2776,25.24,0
2023-02-10,2,41,0.8660254037844386,0.5000000000000001,0.01,51.32,53.03,18.17,13.02,24.92,26.27,25.71,0.2134,0.2879,24.21,0
2023-02-11,2,42,0.8660254037844386,0.5000000000000001,0.01,51.33,53.04,18.75,18.17,16.65,26.37,26.27,0.2288,0.2666,24.13,0
2023-02-12,2,43,0.8660254037844386,0.5000000000000001,0.0,40.68,53.04,10.44,18.75,13.02,25.24,26.37,0.2051,0.3526,23.17,0
2023-02-13,2,44,0.8660254037844386,0.5000000000000001,0.0,26.94,53.04,15.18,10.44,18.17,24.21,25.24,0.2372,0.2888,22.9,0
2023-02-14,2,45,0.8660254037844386,0.5000000000000001,0.0,20.1,53.04,12.88,15.18,18.75,24.13,24.21,0.2157,0.28,22.84,0
2023-02-15,2,46,0.8660254037844386,0.5000000000000001,0.0,13.94,53.04,18.75,12.88,10.44,23.17,24.13,0.193,0.3175,24.16,0
2023-02-16,2,47,0.8660254037844386,0.5000000000000001,0.0,0.02,53.04,17.74,18.75,15.18,22.9,23.17,0.2143,0.2709,23.51,0
2023-02-17,2,48,0.8660254037844386,0.5000000000000001,0.0,0.01,53.04,18.05,17.74,12.88,22.84,22.9,0.2319,0.312,24.78,0
2023-02-18,2,49,0.8660254037844386,0.5000000000000001,0.0,0.0,53.04,22.22,18.05,18.75,24.16,22.84,0.2377,0.2318,24.77,0
2023-02-19,2,50,0.8660254037844386,0.5000000000000001,0.0,0.0,53.03,17.45,22.22,17.74,23.51,24.16,0.2215,0.2682,25.41,0
2023-02-20,2,51,0.8660254037844386,0.5000000000000001,0.0,0.0,52.96,13.01,17.45,18.05,24.78,23.51,0.1982,0.3132,26.4,0
2023-02-21,2,52,0.8660254037844386,0.5000000000000001,0.01,0.01,52.85,12.43,13.01,22.22,24.77,24.78,0.1932,0.3288,26.52,0
2023-02-22,2,53,0.8660254037844386,0.5000000000000001,0.56,0.57,53.27,16.03,12.43,17.45,25.41,24.77,0.2095,0.2588,26.37,0
2023-02-23,2,54,0.8660254037844386,0.5000000000000001,0.86,1.43,54.09,10.48,16.03,13.01,26.4,25.41,0.2322,0.2558,26.86,0
2023-02-24,2,55,0.8660254037844386,0.5000000000000001,0.96,2.39,54.93,4.42,10.48,12.43,26.52,26.4,0.2081,0.3,26.4,0
2023-02-25,2,56,0.8660254037844386,0.5000000000000001,5.81,8.2,60.66,9.34,4.42,16.03,26.37,26.52,0.2137,0.2677,26.05,0
2023-02-26,2,57,0.8660254037844386,0.5000000000000001,5.85,14.05,66.29,7.92,9.34,10.48,26.86,26.37,0.2107,0.2817,26.16,0
2023-02-27,2,58,0.8660254037844386,0.5000000000000001,4.76,18.81,70.62,7.64,7.92,4.42,26.4,26.86,0.207,0.3187,25.53,0
2023-02-28,2,59,0.8660254037844386,0.5000000000000001,7.22,26.02,77.66,2.0,7.64,9.34,26.05,26.4,0.2167,0.2803,26.06,0
2023-03-01,3,60,1.0,6.123233995736766e-17,2.34,27.8,79.71,2.0,2.0,7.92,26.16,26.05,0.2244,0.2389,26.67,0
2023-03-02,3,61,1.0,6.123233995736766e-17,0.48,27.42,80.19,3.75,2.0,7.64,25.53,26.16,0.2565,0.2591,26.98,0
2023-03-03,3,62,1.0,6.123233995736766e-17,0.78,27.24,80.97,9.56,3.75,2.0,26.06,25.53,0.2181,0.2989,26.42,0
2023-03-04,3,63,1.0,6.123233995736766e-17,1.0,22.43,81.96,7.72,9.56,2.0,26.67,26.06,0.2248,0.2433,26.37,0
2023-03-05,3,64,1.0,6.123233995736766e-17,0.51,17.09,82.47,15.88,7.72,3.75,26.98,26.67,0.2069,0.2906,26.42,0
2023-03-06,3,65,1.0,6.123233995736766e-17,0.7,13.03,83.17,13.45,15.88,9.56,26.42,26.98,0.2392,0.2581,25.6,0
2023-03-07,3,66,1.0,6.123233995736766e-17,3.36,9.17,75.88,11.27,13.45,7.72,26.37,26.42,0.2456,0.3447,25.23,0
2023-03-08,3,67,1.0,6.123233995736766e-17,5.89,12.72,68.03,18.15,11.27,15.88,26.42,26.37,0.2437,0.3558,25.25,0
2023-03-09,3,68,1.0,6.123233995736766e-17,5.56,17.8,66.75,18.68,18.15,13.45,25.6,26.42,0.2141,0.2583,25.48,0
2023-03-10,3,69,1.0,6.123233995736766e-17,0.96,17.98,61.55,15.98,18.68,11.27,25.23,25.6,0.2169,0.2946,25.99,0
2023-03-11,3,70,1.0,6.123233995736766e-17,1.0,17.98,48.63,15.03,15.98,18.15,25.25,25.23,0.1907,0.2504,26.13,0
2023-03-12,3,71,1.0,6.123233995736766e-17,0.38,17.85,49.0,20.27,15.03,18.68,25.48,25.25,0.2047,0.2701,25.91,0
2023-03-13,3,72,1.0,6.123233995736766e-17,0.24,17.39,49.23,25.18,20.27,15.98,25.99,25.48,0.2006,0.3336,26.04,0
2023-03-14,3,73,1.0,6.123233995736766e-17,0.54,14.57,49.77,20.24,25.18,15.03,26.13,25.99,0.196,0.2659,25.95,0
2023-03-15,3,74,1.0,6.123233995736766e-17,0.76,9.44,50.53,19.14,20.24,20.27,25.91,26.13,0.1982,0.2717,24.92,0
2023-03-16,3,75,1.0,6.123233995736766e-17,1.31,5.19,51.84,18.76,19.14,25.18,26.04,25.91,0.2057,0.2528,24.94,0
2023-03-17,3,76,1.0,6.123233995736766e-17,2.47,6.7,54.31,14.18,18.76,20.24,25.95,26.04,0.193,0.317,25.65,0
2023-03-18,3,77,1.0,6.123233995736766e-17,6.97,12.67,61.28,14.14,14.18,19.14,24.92,25.95,0.2003,0.1889,25.24,0
2023-03-19,3,78,1.0,6.123233995736766e-17,0.54,12.83,61.82,14.35,14.14,18.76,24.94,24.92,0.2398,0.2738,25.4,0
2023-03-20,3,79,1.0,6.123233995736766e-17,1.08,13.67,62.9,19.09,14.35,14.18,25.65,24.94,0.2608,0.2864,26.2,0
2023-03-21,3,80,1.0,6.123233995736766e-17,9.16,22.29,72.06,23.56,19.09,14.14,25.24,25.65,0.1908,0.2734,25.56,0
2023-03-22,3,81,1.0,6.123233995736766e-17,5.27,26.8,77.33,21.3,23.56,14.35,25.4,25.24,0.1944,0.3223,25.79,0
2023-03-23,3,82,1.0,6.123233995736766e-17,3.75,29.24,81.07,19.91,21.3,19.09,26.2,25.4,0.2038,0.3347,25.97,0
2023-03-24,3,83,1.0,6.123233995736766e-17,3.75,30.52,84.26,22.3,19.91,23.56,25.56,26.2,0.2238,0.2582,25.55,0
2023-03-25,3,84,1.0,6.123233995736766e-17,0.26,23.81,83.66,19.32,22.3,21.3,25.79,25.56,0.2432,0.363,25.95,0
2023-03-26,3,85,1.0,6.123233995736766e-17,2.82,26.09,85.52,21.52,19.32,19.91,25.97,25.79,0.2388,0.2586,25.69,0
2023-03-27,3,86,1.0,6.123233995736766e-17,36.14,61.15,115.85,21.23,21.52,22.3,25.55,25.97,0.2577,0.3582,26.18,0
2023-03-28,3,87,1.0,6.123233995736766e-17,0.07,52.06,110.07,17.35,21.23,19.32,25.95,25.55,0.2596,0.3205,25.81,0
2023-03-29,3,88,1.0,6.123233995736766e-17,1.5,48.29,106.81,14.04,17.35,21.52,25.69,25.95,0.2323,0.299,26.1,0
2023-03-30,3,89,1.0,6.123233995736766e-17,5.69,50.23,105.28,20.82,14.04,21.23,26.18,25.69,0.2399,0.3009,25.58,0
2023-03-31,3,90,1.0,6.123233995736766e-17,4.72,51.2,107.66,20.21,20.82,17.35,25.81,26.18,0.2465,0.3136,25.41,0
2023-04-01,4,91,0.8660254037844387,-0.49999999999999983,0.05,50.99,107.23,26.88,20.21,14.04,26.1,25.81,0.2148,0.3206,25.51,0
2023-04-02,4,92,0.8660254037844387,-0.49999999999999983,0.13,48.3,106.58,23.91,26.88,20.82,25.58,26.1,0.2227,0.2863,26.16,0
2023-04-03,4,93,0.8660254037844387,-0.49999999999999983,0.1,12.26,105.68,24.6,23.91,20.21,25.41,25.58,0.2227,0.3064,26.17,0
2023-04-04,4,94,0.8660254037844387,-0.49999999999999983,0.02,12.21,105.19,33.58,24.6,26.88,25.51,25.41,0.26,0.29,25.7,0
2023-04-05,4,95,0.8660254037844387,-0.49999999999999983,0.06,10.77,104.55,27.4,33.58,23.91,26.16,25.51,0.249,0.2763,25.37,0
2023-04-06,4,96,0.8660254037844387,-0.49999999999999983,20.28,25.36,121.47,19.09,27.4,24.6,26.17,26.16,0.2715,0.2984,25.15,0
2023-04-07,4,97,0.8660254037844387,-0.49999999999999983,18.88,39.52,134.46,25.0,19.09,33.58,25.7,26.17,0.2342,0.2962,26.1,0
2023-04-08,4,98,0.8660254037844387,-0.49999999999999983,25.13,64.6,154.03,21.92,25.0,27.4,25.37,25.7,0.259,0.3298,25.07,0
2023-04-09,4,99,0.8660254037844387,-0.49999999999999983,6.51,70.98,159.58,22.63,21.92,19.09,25.15,25.37,0.3069,0.3587,26.02,0
2023-04-10,4,100,0.8660254037844387,-0.49999999999999983,5.01,75.89,163.59,21.05,22.63,25.0,26.1,25.15,0.2417,0.3518,26.03,0
2023-04-11,4,101,0.8660254037844387,-0.49999999999999983,6.22,82.09,169.43,23.22,21.05,21.92,25.07,26.1,0.327,0.4109,26.12,0
2023-04-12,4,102,0.8660254037844387,-0.49999999999999983,1.78,83.81,170.97,20.22,23.22,22.63,26.02,25.07,0.2674,0.2863,25.64,0
2023-04-13,4,103,0.8660254037844387,-0.49999999999999983,9.17,72.7,179.6,20.92,20.22,21.05,26.03,26.02,0.3285,0.3718,26.52,0
2023-04-14,4,104,0.8660254037844387,-0.49999999999999983,1.85,55.67,180.69,24.04,20.92,23.22,26.12,26.03,0.2948,0.3586,26.19,0
2023-04-15,4,105,0.8660254037844387,-0.49999999999999983,13.1,43.64,192.48,21.08,24.04,20.22,25.64,26.12,0.3442,0.39,26.77,0
2023-04-16,4,106,0.8660254037844387,-0.49999999999999983,3.79,40.92,193.8,19.82,21.08,20.92,26.52,25.64,0.3886,0.3878,26.75,0
2023-04-17,4,107,0.8660254037844387,-0.49999999999999983,1.9,37.81,188.73,20.08,19.82,24.04,26.19,26.52,0.2744,0.3583,26.31,0
2023-04-18,4,108,0.8660254037844387,-0.49999999999999983,2.52,34.11,190.71,16.0,20.08,21.08,26.77,26.19,0.3355,0.3696,25.47,0
2023-04-19,4,109,0.8660254037844387,-0.49999999999999983,2.37,34.7,192.0,16.59,16.0,19.82,26.75,26.77,0.2866,0.3429,25.48,0
2023-04-20,4,110,0.8660254037844387,-0.49999999999999983,2.77,28.3,185.61,19.14,16.59,20.08,26.31,26.75,0.3256,0.3798,25.2,0
2023-04-21,4,111,0.8660254037844387,-0.49999999999999983,1.79,28.24,182.13,19.18,19.14,16.0,25.47,26.31,0.3098,0.3029,25.54,0
2023-04-22,4,112,0.8660254037844387,-0.49999999999999983,3.02,18.16,181.4,19.71,19.18,16.59,25.48,25.47,0.3159,0.3821,26.47,0
2023-04-23,4,113,0.8660254037844387,-0.49999999999999983,10.52,24.89,188.17,21.29,19.71,19.14,25.2,25.48,0.3011,0.3622,25.64,0
2023-04-24,4,114,0.8660254037844387,-0.49999999999999983,3.13,26.12,191.04,20.15,21.29,19.18,25.54,25.2,0.3375,0.35,24.48,0
2023-04-25,4,115,0.8660254037844387,-0.49999999999999983,2.84,26.44,191.06,24.57,20.15,19.71,26.47,25.54,0.293,0.3577,25.38,0
2023-04-26,4,116,0.8660254037844387,-0.49999999999999983,5.54,29.61,160.46,30.76,24.57,21.29,25.64,26.47,0.3192,0.3415,24.93,0
2023-04-27,4,117,0.8660254037844387,-0.49999999999999983,20.2,47.04,180.59,28.78,30.76,20.15,24.48,25.64,0.3043,0.3973,24.97,0
2023-04-28,4,118,0.8660254037844387,-0.49999999999999983,1.32,46.57,180.41,30.91,28.78,24.57,25.38,24.48,0.2843,0.4553,25.1,0
2023-04-29,4,119,0.8660254037844387,-0.49999999999999983,10.99,54.54,185.71,29.91,30.91,30.76,24.93,25.38,0.349,0.398,25.84,0
2023-04-30,4,120,0.8660254037844387,-0.49999999999999983,14.3,58.32,195.29,31.66,29.91,28.78,24.97,24.93,0.3244,0.3502,25.57,0
2023-05-01,5,121,0.49999999999999994,-0.8660254037844387,8.94,64.13,204.18,38.12,31.66,30.91,25.1,24.97,0.3719,0.3914,25.32,0
2023-05-02,5,122,0.49999999999999994,-0.8660254037844387,13.42,74.71,217.47,39.62,38.12,29.91,25.84,25.1,0.3702,0.4007,26.24,0
2023-05-03,5,123,0.49999999999999994,-0.8660254037844387,19.79,88.96,237.16,32.13,39.62,31.66,25.57,25.84,0.3475,0.3645,25.64,0
2023-05-04,5,124,0.49999999999999994,-0.8660254037844387,12.72,81.48,249.86,34.92,32.13,38.12,25.32,25.57,0.3732,0.3621,25.7,0
2023-05-05,5,125,0.49999999999999994,-0.8660254037844387,6.14,86.3,255.94,40.51,34.92,39.62,26.24,25.32,0.3828,0.4017,25.45,0
2023-05-06,5,126,0.49999999999999994,-0.8660254037844387,3.79,79.1,239.45,39.16,40.51,32.13,25.64,26.24,0.396,0.4179,25.62,0
2023-05-07,5,127,0.49999999999999994,-0.8660254037844387,4.07,68.87,224.64,42.63,39.16,34.92,25.7,25.64,0.3609,0.3364,25.87,0
2023-05-08,5,128,0.49999999999999994,-0.8660254037844387,1.84,61.77,201.35,38.42,42.63,40.51,25.45,25.7,0.3347,0.3492,25.84,0
2023-05-09,5,129,0.49999999999999994,-0.8660254037844387,3.15,51.5,197.99,31.61,38.42,39.16,25.62,25.45,0.3242,0.386,25.96,0
2023-05-10,5,130,0.49999999999999994,-0.8660254037844387,4.83,36.54,197.81,32.34,31.61,42.63,25.87,25.62,0.327,0.3699,26.37,0
2023-05-11,5,131,0.49999999999999994,-0.8660254037844387,4.04,27.86,195.63,25.34,32.34,38.42,25.84,25.87,0.3522,0.4099,26.09,0
2023-05-12,5,132,0.49999999999999994,-0.8660254037844387,4.13,25.85,197.98,25.52,25.34,31.61,25.96,25.84,0.3283,0.3264,25.99,0
2023-05-13,5,133,0.49999999999999994,-0.8660254037844387,2.4,24.46,191.21,31.67,25.52,32.34,26.37,25.96,0.3142,0.4353,26.05,0
2023-05-14,5,134,0.49999999999999994,-0.8660254037844387,10.14,30.53,199.5,24.27,31.67,25.34,26.09,26.37,0.3183,0.3236,25.6,0
2023-05-15,5,135,0.49999999999999994,-0.8660254037844387,8.79,37.48,195.19,20.44,24.27,25.52,25.99,26.09,0.3146,0.3062,25.47,0
2023-05-16,5,136,0.49999999999999994,-0.8660254037844387,9.68,44.01,201.08,18.3,20.44,31.67,26.05,25.99,0.3029,0.3689,26.16,0
2023-05-17,5,137,0.49999999999999994,-0.8660254037844387,7.53,46.71,206.71,20.48,18.3,24.27,25.6,26.05,0.321,0.34,26.72,0
2023-05-18,5,138,0.49999999999999994,-0.8660254037844387,11.91,54.58,216.1,21.31,20.48,20.44,25.47,25.6,0.3745,0.3785,25.81,0
2023-05-19,5,139,0.49999999999999994,-0.8660254037844387,6.01,56.46,219.74,29.17,21.31,18.3,26.16,25.47,0.3436,0.3796,25.71,0
2023-05-20,5,140,0.49999999999999994,-0.8660254037844387,7.92,61.98,224.89,34.18,29.17,20.48,26.72,26.16,0.3665,0.3791,26.0,0
2023-05-21,5,141,0.49999999999999994,-0.8660254037844387,4.71,56.55,227.81,36.68,34.18,21.31,25.81,26.72,0.3055,0.3614,26.37,0
2023-05-22,5,142,0.49999999999999994,-0.8660254037844387,3.83,51.59,228.62,37.45,36.68,29.17,25.71,25.81,0.3671,0.4002,26.25,0
2023-05-23,5,143,0.49999999999999994,-0.8660254037844387,4.49,46.4,222.59,39.02,37.45,34.18,26.0,25.71,0.3471,0.374,26.18,0
2023-05-24,5,144,0.49999999999999994,-0.8660254037844387,2.59,41.46,222.05,35.35,39.02,36.68,26.37,26.0,0.3402,0.4163,25.26,0
2023-05-25,5,145,0.49999999999999994,-0.8660254037844387,4.54,34.09,223.75,39.17,35.35,37.45,26.25,26.37,0.355,0.3788,25.6,0
2023-05-26,5,146,0.49999999999999994,-0.8660254037844387,2.0,30.08,220.21,34.52,39.17,39.02,26.18,26.25,0.3383,0.3532,25.94,0
2023-05-27,5,147,0.49999999999999994,-0.8660254037844387,3.1,25.26,203.11,38.08,34.52,35.35,25.26,26.18,0.2903,0.3212,26.14,0
2023-05-28,5,148,0.49999999999999994,-0.8660254037844387,2.97,23.52,204.76,42.58,38.08,39.17,25.6,25.26,0.3527,0.3677,26.06,0
2023-05-29,5,149,0.49999999999999994,-0.8660254037844387,2.91,22.6,196.68,42.4,42.58,34.52,25.94,25.6,0.3319,0.3299,25.7,0
2023-05-30,5,150,0.49999999999999994,-0.8660254037844387,4.2,22.31,186.58,40.56,42.4,38.08,26.14,25.94,0.3116,0.3214,25.56,0
2023-05-31,5,151,0.49999999999999994,-0.8660254037844387,4.95,24.67,182.59,41.28,40.56,42.58,26.06,26.14,0.295,0.3754,25.5,0
2023-06-01,6,152,1.2246467991473532e-16,-1.0,10.64,30.77,179.81,28.84,41.28,42.4,25.7,26.06,0.2824,0.3046,25.7,0
2023-06-02,6,153,1.2246467991473532e-16,-1.0,12.39,41.16,172.41,30.85,28.84,40.56,25.56,25.7,0.3096,0.3958,25.3,0
2023-06-03,6,154,1.2246467991473532e-16,-1.0,6.61,44.67,166.3,30.84,30.85,41.28,25.5,25.56,0.3319,0.3546,24.71,0
2023-06-04,6,155,1.2246467991473532e-16,-1.0,5.3,47.0,165.46,31.12,30.84,28.84,25.7,25.5,0.303,0.348,24.88,0
2023-06-05,6,156,1.2246467991473532e-16,-1.0,16.54,60.63,178.21,34.69,31.12,30.85,25.3,25.7,0.2827,0.3259,24.78,1
2023-06-06,6,157,1.2246467991473532e-16,-1.0,20.16,76.59,194.3,34.95,34.69,30.84,24.71,25.3,0.3294,0.3895,25.06,1
2023-06-07,6,158,1.2246467991473532e-16,-1.0,15.75,87.39,208.21,31.23,34.95,31.12,24.88,24.71,0.3363,0.3748,24.95,0
2023-06-08,6,159,1.2246467991473532e-16,-1.0,16.88,93.63,221.94,32.39,31.23,34.69,24.78,24.88,0.367,0.3626,23.91,0
2023-06-09,6,160,1.2246467991473532e-16,-1.0,11.13,92.37,228.24,34.4,32.39,34.95,25.06,24.78,0.3676,0.3929,24.19,0
2023-06-10,6,161,1.2246467991473532e-16,-1.0,21.53,107.29,245.73,36.69,34.4,31.23,24.95,25.06,0.3114,0.347,24.26,0
2023-06-11,6,162,1.2246467991473532e-16,-1.0,63.14,165.13,304.74,39.98,36.69,32.39,23.91,24.95,0.4352,0.3838,25.06,1
2023-06-12,6,163,1.2246467991473532e-16,-1.0,5.22,153.81,307.56,46.42,39.98,34.4,24.19,23.91,0.4067,0.4009,23.91,1
2023-06-13,6,164,1.2246467991473532e-16,-1.0,0.73,134.38,298.15,43.33,46.42,36.69,24.26,24.19,0.3899,0.4394,24.46,1
2023-06-14,6,165,1.2246467991473532e-16,-1.0,23.38,142.01,312.74,46.11,43.33,39.98,25.06,24.26,0.4277,0.4375,25.69,0
2023-06-15,6,166,1.2246467991473532e-16,-1.0,20.76,145.89,323.82,53.23,46.11,46.42,23.91,25.06,0.4497,0.4758,25.83,0
2023-06-16,6,167,1.2246467991473532e-16,-1.0,12.46,147.22,328.75,47.39,53.23,43.33,24.46,23.91,0.4131,0.4197,25.6,0
2023-06-17,6,168,1.2246467991473532e-16,-1.0,9.11,134.8,325.95,50.14,47.39,46.11,25.69,24.46,0.4574,0.4628,24.5,0
2023-06-18,6,169,1.2246467991473532e-16,-1.0,9.96,81.62,329.9,49.61,50.14,53.23,25.83,25.69,0.4622,0.4445,24.02,0
2023-06-19,6,170,1.2246467991473532e-16,-1.0,16.47,92.87,338.45,50.3,49.61,47.39,25.6,25.83,0.4555,0.4248,24.02,0
2023-06-20,6,171,1.2246467991473532e-16,-1.0,15.35,107.49,349.09,49.07,50.3,50.14,24.5,25.6,0.4468,0.471,24.57,0
2023-06-21,6,172,1.2246467991473532e-16,-1.0,3.3,87.41,348.56,51.1,49.07,49.61,24.02,24.5,0.4441,0.4572,23.54,0
2023-06-22,6,173,1.2246467991473532e-16,-1.0,1.74,68.39,345.81,60.96,51.1,50.3,24.02,24.02,0.4817,0.4386,24.47,0
2023-06-23,6,174,1.2246467991473532e-16,-1.0,16.13,72.06,359.35,57.31,60.96,49.07,24.57,24.02,0.4432,0.4669,24.63,0
2023-06-24,6,175,1.2246467991473532e-16,-1.0,30.52,93.47,385.33,55.21,57.31,51.1,23.54,24.57,0.5181,0.4773,24.97,0
2023-06-25,6,176,1.2246467991473532e-16,-1.0,2.77,86.28,386.1,53.07,55.21,60.96,24.47,23.54,0.4942,0.477,23.53,0
2023-06-26,6,177,1.2246467991473532e-16,-1.0,3.0,72.81,386.0,63.53,53.07,57.31,24.63,24.47,0.4955,0.4692,24.31,0
2023-06-27,6,178,1.2246467991473532e-16,-1.0,6.58,64.04,389.61,63.9,63.53,55.21,24.97,24.63,0.4665,0.4446,25.19,0
2023-06-28,6,179,1.2246467991473532e-16,-1.0,9.52,70.26,396.22,66.26,63.9,53.07,23.53,24.97,0.5037,0.49,25.44,0
2023-06-29,6,180,1.2246467991473532e-16,-1.0,5.18,73.7,397.2,66.97,66.26,63.53,24.31,23.53,0.5198,0.4642,24.85,1
2023-06-30,6,181,1.2246467991473532e-16,-1.0,3.31,60.88,395.56,65.56,66.97,63.9,25.19,24.31,0.4793,0.4567,25.33,0
2023-07-01,7,182,-0.4999999999999998,-0.8660254037844388,3.23,33.59,388.15,67.27,65.56,66.26,25.44,25.19,0.5093,0.4757,24.54,1
2023-07-02,7,183,-0.4999999999999998,-0.8660254037844388,12.53,43.35,388.29,79.7,67.27,66.97,24.85,25.44,0.5012,0.505,24.7,0
2023-07-03,7,184,-0.4999999999999998,-0.8660254037844388,4.98,45.33,386.66,86.19,79.7,65.56,25.33,24.85,0.4851,0.4876,25.19,0
2023-07-04,7,185,-0.4999999999999998,-0.8660254037844388,7.62,46.37,388.98,82.98,86.19,67.27,24.54,25.33,0.5172,0.4675,24.98,0
2023-07-05,7,186,-0.4999999999999998,-0.8660254037844388,6.34,43.19,378.78,86.3,82.98,79.7,24.7,24.54,0.4469,0.4601,24.82,1
2023-07-06,7,187,-0.4999999999999998,-0.8660254037844388,3.32,41.33,361.94,83.13,86.3,86.19,25.19,24.7,0.4827,0.4862,24.01,0
2023-07-07,7,188,-0.4999999999999998,-0.8660254037844388,19.62,57.64,365.81,76.97,83.13,82.98,24.98,25.19,0.5116,0.3976,24.58,0
2023-07-08,7,189,-0.4999999999999998,-0.8660254037844388,20.72,75.13,369.65,83.23,76.97,86.3,24.82,24.98,0.5115,0.4957,25.2,0
2023-07-09,7,190,-0.4999999999999998,-0.8660254037844388,5.77,68.37,364.29,89.27,83.23,83.13,24.01,24.82,0.4857,0.4124,24.48,0
2023-07-10,7,191,-0.4999999999999998,-0.8660254037844388,0.21,63.6,342.97,93.81,89.27,76.97,24.58,24.01,0.4526,0.4133,25.1,0
2023-07-11,7,192,-0.4999999999999998,-0.8660254037844388,7.68,63.66,287.51,90.88,93.81,83.23,25.2,24.58,0.396,0.4071,25.47,0
2023-07-12,7,193,-0.4999999999999998,-0.8660254037844388,39.32,96.64,321.61,90.49,90.88,89.27,24.48,25.2,0.4334,0.5081,26.28,1
2023-07-13,7,194,-0.4999999999999998,-0.8660254037844388,3.33,96.65,324.21,94.14,90.49,93.81,25.1,24.48,0.4527,0.4948,26.24,0
2023-07-14,7,195,-0.4999999999999998,-0.8660254037844388,3.72,80.75,304.55,95.74,94.14,90.88,25.47,25.1,0.408,0.4539,24.57,1
2023-07-15,7,196,-0.4999999999999998,-0.8660254037844388,6.32,66.35,290.11,93.99,95.74,90.49,26.28,25.47,0.4262,0.4348,25.45,0
2023-07-16,7,197,-0.4999999999999998,-0.8660254037844388,11.46,72.04,289.11,87.87,93.99,94.14,26.24,26.28,0.4529,0.3676,25.28,1
2023-07-17,7,198,-0.4999999999999998,-0.8660254037844388,29.17,101.0,309.17,90.26,87.87,95.74,24.57,26.24,0.427,0.4402,25.0,0
2023-07-18,7,199,-0.4999999999999998,-0.8660254037844388,13.7,107.02,312.91,96.52,90.26,93.99,25.45,24.57,0.4047,0.4213,25.16,0
2023-07-19,7,200,-0.4999999999999998,-0.8660254037844388,9.43,77.13,305.87,92.92,96.52,87.87,25.28,25.45,0.3984,0.409,24.83,0
2023-07-20,7,201,-0.4999999999999998,-0.8660254037844388,5.53,79.33,296.05,97.34,92.92,90.26,25.0,25.28,0.432,0.4323,24.47,1
2023-07-21,7,202,-0.4999999999999998,-0.8660254037844388,10.61,86.22,303.36,100.32,97.34,96.52,25.16,25.0,0.4218,0.4179,24.28,0
2023-07-22,7,203,-0.4999999999999998,-0.8660254037844388,23.19,103.09,324.81,105.23,100.32,92.92,24.83,25.16,0.4599,0.471,24.85,1
2023-07-23,7,204,-0.4999999999999998,-0.8660254037844388,11.49,103.12,320.17,110.14,105.23,97.34,24.47,24.83,0.4275,0.384,25.48,0
2023-07-24,7,205,-0.4999999999999998,-0.8660254037844388,18.24,92.19,307.89,108.14,110.14,100.32,24.28,24.47,0.4437,0.437,25.36,1
2023-07-25,7,206,-0.4999999999999998,-0.8660254037844388,0.83,79.32,305.95,103.06,108.14,105.23,24.85,24.28,0.4222,0.4072,24.7,1
2023-07-26,7,207,-0.4999999999999998,-0.8660254037844388,2.63,72.52,305.58,103.39,103.06,110.14,25.48,24.85,0.4104,0.4211,24.17,0
2023-07-27,7,208,-0.4999999999999998,-0.8660254037844388,4.19,71.18,303.19,109.66,103.39,108.14,25.36,25.48,0.4149,0.4411,24.38,1
2023-07-28,7,209,-0.4999999999999998,-0.8660254037844388,9.74,70.31,303.41,109.61,109.66,103.06,24.7,25.36,0.3991,0.3985,24.93,0
2023-07-29,7,210,-0.4999999999999998,-0.8660254037844388,19.63,66.75,317.86,109.55,109.61,103.39,24.17,24.7,0.4759,0.4456,24.08,0
2023-07-30,7,211,-0.4999999999999998,-0.8660254037844388,16.36,71.62,330.91,105.57,109.55,109.66,24.38,24.17,0.4459,0.4422,23.72,1
2023-07-31,7,212,-0.4999999999999998,-0.8660254037844388,14.56,67.94,342.24,117.02,105.57,109.61,24.93,24.38,0.4709,0.4355,24.57,0
2023-08-01,8,213,-0.8660254037844384,-0.5000000000000004,11.61,78.72,341.32,123.38,117.02,109.55,24.08,24.93,0.4465,0.4407,24.98,1
2023-08-02,8,214,-0.8660254037844384,-0.5000000000000004,9.38,85.47,345.72,128.97,123.38,105.57,23.72,24.08,0.4401,0.4528,24.67,1
2023-08-03,8,215,-0.8660254037844384,-0.5000000000000004,4.68,85.96,342.78,134.8,128.97,117.02,24.57,23.72,0.4538,0.4326,24.1,0
2023-08-04,8,216,-0.8660254037844384,-0.5000000000000004,3.78,80.0,340.22,138.49,134.8,123.38,24.98,24.57,0.4782,0.4543,24.47,1
2023-08-05,8,217,-0.8660254037844384,-0.5000000000000004,2.45,62.82,339.35,138.65,138.49,128.97,24.67,24.98,0.445,0.4453,24.54,1
2023-08-06,8,218,-0.8660254037844384,-0.5000000000000004,1.6,48.06,321.33,139.13,138.65,134.8,24.1,24.67,0.4218,0.4245,24.5,1
2023-08-07,8,219,-0.8660254037844384,-0.5000000000000004,2.55,36.05,303.16,138.47,139.13,138.49,24.47,24.1,0.426,0.4796,24.08,0
2023-08-08,8,220,-0.8660254037844384,-0.5000000000000004,5.18,29.62,302.57,150.49,138.47,138.65,24.54,24.47,0.4323,0.444,23.54,1
2023-08-09,8,221,-0.8660254037844384,-0.5000000000000004,20.96,41.2,323.32,153.08,150.49,139.13,24.5,24.54,0.4738,0.4325,24.62,1
2023-08-10,8,222,-0.8660254037844384,-0.5000000000000004,8.87,45.39,324.51,151.54,153.08,138.47,24.08,24.5,0.4491,0.4491,24.19,0
2023-08-11,8,223,-0.8660254037844384,-0.5000000000000004,2.28,43.89,287.47,153.59,151.54,150.49,23.54,24.08,0.4216,0.3917,24.01,1
2023-08-12,8,224,-0.8660254037844384,-0.5000000000000004,3.24,44.68,287.38,149.74,153.59,153.08,24.62,23.54,0.423,0.4093,24.85,1
2023-08-13,8,225,-0.8660254037844384,-0.5000000000000004,5.37,48.45,289.03,156.85,149.74,151.54,24.19,24.62,0.3871,0.4138,25.15,1
2023-08-14,8,226,-0.8660254037844384,-0.5000000000000004,9.56,55.46,292.27,154.59,156.85,153.59,24.01,24.19,0.3938,0.388,25.51,1
2023-08-15,8,227,-0.8660254037844384,-0.5000000000000004,2.45,52.73,283.26,157.44,154.59,149.74,24.85,24.01,0.3833,0.4316,24.96,1
2023-08-16,8,228,-0.8660254037844384,-0.5000000000000004,3.86,35.63,257.95,161.94,157.44,156.85,25.15,24.85,0.3555,0.3896,24.53,1
2023-08-17,8,229,-0.8660254037844384,-0.5000000000000004,5.52,32.28,249.77,163.17,161.94,154.59,25.51,25.15,0.3907,0.3892,24.49,1
2023-08-18,8,230,-0.8660254037844384,-0.5000000000000004,16.61,46.61,256.95,163.44,163.17,157.44,24.96,25.51,0.3871,0.3871,25.34,1
2023-08-19,8,231,-0.8660254037844384,-0.5000000000000004,15.57,58.94,266.99,163.77,163.44,161.94,24.53,24.96,0.3919,0.499,25.36,1
2023-08-20,8,232,-0.8660254037844384,-0.5000000000000004,7.23,60.8,263.61,163.97,163.77,163.17,24.49,24.53,0.3354,0.3883,24.67,1
2023-08-21,8,233,-0.8660254037844384,-0.5000000000000004,1.96,53.2,242.38,161.9,163.97,163.44,25.34,24.49,0.4093,0.3334,24.33,1
2023-08-22,8,234,-0.8660254037844384,-0.5000000000000004,6.3,57.05,237.19,160.78,161.9,163.77,25.36,25.34,0.3456,0.3443,25.15,1
2023-08-23,8,235,-0.8660254037844384,-0.5000000000000004,11.6,64.79,230.55,167.63,160.78,163.97,24.67,25.36,0.3985,0.4111,25.38,0
2023-08-24,8,236,-0.8660254037844384,-0.5000000000000004,3.71,62.98,233.43,167.36,167.63,161.9,24.33,24.67,0.3311,0.4302,24.25,1
2023-08-25,8,237,-0.8660254037844384,-0.5000000000000004,2.06,48.43,232.86,164.59,167.36,160.78,25.15,24.33,0.3433,0.3693,24.21,0
2023-08-26,8,238,-0.8660254037844384,-0.5000000000000004,2.21,35.07,230.88,163.46,164.59,167.63,25.38,25.15,0.3137,0.4269,24.67,1
2023-08-27,8,239,-0.8660254037844384,-0.5000000000000004,5.19,33.03,226.33,169.04,163.46,167.36,24.25,25.38,0.3609,0.408,23.98,1
2023-08-28,8,240,-0.8660254037844384,-0.5000000000000004,9.98,41.05,216.68,172.06,169.04,164.59,24.21,24.25,0.323,0.3743,24.79,1
2023-08-29,8,241,-0.8660254037844384,-0.5000000000000004,3.1,37.85,203.42,174.07,172.06,163.46,24.67,24.21,0.3116,0.3642,24.46,1
2023-08-30,8,242,-0.8660254037844384,-0.5000000000000004,63.62,89.87,252.48,173.5,174.07,169.04,23.98,24.67,0.3498,0.4069,23.71,1
2023-08-31,8,243,-0.8660254037844384,-0.5000000000000004,1.25,87.41,242.12,176.27,173.5,172.06,24.79,23.98,0.3835,0.4216,23.68,0
2023-09-01,9,244,-1.0,-1.8369701987210297e-16,11.41,96.76,244.15,173.89,176.27,174.07,24.46,24.79,0.384,0.4084,24.04,0
2023-09-02,9,245,-1.0,-1.8369701987210297e-16,46.0,140.55,285.47,174.22,173.89,173.5,23.71,24.46,0.4432,0.401,24.11,1
2023-09-03,9,246,-1.0,-1.8369701987210297e-16,15.3,150.66,296.99,179.7,174.22,176.27,23.68,23.71,0.4036,0.423,25.0,1
2023-09-04,9,247,-1.0,-1.8369701987210297e-16,8.64,149.32,303.18,184.13,179.7,173.89,24.04,23.68,0.4272,0.4913,26.18,1
2023-09-05,9,248,-1.0,-1.8369701987210297e-16,15.01,161.23,316.59,180.75,184.13,174.22,24.11,24.04,0.4091,0.4475,25.02,1
2023-09-06,9,249,-1.0,-1.8369701987210297e-16,3.1,100.71,317.14,178.42,180.75,179.7,25.0,24.11,0.4287,0.4664,24.6,1
2023-09-07,9,250,-1.0,-1.8369701987210297e-16,3.16,102.62,315.12,180.26,178.42,184.13,26.18,25.0,0.4232,0.4553,24.33,1
2023-09-08,9,251,-1.0,-1.8369701987210297e-16,31.99,123.2,326.15,188.49,180.26,180.75,25.02,26.18,0.4528,0.4539,25.07,1
2023-09-09,9,252,-1.0,-1.8369701987210297e-16,31.39,108.59,348.67,181.3,188.49,178.42,24.6,25.02,0.4841,0.4625,24.86,1
2023-09-10,9,253,-1.0,-1.8369701987210297e-16,4.11,97.4,350.5,183.96,181.3,180.26,24.33,24.6,0.4853,0.4872,24.35,0
2023-09-11,9,254,-1.0,-1.8369701987210297e-16,3.46,92.22,350.72,179.56,183.96,188.49,25.07,24.33,0.4488,0.482,25.27,1
2023-09-12,9,255,-1.0,-1.8369701987210297e-16,11.08,88.29,356.43,178.82,179.56,181.3,24.86,25.07,0.4908,0.4718,24.72,1
2023-09-13,9,256,-1.0,-1.8369701987210297e-16,4.83,90.02,351.7,179.11,178.82,183.96,24.35,24.86,0.4656,0.4402,24.37,1
2023-09-14,9,257,-1.0,-1.8369701987210297e-16,1.92,88.78,351.17,179.02,179.11,179.56,25.27,24.35,0.4596,0.4723,24.7,1
2023-09-15,9,258,-1.0,-1.8369701987210297e-16,15.01,71.8,362.32,178.59,179.02,178.82,24.72,25.27,0.4619,0.4654,24.74,1
2023-09-16,9,259,-1.0,-1.8369701987210297e-16,11.71,52.12,368.51,180.37,178.59,179.11,24.37,24.72,0.4705,0.4619,25.04,1
2023-09-17,9,260,-1.0,-1.8369701987210297e-16,6.54,54.55,358.44,179.4,180.37,179.02,24.7,24.37,0.5074,0.5454,25.45,1
2023-09-18,9,261,-1.0,-1.8369701987210297e-16,11.79,62.88,354.66,174.65,179.4,178.59,24.74,24.7,0.4753,0.4166,25.69,1
2023-09-19,9,262,-1.0,-1.8369701987210297e-16,2.18,53.98,349.61,179.33,174.65,180.37,25.04,24.74,0.4681,0.4885,24.95,1
2023-09-20,9,263,-1.0,-1.8369701987210297e-16,3.53,52.68,351.18,183.05,179.33,179.4,25.45,25.04,0.4608,0.4348,25.09,1
2023-09-21,9,264,-1.0,-1.8369701987210297e-16,10.39,61.15,355.27,186.47,183.05,174.65,25.69,25.45,0.5187,0.4671,24.41,1
2023-09-22,9,265,-1.0,-1.8369701987210297e-16,6.61,52.75,350.28,179.54,186.47,179.33,24.95,25.69,0.4914,0.5372,25.44,1
2023-09-23,9,266,-1.0,-1.8369701987210297e-16,14.89,55.93,361.46,181.0,179.54,183.05,25.09,24.95,0.4609,0.438,26.32,1
2023-09-24,9,267,-1.0,-1.8369701987210297e-16,6.22,55.61,365.62,183.61,181.0,186.47,24.41,25.09,0.4736,0.4477,25.8,1
2023-09-25,9,268,-1.0,-1.8369701987210297e-16,2.03,45.85,365.44,178.76,183.61,179.54,25.44,24.41,0.4746,0.4687,25.73,1
2023-09-26,9,269,-1.0,-1.8369701987210297e-16,2.85,46.52,363.1,178.52,178.76,181.0,26.32,25.44,0.4797,0.4424,24.98,1
2023-09-27,9,270,-1.0,-1.8369701987210297e-16,4.16,47.15,357.28,177.45,178.52,183.61,25.8,26.32,0.4575,0.4909,25.71,0
2023-09-28,9,271,-1.0,-1.8369701987210297e-16,9.74,46.5,363.92,184.24,177.45,178.76,25.73,25.8,0.4863,0.4523,25.98,1
2023-09-29,9,272,-1.0,-1.8369701987210297e-16,9.08,48.97,309.38,189.08,184.24,178.52,24.98,25.73,0.4575,0.4552,25.7,1
2023-09-30,9,273,-1.0,-1.8369701987210297e-16,3.4,37.48,311.53,178.6,189.08,177.45,25.71,24.98,0.4041,0.397,24.99,1
2023-10-01,10,274,-0.8660254037844386,0.5000000000000001,9.22,40.48,309.34,186.01,178.6,184.24,25.98,25.71,0.4058,0.3814,26.16,1
2023-10-02,10,275,-0.8660254037844386,0.5000000000000001,8.4,46.85,271.74,177.69,186.01,189.08,25.7,25.98,0.3849,0.4062,25.95,1
2023-10-03,10,276,-0.8660254037844386,0.5000000000000001,11.98,55.98,268.42,177.85,177.69,178.6,24.99,25.7,0.3828,0.364,25.76,1
2023-10-04,10,277,-0.8660254037844386,0.5000000000000001,15.82,67.64,275.6,177.76,177.85,186.01,26.16,24.99,0.438,0.4609,25.32,1
2023-10-05,10,278,-0.8660254037844386,0.5000000000000001,17.66,75.56,278.25,169.56,177.76,177.69,25.95,26.16,0.4205,0.3711,24.98,1
2023-10-06,10,279,-0.8660254037844386,0.5000000000000001,5.86,72.34,281.01,168.27,169.56,177.85,25.76,25.95,0.4218,0.3875,24.92,1
2023-10-07,10,280,-0.8660254037844386,0.5000000000000001,18.58,87.52,296.43,164.74,168.27,177.76,25.32,25.76,0.4115,0.4403,24.98,1
2023-10-08,10,281,-0.8660254037844386,0.5000000000000001,3.59,81.89,268.03,163.54,164.74,169.56,24.98,25.32,0.3855,0.3932,25.15,0
2023-10-09,10,282,-0.8660254037844386,0.5000000000000001,7.6,81.09,244.24,160.47,163.54,168.27,24.92,24.98,0.3408,0.351,25.07,0
2023-10-10,10,283,-0.8660254037844386,0.5000000000000001,7.46,76.57,247.59,161.45,160.47,164.74,24.98,24.92,0.3885,0.4598,25.05,1
2023-10-11,10,284,-0.8660254037844386,0.5000000000000001,12.44,73.19,256.57,157.62,161.45,163.54,25.15,24.98,0.3907,0.3739,24.8,1
2023-10-12,10,285,-0.8660254037844386,0.5000000000000001,9.07,64.6,254.56,153.03,157.62,160.47,25.07,25.15,0.4048,0.3968,25.22,0
2023-10-13,10,286,-0.8660254037844386,0.5000000000000001,1.25,59.99,250.98,153.77,153.03,161.45,25.05,25.07,0.3717,0.3943,24.15,0
2023-10-14,10,287,-0.8660254037844386,0.5000000000000001,2.28,43.69,251.34,152.01,153.77,157.62,24.8,25.05,0.3734,0.4221,24.28,1
2023-10-15,10,288,-0.8660254037844386,0.5000000000000001,2.41,42.51,238.74,150.55,152.01,153.03,25.22,24.8,0.3683,0.4071,24.95,0
2023-10-16,10,289,-0.8660254037844386,0.5000000000000001,3.81,38.72,230.84,143.25,150.55,153.77,24.15,25.22,0.3756,0.3637,25.79,1
2023-10-17,10,290,-0.8660254037844386,0.5000000000000001,2.59,33.85,226.89,135.1,143.25,152.01,24.28,24.15,0.3248,0.3764,26.1,0
2023-10-18,10,291,-0.8660254037844386,0.5000000000000001,5.17,26.58,220.27,129.63,135.1,150.55,24.95,24.28,0.363,0.3754,25.58,0
2023-10-19,10,292,-0.8660254037844386,0.5000000000000001,5.86,23.37,223.95,124.5,129.63,143.25,25.79,24.95,0.3511,0.4068,26.12,1
2023-10-20,10,293,-0.8660254037844386,0.5000000000000001,5.26,27.38,225.68,125.46,124.5,135.1,26.1,25.79,0.3319,0.3504,25.63,0
2023-10-21,10,294,-0.8660254037844386,0.5000000000000001,10.49,35.59,225.78,126.7,125.46,129.63,25.58,26.1,0.3115,0.446,25.85,1
2023-10-22,10,295,-0.8660254037844386,0.5000000000000001,2.99,36.17,222.16,122.84,126.7,124.5,26.12,25.58,0.3472,0.3605,25.38,1
2023-10-23,10,296,-0.8660254037844386,0.5000000000000001,0.06,32.42,207.33,125.31,122.84,125.46,25.63,26.12,0.3656,0.3741,25.31,0
2023-10-24,10,297,-0.8660254037844386,0.5000000000000001,0.03,29.86,201.14,126.72,125.31,126.7,25.85,25.63,0.3645,0.3359,26.0,1
2023-10-25,10,298,-0.8660254037844386,0.5000000000000001,0.07,24.76,199.18,123.06,126.72,122.84,25.38,25.85,0.3364,0.3306,26.31,1
2023-10-26,10,299,-0.8660254037844386,0.5000000000000001,0.05,18.95,196.38,115.33,123.06,125.31,25.31,25.38,0.366,0.3416,25.62,0
2023-10-27,10,300,-0.8660254037844386,0.5000000000000001,0.03,13.72,192.25,117.95,115.33,126.72,26.0,25.31,0.3222,0.3362,25.61,0
2023-10-28,10,301,-0.8660254037844386,0.5000000000000001,2.23,5.46,184.74,113.19,117.95,123.06,26.31,26.0,0.3353,0.3484,25.3,0
2023-10-29,10,302,-0.8660254037844386,0.5000000000000001,2.54,5.01,178.2,109.48,113.19,115.33,25.62,26.31,0.3014,0.3276,25.38,1
2023-10-30,10,303,-0.8660254037844386,0.5000000000000001,3.05,8.0,177.85,104.15,109.48,117.95,25.61,25.62,0.2998,0.3776,25.4,1
2023-10-31,10,304,-0.8660254037844386,0.5000000000000001,1.59,9.56,170.22,97.0,104.15,113.19,25.3,25.61,0.2896,0.3286,25.71,0
2023-11-01,11,305,-0.5000000000000004,0.8660254037844384,1.75,11.24,163.57,88.19,97.0,109.48,25.38,25.3,0.256,0.3213,25.37,0
2023-11-02,11,306,-0.5000000000000004,0.8660254037844384,6.55,17.74,158.14,88.73,88.19,104.15,25.4,25.38,0.3181,0.3331,24.65,0
2023-11-03,11,307,-0.5000000000000004,0.8660254037844384,17.37,35.08,159.69,83.28,88.73,97.0,25.71,25.4,0.2809,0.3756,25.32,0
2023-11-04,11,308,-0.5000000000000004,0.8660254037844384,18.36,51.21,160.39,93.75,83.28,88.19,25.37,25.71,0.2783,0.3527,25.54,0
2023-11-05,11,309,-0.5000000000000004,0.8660254037844384,19.38,68.05,173.91,86.06,93.75,88.73,24.65,25.37,0.2829,0.3514,25.06,1
2023-11-06,11,310,-0.5000000000000004,0.8660254037844384,22.05,87.05,177.38,78.64,86.06,83.28,25.32,24.65,0.3056,0.3134,25.24,0
2023-11-07,11,311,-0.5000000000000004,0.8660254037844384,2.62,88.08,176.41,79.13,78.64,93.75,25.54,25.32,0.344,0.3216,25.74,0
2023-11-08,11,312,-0.5000000000000004,0.8660254037844384,1.32,87.65,170.13,83.27,79.13,86.06,25.06,25.54,0.345,0.3137,25.62,1
2023-11-09,11,313,-0.5000000000000004,0.8660254037844384,2.11,83.21,164.78,80.59,83.27,78.64,25.24,25.06,0.2651,0.3881,25.44,0
2023-11-10,11,314,-0.5000000000000004,0.8660254037844384,1.8,67.64,154.14,79.92,80.59,79.13,25.74,25.24,0.2816,0.3584,25.55,0
2023-11-11,11,315,-0.5000000000000004,0.8660254037844384,2.44,51.72,147.51,69.35,79.92,83.27,25.62,25.74,0.2621,0.3127,26.37,0
2023-11-12,11,316,-0.5000000000000004,0.8660254037844384,1.68,34.02,147.94,64.81,69.35,80.59,25.44,25.62,0.3029,0.3218,24.01,1
2023-11-13,11,317,-0.5000000000000004,0.8660254037844384,0.28,12.25,145.94,59.12,64.81,79.92,25.55,25.44,0.2871,0.3128,25.17,0
2023-11-14,11,318,-0.5000000000000004,0.8660254037844384,0.51,10.14,144.04,50.76,59.12,69.35,26.37,25.55,0.2669,0.3098,25.49,0
2023-11-15,11,319,-0.5000000000000004,0.8660254037844384,1.1,9.92,141.33,51.46,50.76,64.81,24.01,26.37,0.2786,0.3486,24.45,0
2023-11-16,11,320,-0.5000000000000004,0.8660254037844384,0.31,8.12,139.05,42.37,51.46,59.12,25.17,24.01,0.2656,0.3248,24.89,0
2023-11-17,11,321,-0.5000000000000004,0.8660254037844384,0.0,6.32,133.88,38.06,42.37,50.76,25.49,25.17,0.3028,0.3928,25.48,0
2023-11-18,11,322,-0.5000000000000004,0.8660254037844384,0.0,3.88,128.02,37.24,38.06,51.46,24.45,25.49,0.2762,0.3643,25.52,0
2023-11-19,11,323,-0.5000000000000004,0.8660254037844384,0.0,2.2,122.76,35.11,37.24,42.37,24.89,24.45,0.2739,0.3629,25.13,1
2023-11-20,11,324,-0.5000000000000004,0.8660254037844384,0.0,1.92,112.27,37.84,35.11,38.06,25.48,24.89,0.1977,0.3375,25.21,0
2023-11-21,11,325,-0.5000000000000004,0.8660254037844384,0.0,1.41,109.28,39.59,37.84,37.24,25.52,25.48,0.247,0.3029,25.35,0
2023-11-22,11,326,-0.5000000000000004,0.8660254037844384,2.01,2.32,111.23,43.32,39.59,35.11,25.13,25.52,0.2918,0.3347,25.03,0
2023-11-23,11,327,-0.5000000000000004,0.8660254037844384,2.69,4.7,113.89,45.81,43.32,37.84,25.21,25.13,0.279,0.3079,24.42,0
2023-11-24,11,328,-0.5000000000000004,0.8660254037844384,5.67,10.37,119.49,49.45,45.81,39.59,25.35,25.21,0.2206,0.3706,25.51,0
2023-11-25,11,329,-0.5000000000000004,0.8660254037844384,11.8,22.17,131.24,48.04,49.45,43.32,25.03,25.35,0.2618,0.3409,24.99,0
2023-11-26,11,330,-0.5000000000000004,0.8660254037844384,17.51,39.68,148.72,48.24,48.04,45.81,24.42,25.03,0.2598,0.3471,24.55,0
2023-11-27,11,331,-0.5000000000000004,0.8660254037844384,0.02,39.7,146.51,49.09,48.24,49.45,25.51,24.42,0.3161,0.3417,25.5,0
2023-11-28,11,332,-0.5000000000000004,0.8660254037844384,0.1,39.8,144.07,48.16,49.09,48.04,24.99,25.51,0.2845,0.3886,25.82,0
2023-11-29,11,333,-0.5000000000000004,0.8660254037844384,0.12,37.91,141.14,45.05,48.16,48.24,24.55,24.99,0.2617,0.2917,25.42,0
2023-11-30,11,334,-0.5000000000000004,0.8660254037844384,0.11,35.33,139.66,42.53,45.05,49.09,25.5,24.55,0.2764,0.3889,25.5,0
2023-12-01,12,335,-2.4492935982947064e-16,1.0,0.07,29.73,137.98,38.31,42.53,48.16,25.82,25.5,0.222,0.3272,24.52,0
2023-12-02,12,336,-2.4492935982947064e-16,1.0,0.07,18.0,131.5,39.46,38.31,45.05,25.42,25.82,0.2467,0.2867,25.18,0
2023-12-03,12,337,-2.4492935982947064e-16,1.0,0.04,0.53,114.17,37.97,39.46,42.53,25.5,25.42,0.2535,0.2959,25.3,0
2023-12-04,12,338,-2.4492935982947064e-16,1.0,0.04,0.55,95.85,34.0,37.97,38.31,24.52,25.5,0.2532,0.258,25.38,0
2023-12-05,12,339,-2.4492935982947064e-16,1.0,0.05,0.5,76.52,30.2,34.0,39.46,25.18,24.52,0.18,0.3155,24.72,0
2023-12-06,12,340,-2.4492935982947064e-16,1.0,0.1,0.48,54.57,24.3,30.2,37.97,25.3,25.18,0.1915,0.2516,25.55,0
2023-12-07,12,341,-2.4492935982947064e-16,1.0,0.0,0.37,51.95,27.92,24.3,34.0,25.38,25.3,0.2169,0.2862,24.98,0
2023-12-08,12,342,-2.4492935982947064e-16,1.0,0.0,0.3,50.63,27.29,27.92,30.2,24.72,25.38,0.1665,0.3144,24.41,0
2023-12-09,12,343,-2.4492935982947064e-16,1.0,0.0,0.23,48.52,22.89,27.29,24.3,25.55,24.72,0.1983,0.259,21.91,0
2023-12-10,12,344,-2.4492935982947064e-16,1.0,0.0,0.19,46.72,25.73,22.89,27.92,24.98,25.55,0.1934,0.27,21.66,0
2023-12-11,12,345,-2.4492935982947064e-16,1.0,0.0,0.15,44.28,22.56,25.73,27.29,24.41,24.98,0.2241,0.2375,23.12,0
2023-12-12,12,346,-2.4492935982947064e-16,1.0,0.0,0.1,42.6,16.39,22.56,22.89,21.91,24.41,0.1837,0.2639,23.43,0
2023-12-13,12,347,-2.4492935982947064e-16,1.0,0.0,0.0,42.32,20.8,16.39,25.73,21.66,21.91,0.1847,0.3526,24.3,0
2023-12-14,12,348,-2.4492935982947064e-16,1.0,0.0,0.0,41.81,18.25,20.8,22.56,23.12,21.66,0.2047,0.2984,24.47,0
2023-12-15,12,349,-2.4492935982947064e-16,1.0,0.0,0.0,40.71,16.53,18.25,16.39,23.43,23.12,0.1601,0.2665,23.3,0
2023-12-16,12,350,-2.4492935982947064e-16,1.0,0.0,0.0,40.4,16.81,16.53,20.8,24.3,23.43,0.1819,0.2559,24.54,0
2023-12-17,12,351,-2.4492935982947064e-16,1.0,0.0,0.0,40.4,21.41,16.81,18.25,24.47,24.3,0.1772,0.273,24.5,0
2023-12-18,12,352,-2.4492935982947064e-16,1.0,0.0,0.0,40.4,20.78,21.41,16.53,23.3,24.47,0.1836,0.2781,23.17,0
2023-12-19,12,353,-2.4492935982947064e-16,1.0,0.0,0.0,40.4,15.34,20.78,16.81,24.54,23.3,0.2033,0.2617,23.94,0
2023-12-20,12,354,-2.4492935982947064e-16,1.0,0.0,0.0,40.4,17.64,15.34,21.41,24.5,24.54,0.1974,0.2901,23.69,0
2023-12-21,12,355,-2.4492935982947064e-16,1.0,0.0,0.0,40.4,15.45,17.64,20.78,23.17,24.5,0.1714,0.2456,23.69,0
2023-12-22,12,356,-2.4492935982947064e-16,1.0,0.0,0.0,38.39,23.01,15.45,15.34,23.94,23.17,0.1873,0.2443,23.25,0
2023-12-23,12,357,-2.4492935982947064e-16,1.0,0.0,0.0,35.7,21.8,23.01,17.64,23.69,23.94,0.2119,0.2825,23.24,0
2023-12-24,12,358,-2.4492935982947064e-16,1.0,0.0,0.0,30.03,11.71,21.8,15.45,23.69,23.69,0.1604,0.233,23.73,0
2023-12-25,12,359,-2.4492935982947064e-16,1.0,0.0,0.0,18.23,13.26,11.71,23.01,23.25,23.69,0.1693,0.2828,24.99,0
2023-12-26,12,360,-2.4492935982947064e-16,1.0,0.0,0.0,0.72,20.58,13.26,21.8,23.24,23.25,0.1468,0.25,25.15,0
2023-12-27,12,361,-2.4492935982947064e-16,1.0,0.0,0.0,0.7,25.31,20.58,11.71,23.73,23.24,0.1494,0.1956,24.92,0
2023-12-28,12,362,-2.4492935982947064e-16,1.0,0.0,0.0,0.6,30.33,25.31,13.26,24.99,23.73,0.1179,0.2536,25.0,0
2023-12-29,12,363,-2.4492935982947064e-16,1.0,0.0,0.0,0.48,23.16,30.33,20.58,25.15,24.99,0.1786,0.1997,24.79,0
2023-12-30,12,364,-2.4492935982947064e-16,1.0,0.0,0.0,0.37,24.78,23.16,25.31,24.92,25.15,0.1348,0.271,25.28,0
2023-12-31,12,365,-2.4492935982947064e-16,1.0,0.0,0.0,0.3,19.6,24.78,30.33,25.0,24.92,0.1708,0.2427,25.42,0
2024-01-01,1,1,0.49999999999999994,0.8660254037844387,0.0,0.0,0.23,18.76,19.6,23.16,24.79,25.0,0.1378,0.3057,25.76,0
2024-01-02,1,2,0.49999999999999994,0.8660254037844387,0.0,0.0,0.19,12.06,18.76,24.78,25.28,24.79,0.1377,0.2823,25.38,0
2024-01-03,1,3,0.49999999999999994,0.8660254037844387,0.0,0.0,0.15,8.87,12.06,19.6,25.42,25.28,0.1744,0.2183,25.81,0
2024-01-04,1,4,0.49999999999999994,0.8660254037844387,0.0,0.0,0.1,6.04,8.87,18.76,25.76,25.42,0.17,0.1894,26.08,0
2024-01-05,1,5,0.49999999999999994,0.8660254037844387,0.0,0.0,0.0,9.93,6.04,12.06,25.38,25.76,0.1542,0.2273,25.59,0
2024-01-06,1,6,0.49999999999999994,0.8660254037844387,0.06,0.06,0.06,12.84,9.93,8.87,25.81,25.38,0.1653,0.2134,26.04,0
2024-01-07,1,7,0.49999999999999994,0.8660254037844387,0.07,0.13,0.13,13.23,12.84,6.04,26.08,25.81,0.1443,0.3049,25.95,0
2024-01-08,1,8,0.49999999999999994,0.8660254037844387,0.07,0.2,0.2,7.04,13.23,9.93,25.59,26.08,0.15,0.2498,24.36,0
2024-01-09,1,9,0.49999999999999994,0.8660254037844387,0.09,0.29,0.29,5.95,7.04,12.84,26.04,25.59,0.137,0.2782,24.01,0
2024-01-10,1,10,0.49999999999999994,0.8660254037844387,0.1,0.39,0.39,3.28,5.95,13.23,25.95,26.04,0.1684,0.2417,24.14,0
2024-01-11,1,11,0.49999999999999994,0.8660254037844387,0.0,0.39,0.39,7.47,3.28,7.04,24.36,25.95,0.1365,0.2448,24.05,0
2024-01-12,1,12,0.49999999999999994,0.8660254037844387,0.0,0.39,0.39,12.27,7.47,5.95,24.01,24.36,0.1801,0.2493,23.21,0
2024-01-13,1,13,0.49999999999999994,0.8660254037844387,0.0,0.33,0.39,15.86,12.27,3.28,24.14,24.01,0.144,0.2834,22.76,0
2024-01-14,1,14,0.49999999999999994,0.8660254037844387,0.0,0.26,0.39,11.67,15.86,7.47,24.05,24.14,0.1508,0.2596,22.02,0
2024-01-15,1,15,0.49999999999999994,0.8660254037844387,0.0,0.19,0.39,2.0,11.67,12.27,23.21,24.05,0.1655,0.2185,22.46,0
2024-01-16,1,16,0.49999999999999994,0.8660254037844387,0.0,0.1,0.39,2.0,2.0,15.86,22.76,23.21,0.1508,0.2989,23.39,0
2024-01-17,1,17,0.49999999999999994,0.8660254037844387,0.0,0.0,0.39,2.03,2.0,11.67,22.02,22.76,0.1444,0.2414,24.37,0
2024-01-18,1,18,0.49999999999999994,0.8660254037844387,0.0,0.0,0.39,2.0,2.03,2.0,22.46,22.02,0.1498,0.2366,24.44,0
2024-01-19,1,19,0.49999999999999994,0.8660254037844387,0.0,0.0,0.39,2.0,2.0,2.0,23.39,22.46,0.1682,0.1653,22.89,0
2024-01-20,1,20,0.49999999999999994,0.8660254037844387,0.0,0.0,0.39,7.21,2.0,2.03,24.37,23.39,0.1371,0.2693,24.26,0
2024-01-21,1,21,0.49999999999999994,0.8660254037844387,0.0,0.0,0.39,12.4,7.21,2.0,24.44,24.37,0.1478,0.2533,25.48,0
2024-01-22,1,22,0.49999999999999994,0.8660254037844387,0.04,0.04,0.43,11.84,12.4,2.0,22.89,24.44,0.1506,0.2533,22.49,0
2024-01-23,1,23,0.49999999999999994,0.8660254037844387,1.05,1.09,1.48,10.12,11.84,7.21,24.26,22.89,0.1686,0.2388,22.75,0
2024-01-24,1,24,0.49999999999999994,0.8660254037844387,1.17,2.26,2.65,9.32,10.12,12.4,25.48,24.26,0.1504,0.2343,22.51,0
2024-01-25,1,25,0.49999999999999994,0.8660254037844387,0.01,2.27,2.66,10.08,9.32,11.84,22.49,25.48,0.1886,0.2405,23.24,0
2024-01-26,1,26,0.49999999999999994,0.8660254037844387,0.0,2.27,2.66,16.22,10.08,10.12,22.75,22.49,0.1493,0.2655,24.14,0
2024-01-27,1,27,0.49999999999999994,0.8660254037844387,0.0,2.27,2.66,16.72,16.22,9.32,22.51,22.75,0.1476,0.2708,24.99,0
2024-01-28,1,28,0.49999999999999994,0.8660254037844387,0.0,2.27,2.66,18.37,16.72,10.08,23.24,22.51,0.149,0.2447,25.04,0
2024-01-29,1,29,0.49999999999999994,0.8660254037844387,0.0,2.23,2.66,21.54,18.37,16.22,24.14,23.24,0.1261,0.2801,25.21,0
2024-01-30,1,30,0.49999999999999994,0.8660254037844387,0.0,1.18,2.66,14.87,21.54,16.72,24.99,24.14,0.1317,0.2492,24.96,0
2024-01-31,1,31,0.49999999999999994,0.8660254037844387,0.0,0.01,2.66,16.91,14.87,18.37,25.04,24.99,0.1418,0.2365,23.56,0
2024-02-01,2,32,0.8660254037844386,0.5000000000000001,0.0,0.0,2.66,14.44,16.91,21.54,25.21,25.04,0.1751,0.2575,24.31,0
2024-02-02,2,33,0.8660254037844386,0.5000000000000001,0.0,0.0,2.66,3.46,14.44,14.87,24.96,25.21,0.1517,0.2108,24.43,0
2024-02-03,2,34,0.8660254037844386,0.5000000000000001,0.0,0.0,2.66,2.0,3.46,16.91,23.56,24.96,0.1427,0.2586,23.53,0
2024-02-04,2,35,0.8660254037844386,0.5000000000000001,0.0,0.0,2.66,2.0,2.0,14.44,24.31,23.56,0.1769,0.2053,23.59,0
2024-02-05,2,36,0.8660254037844386,0.5000000000000001,0.0,0.0,2.6,2.0,2.0,3.46,24.43,24.31,0.1834,0.2207,24.2,0
2024-02-06,2,37,0.8660254037844386,0.5000000000000001,0.0,0.0,2.53,2.0,2.0,2.0,23.53,24.43,0.1774,0.191,24.17,0
2024-02-07,2,38,0.8660254037844386,0.5000000000000001,0.0,0.0,2.46,2.0,2.0,2.0,23.59,23.53,0.1352,0.2462,25.31,0
2024-02-08,2,39,0.8660254037844386,0.5000000000000001,0.0,0.0,2.37,10.64,2.0,2.0,24.2,23.59,0.1422,0.2997,26.48,0
2024-02-09,2,40,0.8660254037844386,0.5000000000000001,0.0,0.0,2.27,5.21,10.64,2.0,24.17,24.2,0.1883,0.2478,25.93,0
2024-02-10,2,41,0.8660254037844386,0.5000000000000001,0.0,0.0,2.27,5.56,5.21,2.0,25.31,24.17,0.1569,0.2707,25.33,0
2024-02-11,2,42,0.8660254037844386,0.5000000000000001,0.01,0.01,2.28,7.18,5.56,10.64,26.48,25.31,0.1467,0.3219,27.21,0
2024-02-12,2,43,0.8660254037844386,0.5000000000000001,0.01,0.02,2.29,4.4,7.18,5.21,25.93,26.48,0.1664,0.2635,26.71,0
2024-02-13,2,44,0.8660254037844386,0.5000000000000001,0.03,0.05,2.32,5.1,4.4,5.56,25.33,25.93,0.1722,0.2284,25.79,0
2024-02-14,2,45,0.8660254037844386,0.5000000000000001,0.04,0.09,2.36,2.0,5.1,7.18,27.21,25.33,0.1407,0.2326,26.14,0
2024-02-15,2,46,0.8660254037844386,0.5000000000000001,0.23,0.32,2.59,6.18,2.0,4.4,26.71,27.21,0.1567,0.2516,26.94,0
2024-02-16,2,47,0.8660254037844386,0.5000000000000001,0.39,0.71,2.98,3.78,6.18,5.1,25.79,26.71,0.1712,0.2328,27.39,0
2024-02-17,2,48,0.8660254037844386,0.5000000000000001,0.25,0.96,3.23,12.6,3.78,2.0,26.14,25.79,0.1297,0.2352,27.49,0
2024-02-18,2,49,0.8660254037844386,0.5000000000000001,0.2,1.15,3.43,11.84,12.6,6.18,26.94,26.14,0.1533,0.2816,27.15,0
2024-02-19,2,50,0.8660254037844386,0.5000000000000001,0.56,1.7,3.99,15.45,11.84,3.78,27.39,26.94,0.1313,0.2832,26.95,0
2024-02-20,2,51,0.8660254037844386,0.5000000000000001,1.81,3.48,5.8,14.22,15.45,12.6,27.49,27.39,0.1355,0.2041,26.34,0
2024-02-21,2,52,0.8660254037844386,0.5000000000000001,5.6,9.04,11.36,13.37,14.22,11.84,27.15,27.49,0.149,0.2323,26.82,0
2024-02-22,2,53,0.8660254037844386,0.5000000000000001,9.01,17.82,19.32,10.58,13.37,15.45,26.95,27.15,0.1769,0.2477,26.91,0
2024-02-23,2,54,0.8660254037844386,0.5000000000000001,2.07,19.5,20.22,11.03,10.58,14.22,26.34,26.95,0.1618,0.2801,27.78,0
2024-02-24,2,55,0.8660254037844386,0.5000000000000001,0.05,19.3,20.26,12.21,11.03,13.37,26.82,26.34,0.1553,0.2964,27.57,0
2024-02-25,2,56,0.8660254037844386,0.5000000000000001,0.0,19.1,20.26,8.81,12.21,10.58,26.91,26.82,0.1693,0.3432,26.6,0
2024-02-26,2,57,0.8660254037844386,0.5000000000000001,0.0,18.54,20.26,8.55,8.81,11.03,27.78,26.91,0.1453,0.2482,26.97,0
2024-02-27,2,58,0.8660254037844386,0.5000000000000001,0.01,16.74,20.27,6.39,8.55,12.21,27.57,27.78,0.1768,0.2497,26.45,0
2024-02-28,2,59,0.8660254037844386,0.5000000000000001,0.02,11.16,20.29,16.2,6.39,8.81,26.6,27.57,0.1909,0.2798,27.28,0
2024-02-29,2,60,0.8660254037844386,0.5000000000000001,0.02,2.17,20.31,14.98,16.2,8.55,26.97,26.6,0.1667,0.2417,26.26,0
2024-03-01,3,61,1.0,6.123233995736766e-17,0.02,0.12,20.33,20.48,14.98,6.39,26.45,26.97,0.1642,0.258,27.41,0
2024-03-02,3,62,1.0,6.123233995736766e-17,0.82,0.89,21.15,18.2,20.48,16.2,27.28,26.45,0.1765,0.2502,27.05,0
2024-03-03,3,63,1.0,6.123233995736766e-17,0.3,1.19,21.45,18.1,18.2,14.98,26.26,27.28,0.1287,0.1842,27.37,0
2024-03-04,3,64,1.0,6.123233995736766e-17,0.39,1.58,21.84,11.69,18.1,20.48,27.41,26.26,0.1804,0.2668,26.92,0
2024-03-05,3,65,1.0,6.123233995736766e-17,0.3,1.87,22.14,9.75,11.69,18.2,27.05,27.41,0.232,0.2578,26.53,0
2024-03-06,3,66,1.0,6.123233995736766e-17,0.28,2.13,22.42,10.73,9.75,18.1,27.37,27.05,0.1677,0.3016,26.61,0
2024-03-07,3,67,1.0,6.123233995736766e-17,0.54,2.65,22.96,17.08,10.73,11.69,26.92,27.37,0.1683,0.2639,26.86,0
2024-03-08,3,68,1.0,6.123233995736766e-17,1.15,3.78,24.11,17.04,17.08,9.75,26.53,26.92,0.1866,0.2268,27.64,0
2024-03-09,3,69,1.0,6.123233995736766e-17,0.79,3.75,24.9,21.67,17.04,10.73,26.61,26.53,0.2053,0.2572,27.81,0
2024-03-10,3,70,1.0,6.123233995736766e-17,0.63,4.08,25.53,22.64,21.67,17.08,26.86,26.61,0.1925,0.2026,27.34,0
2024-03-11,3,71,1.0,6.123233995736766e-17,1.37,5.06,26.9,27.44,22.64,17.04,27.64,26.86,0.1311,0.2298,26.27,0
2024-03-12,3,72,1.0,6.123233995736766e-17,1.38,6.14,28.27,24.79,27.44,21.67,27.81,27.64,0.1867,0.286,28.19,0
2024-03-13,3,73,1.0,6.123233995736766e-17,2.88,8.74,31.14,32.4,24.79,22.64,27.34,27.81,0.2295,0.2613,27.65,0
2024-03-14,3,74,1.0,6.123233995736766e-17,7.89,16.09,39.0,27.5,32.4,27.44,26.27,27.34,0.1975,0.3011,26.73,0
2024-03-15,3,75,1.0,6.123233995736766e-17,1.44,16.38,40.4,22.24,27.5,24.79,28.19,26.27,0.1633,0.2152,27.67,0
2024-03-16,3,76,1.0,6.123233995736766e-17,6.29,21.88,46.46,16.1,22.24,32.4,27.65,28.19,0.1975,0.2706,27.6,0
2024-03-17,3,77,1.0,6.123233995736766e-17,0.13,21.38,46.2,25.04,16.1,27.5,26.73,27.65,0.166,0.2635,27.67,0
2024-03-18,3,78,1.0,6.123233995736766e-17,0.08,20.09,46.03,26.59,25.04,22.24,27.67,26.73,0.2161,0.3063,27.67,0
2024-03-19,3,79,1.0,6.123233995736766e-17,0.09,18.8,45.92,23.29,26.59,16.1,27.6,27.67,0.1722,0.2977,27.58,0
2024-03-20,3,80,1.0,6.123233995736766e-17,0.09,16.01,45.45,26.81,23.29,25.04,27.67,27.6,0.1924,0.2965,26.64,0
2024-03-21,3,81,1.0,6.123233995736766e-17,0.06,8.18,43.7,27.53,26.81,26.59,27.67,27.67,0.1722,0.3225,26.45,0
2024-03-22,3,82,1.0,6.123233995736766e-17,0.25,6.99,38.35,33.16,27.53,23.29,27.58,27.67,0.1736,0.262,27.29,0
2024-03-23,3,83,1.0,6.123233995736766e-17,0.89,1.59,30.23,23.74,33.16,26.81,26.64,27.58,0.2069,0.3082,27.15,0
2024-03-24,3,84,1.0,6.123233995736766e-17,0.39,1.85,28.55,20.83,23.74,27.53,26.45,26.64,0.1778,0.2358,27.31,0
2024-03-25,3,85,1.0,6.123233995736766e-17,0.51,2.28,29.01,17.58,20.83,33.16,27.29,26.45,0.1649,0.235,28.49,0
2024-03-26,3,86,1.0,6.123233995736766e-17,0.23,2.42,29.24,8.78,17.58,23.74,27.15,27.29,0.1534,0.2901,28.18,0
2024-03-27,3,87,1.0,6.123233995736766e-17,0.39,2.72,29.63,13.44,8.78,20.83,27.31,27.15,0.1392,0.2226,27.3,0
2024-03-28,3,88,1.0,6.123233995736766e-17,1.68,4.34,31.3,12.11,13.44,17.58,28.49,27.31,0.1531,0.286,27.22,0
2024-03-29,3,89,1.0,6.123233995736766e-17,1.13,5.22,32.41,15.03,12.11,8.78,28.18,28.49,0.1814,0.2725,26.8,0
2024-03-30,3,90,1.0,6.123233995736766e-17,1.65,5.98,34.04,24.03,15.03,13.44,27.3,28.18,0.2002,0.3026,27.72,0
2024-03-31,3,91,1.0,6.123233995736766e-17,1.29,6.88,35.31,20.85,24.03,12.11,27.22,27.3,0.1706,0.2694,26.76,0
2024-04-01,4,92,0.8660254037844387,-0.49999999999999983,1.32,7.69,35.81,17.89,20.85,15.03,26.8,27.22,0.2136,0.2732,27.37,0
2024-04-02,4,93,0.8660254037844387,-0.49999999999999983,1.69,9.15,37.2,17.56,17.89,24.03,27.72,26.8,0.1691,0.2876,26.31,0
2024-04-03,4,94,0.8660254037844387,-0.49999999999999983,2.39,11.15,39.2,20.78,17.56,20.85,26.76,27.72,0.1805,0.2536,26.31,0
2024-04-04,4,95,0.8660254037844387,-0.49999999999999983,3.58,13.05,42.48,17.37,20.78,17.89,27.37,26.76,0.1666,0.2543,26.35,0
2024-04-05,4,96,0.8660254037844387,-0.49999999999999983,8.01,19.93,50.21,14.35,17.37,17.56,26.31,27.37,0.215,0.2944,25.96,0
2024-04-06,4,97,0.8660254037844387,-0.49999999999999983,8.19,26.47,57.86,18.67,14.35,20.78,26.31,26.31,0.244,0.2838,26.68,0
2024-04-07,4,98,0.8660254037844387,-0.49999999999999983,4.09,29.27,60.8,19.69,18.67,17.37,26.35,26.31,0.1695,0.2743,26.58,0
2024-04-08,4,99,0.8660254037844387,-0.49999999999999983,4.99,32.94,65.0,10.93,19.69,14.35,25.96,26.35,0.2016,0.2865,26.82,0
2024-04-09,4,100,0.8660254037844387,-0.49999999999999983,1.68,32.93,66.05,6.79,10.93,18.67,26.68,25.96,0.2347,0.3375,26.63,0
2024-04-10,4,101,0.8660254037844387,-0.49999999999999983,1.08,31.62,65.76,14.17,6.79,19.69,26.58,26.68,0.1802,0.2762,26.15,0
2024-04-11,4,102,0.8660254037844387,-0.49999999999999983,1.08,29.12,65.46,16.04,14.17,10.93,26.82,26.58,0.2202,0.2751,27.04,0
2024-04-12,4,103,0.8660254037844387,-0.49999999999999983,0.47,21.58,63.05,12.93,16.04,6.79,26.63,26.82,0.2312,0.2366,28.1,0
2024-04-13,4,104,0.8660254037844387,-0.49999999999999983,2.4,15.79,57.56,12.56,12.93,14.17,26.15,26.63,0.2034,0.2833,27.08,0
2024-04-14,4,105,0.8660254037844387,-0.49999999999999983,0.78,12.48,56.9,12.97,12.56,16.04,27.04,26.15,0.2122,0.3038,26.63,0
2024-04-15,4,106,0.8660254037844387,-0.49999999999999983,4.42,11.91,55.03,16.17,12.97,12.93,28.1,27.04,0.2347,0.3081,27.4,0
2024-04-16,4,107,0.8660254037844387,-0.49999999999999983,0.03,10.26,54.93,10.52,16.17,12.56,27.08,28.1,0.2384,0.2862,26.99,0
2024-04-17,4,108,0.8660254037844387,-0.49999999999999983,0.01,9.19,54.86,7.79,10.52,12.97,26.63,27.08,0.1981,0.3116,27.71,0
2024-04-18,4,109,0.8660254037844387,-0.49999999999999983,0.08,8.19,54.85,9.92,7.79,16.17,27.4,26.63,0.1887,0.3048,26.4,0
2024-04-19,4,110,0.8660254037844387,-0.49999999999999983,0.06,7.78,54.82,10.24,9.92,10.52,26.99,27.4,0.1809,0.3163,27.25,0
2024-04-20,4,111,0.8660254037844387,-0.49999999999999983,0.1,5.48,54.86,13.21,10.24,7.79,27.71,26.99,0.2189,0.3124,26.57,0
2024-04-21,4,112,0.8660254037844387,-0.49999999999999983,9.49,14.19,64.1,8.69,13.21,9.92,26.4,27.71,0.1803,0.3356,26.83,0
2024-04-22,4,113,0.8660254037844387,-0.49999999999999983,5.67,15.44,68.88,11.29,8.69,10.24,27.25,26.4,0.2069,0.2862,26.76,0
2024-04-23,4,114,0.8660254037844387,-0.49999999999999983,13.57,28.98,82.06,16.67,11.29,13.21,26.57,27.25,0.2259,0.2594,26.61,0
2024-04-24,4,115,0.8660254037844387,-0.49999999999999983,4.45,33.42,86.0,18.91,16.67,8.69,26.83,26.57,0.2173,0.3215,26.53,0
2024-04-25,4,116,0.8660254037844387,-0.49999999999999983,4.38,37.72,90.15,19.49,18.91,11.29,26.76,26.83,0.2367,0.3275,26.83,0
2024-04-26,4,117,0.8660254037844387,-0.49999999999999983,4.05,41.71,93.81,19.12,19.49,16.67,26.61,26.76,0.2857,0.3534,26.86,0
2024-04-27,4,118,0.8660254037844387,-0.49999999999999983,3.94,45.55,96.07,15.89,19.12,18.91,26.53,26.61,0.234,0.3461,27.0,0
2024-04-28,4,119,0.8660254037844387,-0.49999999999999983,2.61,38.67,97.55,16.23,15.89,19.49,26.83,26.53,0.2291,0.3669,26.37,0
2024-04-29,4,120,0.8660254037844387,-0.49999999999999983,8.34,41.34,104.24,21.97,16.23,19.12,26.86,26.83,0.2641,0.3311,26.38,0
2024-04-30,4,121,0.8660254037844387,-0.49999999999999983,7.48,35.25,110.43,21.46,21.97,15.89,27.0,26.86,0.2542,0.3231,25.69,0
2024-05-01,5,122,0.49999999999999994,-0.8660254037844387,4.89,35.69,114.0,18.0,21.46,16.23,26.37,27.0,0.2814,0.2769,27.05,0
2024-05-02,5,123,0.49999999999999994,-0.8660254037844387,2.07,33.38,114.38,16.67,18.0,21.97,26.38,26.37,0.2562,0.3279,27.09,0
2024-05-03,5,124,0.49999999999999994,-0.8660254037844387,1.25,30.58,113.24,18.3,16.67,21.46,25.69,26.38,0.2469,0.3014,26.37,0
2024-05-04,5,125,0.49999999999999994,-0.8660254037844387,1.16,27.8,110.82,17.35,18.3,18.0,27.05,25.69,0.2141,0.3228,26.79,0
2024-05-05,5,126,0.49999999999999994,-0.8660254037844387,3.93,29.12,106.74,19.92,17.35,16.67,27.09,27.05,0.2137,0.3157,26.35,0
2024-05-06,5,127,0.49999999999999994,-0.8660254037844387,3.43,24.21,101.98,22.17,19.92,18.3,26.37,27.09,0.2051,0.3253,26.69,0
2024-05-07,5,128,0.49999999999999994,-0.8660254037844387,2.67,19.4,100.56,25.53,22.17,17.35,26.79,26.37,0.2481,0.3074,26.34,0
2024-05-08,5,129,0.49999999999999994,-0.8660254037844387,1.55,16.06,97.12,30.48,25.53,19.92,26.35,26.79,0.2102,0.3363,26.58,0
2024-05-09,5,130,0.49999999999999994,-0.8660254037844387,1.26,15.25,96.7,32.98,30.48,22.17,26.69,26.35,0.2621,0.2263,26.52,0
2024-05-10,5,131,0.49999999999999994,-0.8660254037844387,4.78,18.78,100.4,27.46,32.98,25.53,26.34,26.69,0.241,0.3159,26.24,0
2024-05-11,5,132,0.49999999999999994,-0.8660254037844387,13.37,30.99,112.69,23.13,27.46,30.48,26.58,26.34,0.2465,0.3537,26.03,0
2024-05-12,5,133,0.49999999999999994,-0.8660254037844387,3.84,30.9,116.06,22.83,23.13,32.98,26.52,26.58,0.2376,0.3757,26.84,0
2024-05-13,5,134,0.49999999999999994,-0.8660254037844387,2.45,29.92,116.11,21.09,22.83,27.46,26.24,26.52,0.2669,0.3416,26.39,0
2024-05-14,5,135,0.49999999999999994,-0.8660254037844387,2.74,29.99,118.07,16.92,21.09,23.13,26.03,26.24,0.2402,0.3714,27.09,0
2024-05-15,5,136,0.49999999999999994,-0.8660254037844387,3.09,31.53,116.74,16.15,16.92,22.83,26.84,26.03,0.2354,0.3251,27.2,0
2024-05-16,5,137,0.49999999999999994,-0.8660254037844387,2.73,33.0,119.44,15.44,16.15,21.09,26.39,26.84,0.2813,0.3217,27.52,0
2024-05-17,5,138,0.49999999999999994,-0.8660254037844387,4.15,32.37,123.58,14.14,15.44,16.92,27.09,26.39,0.2683,0.34,27.14,0
2024-05-18,5,139,0.49999999999999994,-0.8660254037844387,7.63,26.63,131.13,14.61,14.14,16.15,27.2,27.09,0.2633,0.3286,26.93,0
2024-05-19,5,140,0.49999999999999994,-0.8660254037844387,2.01,24.8,133.08,21.05,14.61,15.44,27.52,27.2,0.2826,0.3064,26.0,0
2024-05-20,5,141,0.49999999999999994,-0.8660254037844387,4.19,26.54,137.17,22.71,21.05,14.14,27.14,27.52,0.2736,0.3168,26.19,0
2024-05-21,5,142,0.49999999999999994,-0.8660254037844387,4.44,28.24,132.12,33.14,22.71,14.61,26.93,27.14,0.2766,0.2959,26.51,0
2024-05-22,5,143,0.49999999999999994,-0.8660254037844387,6.81,31.96,133.26,32.86,33.14,21.05,26.0,26.93,0.2536,0.3458,24.9,0
2024-05-23,5,144,0.49999999999999994,-0.8660254037844387,3.96,33.19,123.65,30.63,32.86,22.71,26.19,26.0,0.3027,0.3245,25.71,0
2024-05-24,5,145,0.49999999999999994,-0.8660254037844387,6.32,35.36,125.52,29.98,30.63,33.14,26.51,26.19,0.2514,0.3145,25.63,0
2024-05-25,5,146,0.49999999999999994,-0.8660254037844387,27.13,54.86,148.27,30.88,29.98,32.86,24.9,26.51,0.3146,0.322,25.87,0
2024-05-26,5,147,0.49999999999999994,-0.8660254037844387,0.35,53.2,144.57,32.33,30.88,30.63,25.71,24.9,0.2763,0.3519,26.68,0
2024-05-27,5,148,0.49999999999999994,-0.8660254037844387,3.8,52.81,144.43,40.17,32.33,29.98,25.63,25.71,0.2961,0.3601,26.24,0
2024-05-28,5,149,0.49999999999999994,-0.8660254037844387,0.58,48.95,142.4,35.15,40.17,30.88,25.87,25.63,0.2928,0.3015,25.9,0
2024-05-29,5,150,0.49999999999999994,-0.8660254037844387,0.48,42.62,134.54,37.6,35.15,32.33,26.68,25.87,0.294,0.2921,26.44,0
2024-05-30,5,151,0.49999999999999994,-0.8660254037844387,5.59,44.25,132.65,37.1,37.6,40.17,26.24,26.68,0.2526,0.3582,25.73,0
2024-05-31,5,152,0.49999999999999994,-0.8660254037844387,6.08,44.01,133.84,29.62,37.1,35.15,25.9,26.24,0.292,0.2891,25.42,0
2024-06-01,6,153,1.2246467991473532e-16,-1.0,11.06,27.94,142.83,32.85,29.62,37.6,26.44,25.9,0.3155,0.3521,26.08,0
2024-06-02,6,154,1.2246467991473532e-16,-1.0,8.79,36.38,150.37,37.78,32.85,37.1,25.73,26.44,0.2802,0.3887,25.56,0
2024-06-03,6,155,1.2246467991473532e-16,-1.0,6.6,39.18,155.81,33.62,37.78,29.62,25.42,25.73,0.2909,0.3921,25.33,0
2024-06-04,6,156,1.2246467991473532e-16,-1.0,14.04,52.64,165.92,33.73,33.62,32.85,26.08,25.42,0.2889,0.3717,25.33,0
2024-06-05,6,157,1.2246467991473532e-16,-1.0,6.19,58.35,168.68,27.07,33.73,37.78,25.56,26.08,0.2949,0.3725,25.66,0
2024-06-06,6,158,1.2246467991473532e-16,-1.0,10.32,63.08,176.33,23.48,27.07,33.62,25.33,25.56,0.3429,0.4234,25.8,0
2024-06-07,6,159,1.2246467991473532e-16,-1.0,1.16,58.16,175.94,29.73,23.48,33.73,25.33,25.33,0.2883,0.2855,25.89,0
2024-06-08,6,160,1.2246467991473532e-16,-1.0,0.61,47.71,175.29,29.05,29.73,27.07,25.66,25.33,0.2889,0.3412,25.84,0
2024-06-09,6,161,1.2246467991473532e-16,-1.0,2.45,41.37,172.96,25.94,29.05,23.48,25.8,25.66,0.3379,0.3792,25.92,0
2024-06-10,6,162,1.2246467991473532e-16,-1.0,7.05,41.82,166.64,28.63,25.94,29.73,25.89,25.8,0.3125,0.3399,26.13,0
2024-06-11,6,163,1.2246467991473532e-16,-1.0,17.62,45.4,180.42,28.24,28.63,29.05,25.84,25.89,0.3548,0.3954,25.66,0
2024-06-12,6,164,1.2246467991473532e-16,-1.0,4.7,43.91,182.67,28.25,28.24,25.94,25.92,25.84,0.3054,0.3584,24.65,0
2024-06-13,6,165,1.2246467991473532e-16,-1.0,17.04,50.63,196.97,33.46,28.25,28.63,26.13,25.92,0.3298,0.3721,25.08,0
2024-06-14,6,166,1.2246467991473532e-16,-1.0,17.2,66.67,211.08,30.65,33.46,28.24,25.66,26.13,0.3268,0.3684,25.56,0
2024-06-15,6,167,1.2246467991473532e-16,-1.0,7.22,73.28,215.57,29.47,30.65,28.25,24.65,25.66,0.3469,0.3637,26.63,1
2024-06-16,6,168,1.2246467991473532e-16,-1.0,2.04,72.87,213.46,32.78,29.47,33.46,25.08,24.65,0.3066,0.3617,26.44,0
2024-06-17,6,169,1.2246467991473532e-16,-1.0,0.17,65.99,206.0,38.85,32.78,30.65,25.56,25.08,0.3491,0.3817,25.19,0
2024-06-18,6,170,1.2246467991473532e-16,-1.0,0.23,48.6,204.22,45.17,38.85,29.47,26.63,25.56,0.3403,0.3493,24.5,0
2024-06-19,6,171,1.2246467991473532e-16,-1.0,1.88,45.78,201.91,43.02,45.17,32.78,26.44,26.63,0.3306,0.3997,25.06,0
2024-06-20,6,172,1.2246467991473532e-16,-1.0,5.73,34.47,203.2,47.77,43.02,38.85,25.19,26.44,0.3251,0.3915,24.79,0
2024-06-21,6,173,1.2246467991473532e-16,-1.0,8.81,26.08,205.2,45.09,47.77,45.17,24.5,25.19,0.3168,0.4061,25.48,0
2024-06-22,6,174,1.2246467991473532e-16,-1.0,2.97,21.83,204.21,53.39,45.09,43.02,25.06,24.5,0.3483,0.3387,25.03,0
2024-06-23,6,175,1.2246467991473532e-16,-1.0,1.75,21.54,199.64,48.68,53.39,47.77,24.79,25.06,0.3063,0.3188,24.41,0
2024-06-24,6,176,1.2246467991473532e-16,-1.0,3.27,24.64,175.78,54.25,48.68,45.09,25.48,24.79,0.3184,0.3553,25.05,0
2024-06-25,6,177,1.2246467991473532e-16,-1.0,30.19,54.6,205.62,51.76,54.25,53.39,25.03,25.48,0.3765,0.4603,25.67,1
2024-06-26,6,178,1.2246467991473532e-16,-1.0,10.53,63.25,212.35,60.61,51.76,48.68,24.41,25.03,0.3708,0.4154,24.97,0
2024-06-27,6,179,1.2246467991473532e-16,-1.0,3.64,61.16,215.41,62.68,60.61,54.25,25.05,24.41,0.3138,0.3626,24.64,0
2024-06-28,6,180,1.2246467991473532e-16,-1.0,7.33,59.68,222.26,58.32,62.68,51.76,25.67,25.05,0.3393,0.3961,25.04,0
2024-06-29,6,181,1.2246467991473532e-16,-1.0,16.27,72.98,232.94,56.97,58.32,60.61,24.97,25.67,0.3681,0.4116,25.08,0
2024-06-30,6,182,1.2246467991473532e-16,-1.0,10.1,81.33,236.96,61.31,56.97,62.68,24.64,24.97,0.3619,0.3511,24.53,0
2024-07-01,7,183,-0.4999999999999998,-0.8660254037844388,1.1,79.16,227.0,66.11,61.31,58.32,25.04,24.64,0.3263,0.4273,24.73,0
2024-07-02,7,184,-0.4999999999999998,-0.8660254037844388,38.43,87.4,256.64,66.44,66.11,56.97,25.08,25.04,0.3887,0.399,24.74,1
2024-07-03,7,185,-0.4999999999999998,-0.8660254037844388,20.08,96.95,270.12,67.65,66.44,61.31,24.53,25.08,0.3929,0.4094,24.51,1
2024-07-04,7,186,-0.4999999999999998,-0.8660254037844388,10.73,104.04,266.81,71.7,67.65,66.11,24.73,24.53,0.4284,0.4108,24.56,0
2024-07-05,7,187,-0.4999999999999998,-0.8660254037844388,1.05,97.76,261.67,72.77,71.7,66.44,24.74,24.73,0.3804,0.4413,24.27,1
2024-07-06,7,188,-0.4999999999999998,-0.8660254037844388,2.54,84.03,253.89,68.08,72.77,67.65,24.51,24.74,0.4019,0.3797,24.64,0
2024-07-07,7,189,-0.4999999999999998,-0.8660254037844388,2.31,76.24,255.04,66.28,68.08,71.7,24.56,24.51,0.3542,0.3518,25.06,0
2024-07-08,7,190,-0.4999999999999998,-0.8660254037844388,7.91,83.05,262.34,69.32,66.28,72.77,24.27,24.56,0.3655,0.4171,24.41,1
2024-07-09,7,191,-0.4999999999999998,-0.8660254037844388,2.46,47.08,262.35,76.09,69.32,68.08,24.64,24.27,0.4005,0.3461,24.74,0
2024-07-10,7,192,-0.4999999999999998,-0.8660254037844388,2.71,29.71,258.01,83.63,76.09,66.28,25.06,24.64,0.4039,0.3958,24.1,0
2024-07-11,7,193,-0.4999999999999998,-0.8660254037844388,5.7,24.68,246.09,86.75,83.63,69.32,24.41,25.06,0.3523,0.4333,24.98,1
2024-07-12,7,194,-0.4999999999999998,-0.8660254037844388,7.08,30.71,248.47,87.75,86.75,76.09,24.74,24.41,0.3741,0.4165,24.94,0
2024-07-13,7,195,-0.4999999999999998,-0.8660254037844388,3.87,32.04,235.3,90.49,87.75,83.63,24.1,24.74,0.3341,0.4225,24.07,0
2024-07-14,7,196,-0.4999999999999998,-0.8660254037844388,0.63,30.36,218.73,87.15,90.49,86.75,24.98,24.1,0.3432,0.3998,23.87,0
2024-07-15,7,197,-0.4999999999999998,-0.8660254037844388,6.06,28.51,217.57,86.63,87.15,87.75,24.94,24.98,0.3626,0.4529,24.93,0
2024-07-16,7,198,-0.4999999999999998,-0.8660254037844388,10.48,36.53,226.01,83.96,86.63,90.49,24.07,24.94,0.3447,0.368,24.4,0
2024-07-17,7,199,-0.4999999999999998,-0.8660254037844388,7.49,41.31,233.33,80.42,83.96,87.15,23.87,24.07,0.355,0.4019,24.3,0
2024-07-18,7,200,-0.4999999999999998,-0.8660254037844388,4.38,39.99,237.48,84.13,80.42,86.63,24.93,23.87,0.3411,0.3793,24.63,0
2024-07-19,7,201,-0.4999999999999998,-0.8660254037844388,7.14,40.05,242.74,87.1,84.13,83.96,24.4,24.93,0.3555,0.4243,24.27,0
2024-07-20,7,202,-0.4999999999999998,-0.8660254037844388,11.46,47.64,248.47,92.05,87.1,80.42,24.3,24.4,0.4088,0.3972,24.18,0
2024-07-21,7,203,-0.4999999999999998,-0.8660254037844388,9.8,56.81,249.46,96.03,92.05,84.13,24.63,24.3,0.376,0.4512,24.17,0
2024-07-22,7,204,-0.4999999999999998,-0.8660254037844388,2.84,53.59,249.33,98.52,96.03,87.1,24.27,24.63,0.3544,0.3837,24.63,0
2024-07-23,7,205,-0.4999999999999998,-0.8660254037844388,7.56,50.67,255.14,102.33,98.52,92.05,24.18,24.27,0.3733,0.4453,24.46,1
2024-07-24,7,206,-0.4999999999999998,-0.8660254037844388,1.24,44.42,253.11,103.46,102.33,96.03,24.17,24.18,0.3459,0.4197,24.96,0
2024-07-25,7,207,-0.4999999999999998,-0.8660254037844388,0.43,40.47,223.35,106.04,103.46,98.52,24.63,24.17,0.3307,0.383,24.27,0
2024-07-26,7,208,-0.4999999999999998,-0.8660254037844388,0.36,33.69,213.18,103.83,106.04,102.33,24.46,24.63,0.3691,0.3942,24.17,1
2024-07-27,7,209,-0.4999999999999998,-0.8660254037844388,0.4,22.63,209.94,106.62,103.83,103.46,24.96,24.46,0.3361,0.3838,24.02,1
2024-07-28,7,210,-0.4999999999999998,-0.8660254037844388,2.72,15.55,205.33,110.43,106.62,106.04,24.27,24.96,0.3726,0.3839,24.73,1
2024-07-29,7,211,-0.4999999999999998,-0.8660254037844388,3.29,16.0,192.35,108.43,110.43,103.83,24.17,24.27,0.3212,0.3592,24.54,1
2024-07-30,7,212,-0.4999999999999998,-0.8660254037844388,2.36,10.8,184.61,109.81,108.43,106.62,24.02,24.17,0.3154,0.3397,24.74,0
2024-07-31,7,213,-0.4999999999999998,-0.8660254037844388,2.47,12.03,185.98,108.65,109.81,110.43,24.73,24.02,0.3302,0.3515,24.72,1
2024-08-01,8,214,-0.8660254037844384,-0.5000000000000004,1.71,13.31,149.26,107.74,108.65,108.43,24.54,24.73,0.2309,0.2891,24.61,0
2024-08-02,8,215,-0.8660254037844384,-0.5000000000000004,2.81,15.76,131.99,104.59,107.74,109.81,24.74,24.54,0.2729,0.3545,24.77,1
2024-08-03,8,216,-0.8660254037844384,-0.5000000000000004,0.83,16.19,122.09,111.63,104.59,108.65,24.72,24.74,0.2589,0.2862,24.58,1
2024-08-04,8,217,-0.8660254037844384,-0.5000000000000004,0.12,13.59,121.16,117.14,111.63,107.74,24.61,24.72,0.2888,0.3162,24.65,0
2024-08-05,8,218,-0.8660254037844384,-0.5000000000000004,0.29,10.59,118.91,120.0,117.14,104.59,24.77,24.61,0.2763,0.3408,24.64,1
2024-08-06,8,219,-0.8660254037844384,-0.5000000000000004,0.92,9.15,117.52,128.48,120.0,111.63,24.58,24.77,0.2331,0.3457,24.82,1
2024-08-07,8,220,-0.8660254037844384,-0.5000000000000004,1.15,7.83,110.76,127.24,128.48,117.14,24.65,24.58,0.2745,0.2632,24.5,1
2024-08-08,8,221,-0.8660254037844384,-0.5000000000000004,0.33,6.45,108.63,139.35,127.24,120.0,24.64,24.65,0.2425,0.3124,24.74,1
2024-08-09,8,222,-0.8660254037844384,-0.5000000000000004,0.05,3.69,105.97,136.88,139.35,128.48,24.82,24.64,0.2273,0.3274,24.16,1
2024-08-10,8,223,-0.8660254037844384,-0.5000000000000004,0.27,3.13,100.54,136.93,136.88,127.24,24.5,24.82,0.2444,0.3119,24.46,0
2024-08-11,8,224,-0.8660254037844384,-0.5000000000000004,0.43,3.44,93.89,134.54,136.93,139.35,24.74,24.5,0.2304,0.3467,24.97,0
2024-08-12,8,225,-0.8660254037844384,-0.5000000000000004,0.78,3.93,90.8,135.84,134.54,136.88,24.16,24.74,0.2625,0.2798,24.57,0
2024-08-13,8,226,-0.8660254037844384,-0.5000000000000004,0.63,3.64,90.8,139.09,135.84,136.93,24.46,24.16,0.2385,0.243,24.16,0
2024-08-14,8,227,-0.8660254037844384,-0.5000000000000004,0.68,3.17,85.42,138.24,139.09,134.54,24.97,24.46,0.231,0.3256,24.66,0
2024-08-15,8,228,-0.8660254037844384,-0.5000000000000004,0.57,3.41,75.51,145.19,138.24,135.84,24.57,24.97,0.236,0.2792,24.74,0
2024-08-16,8,229,-0.8660254037844384,-0.5000000000000004,1.67,5.03,69.69,145.1,145.19,139.09,24.16,24.57,0.2346,0.2391,23.78,1
2024-08-17,8,230,-0.8660254037844384,-0.5000000000000004,0.45,5.21,65.76,145.35,145.1,138.24,24.66,24.16,0.2249,0.2847,24.29,0
2024-08-18,8,231,-0.8660254037844384,-0.5000000000000004,0.15,4.93,58.77,140.97,145.35,145.19,24.74,24.66,0.2313,0.3222,24.57,0
2024-08-19,8,232,-0.8660254037844384,-0.5000000000000004,24.28,28.43,71.59,143.02,140.97,145.1,23.78,24.74,0.2266,0.2551,24.92,1
2024-08-20,8,233,-0.8660254037844384,-0.5000000000000004,11.47,39.27,73.26,142.82,143.02,145.35,24.29,23.78,0.2193,0.364,23.72,0
2024-08-21,8,234,-0.8660254037844384,-0.5000000000000004,1.12,39.71,71.54,140.95,142.82,140.97,24.57,24.29,0.2392,0.2678,24.37,1
2024-08-22,8,235,-0.8660254037844384,-0.5000000000000004,3.48,42.62,67.46,138.82,140.95,143.02,24.92,24.57,0.2089,0.2931,24.06,1
2024-08-23,8,236,-0.8660254037844384,-0.5000000000000004,25.73,66.68,91.95,151.44,138.82,142.82,23.72,24.92,0.2334,0.2686,24.21,1
2024-08-24,8,237,-0.8660254037844384,-0.5000000000000004,5.37,71.6,96.89,150.7,151.44,140.95,24.37,23.72,0.2716,0.3094,24.97,1
2024-08-25,8,238,-0.8660254037844384,-0.5000000000000004,1.04,72.49,97.57,145.49,150.7,138.82,24.06,24.37,0.2703,0.3045,24.77,1
2024-08-26,8,239,-0.8660254037844384,-0.5000000000000004,6.47,54.68,103.64,144.37,145.49,151.44,24.21,24.06,0.2431,0.2675,24.61,1
2024-08-27,8,240,-0.8660254037844384,-0.5000000000000004,1.72,44.93,102.64,146.13,144.37,150.7,24.97,24.21,0.2333,0.3964,23.94,1
2024-08-28,8,241,-0.8660254037844384,-0.5000000000000004,1.16,44.97,100.51,150.11,146.13,145.49,24.77,24.97,0.2697,0.2954,23.58,1
2024-08-29,8,242,-0.8660254037844384,-0.5000000000000004,5.73,47.22,103.88,153.72,150.11,144.37,24.61,24.77,0.2595,0.2975,24.24,1
2024-08-30,8,243,-0.8660254037844384,-0.5000000000000004,13.7,35.19,115.11,157.58,153.72,146.13,23.94,24.61,0.2599,0.3481,24.25,1
2024-08-31,8,244,-0.8660254037844384,-0.5000000000000004,4.02,33.84,117.42,155.71,157.58,150.11,23.58,23.94,0.2492,0.3749,23.87,0
2024-09-01,9,245,-1.0,-1.8369701987210297e-16,1.94,34.74,116.55,158.13,155.71,153.72,24.24,23.58,0.2615,0.3537,24.36,0
2024-09-02,9,246,-1.0,-1.8369701987210297e-16,0.46,28.73,116.18,155.38,158.13,157.58,24.25,24.24,0.2541,0.2837,24.4,1
2024-09-03,9,247,-1.0,-1.8369701987210297e-16,0.3,27.31,116.36,154.13,155.38,155.71,23.87,24.25,0.2414,0.3262,24.23,1
2024-09-04,9,248,-1.0,-1.8369701987210297e-16,0.3,26.45,116.37,151.9,154.13,158.13,24.36,23.87,0.2573,0.2634,23.09,1
2024-09-05,9,249,-1.0,-1.8369701987210297e-16,0.26,20.98,115.71,148.94,151.9,155.38,24.4,24.36,0.2594,0.3465,25.12,1
2024-09-06,9,250,-1.0,-1.8369701987210297e-16,5.53,12.81,120.09,155.52,148.94,154.13,24.23,24.4,0.2506,0.273,24.92,1
2024-09-07,9,251,-1.0,-1.8369701987210297e-16,47.52,56.31,167.28,160.45,155.52,151.9,23.09,24.23,0.3186,0.3263,23.98,1
2024-09-08,9,252,-1.0,-1.8369701987210297e-16,2.15,56.52,169.38,165.81,160.45,148.94,25.12,23.09,0.3282,0.3515,24.42,1
2024-09-09,9,253,-1.0,-1.8369701987210297e-16,2.68,58.74,171.79,166.62,165.81,155.52,24.92,25.12,0.324,0.3664,24.86,1
2024-09-10,9,254,-1.0,-1.8369701987210297e-16,16.63,75.07,187.99,170.5,166.62,160.45,23.98,24.92,0.3137,0.355,24.98,1
2024-09-11,9,255,-1.0,-1.8369701987210297e-16,3.2,77.97,190.41,163.62,170.5,165.81,24.42,23.98,0.3365,0.4098,24.09,1
2024-09-12,9,256,-1.0,-1.8369701987210297e-16,3.75,81.46,193.53,168.25,163.62,166.62,24.86,24.42,0.3257,0.3878,25.21,1
2024-09-13,9,257,-1.0,-1.8369701987210297e-16,8.01,83.94,200.86,169.48,168.25,170.5,24.98,24.86,0.3061,0.3899,25.35,1
2024-09-14,9,258,-1.0,-1.8369701987210297e-16,12.93,49.35,213.22,172.44,169.48,163.62,24.09,24.98,0.3554,0.341,24.61,1
2024-09-15,9,259,-1.0,-1.8369701987210297e-16,5.58,52.78,217.13,173.91,172.44,168.25,25.21,24.09,0.3483,0.4313,24.08,1
2024-09-16,9,260,-1.0,-1.8369701987210297e-16,2.75,52.85,219.43,169.6,173.91,169.48,25.35,25.21,0.3994,0.3576,24.75,1
2024-09-17,9,261,-1.0,-1.8369701987210297e-16,21.35,57.57,240.63,164.13,169.6,172.44,24.61,25.35,0.3957,0.4465,24.45,1
2024-09-18,9,262,-1.0,-1.8369701987210297e-16,12.44,66.81,228.79,162.24,164.13,173.91,24.08,24.61,0.3701,0.4479,25.4,1
2024-09-19,9,263,-1.0,-1.8369701987210297e-16,2.56,65.62,219.88,165.41,162.24,169.6,24.75,24.08,0.3529,0.3973,25.46,1
2024-09-20,9,264,-1.0,-1.8369701987210297e-16,1.08,58.69,219.84,168.42,165.41,164.13,24.45,24.75,0.3511,0.4129,25.16,1
2024-09-21,9,265,-1.0,-1.8369701987210297e-16,1.71,47.47,218.07,162.51,168.42,162.24,25.4,24.45,0.3262,0.2884,24.96,1
2024-09-22,9,266,-1.0,-1.8369701987210297e-16,13.59,55.48,205.93,158.61,162.51,165.41,25.46,25.4,0.3006,0.3677,24.94,1
2024-09-23,9,267,-1.0,-1.8369701987210297e-16,42.81,95.54,243.37,156.78,158.61,168.42,25.16,25.46,0.3516,0.4291,25.24,1
2024-09-24,9,268,-1.0,-1.8369701987210297e-16,28.79,102.98,271.12,156.95,156.78,162.51,24.96,25.16,0.3931,0.4404,25.47,1
2024-09-25,9,269,-1.0,-1.8369701987210297e-16,18.4,108.94,283.05,153.05,156.95,158.61,24.94,24.96,0.3626,0.3832,24.78,0
2024-09-26,9,270,-1.0,-1.8369701987210297e-16,4.84,111.22,286.17,149.3,153.05,156.78,25.24,24.94,0.3967,0.4129,23.99,1
2024-09-27,9,271,-1.0,-1.8369701987210297e-16,4.88,115.02,289.89,148.32,149.3,156.95,25.47,25.24,0.4059,0.3478,25.55,1
2024-09-28,9,272,-1.0,-1.8369701987210297e-16,19.76,133.07,303.92,151.1,148.32,153.05,24.78,25.47,0.4192,0.4447,25.64,1
2024-09-29,9,273,-1.0,-1.8369701987210297e-16,25.72,145.2,315.94,148.34,151.1,149.3,23.99,24.78,0.4211,0.3831,24.31,1
2024-09-30,9,274,-1.0,-1.8369701987210297e-16,9.19,111.58,321.11,150.05,148.34,148.32,25.55,23.99,0.4322,0.4766,24.45,1
2024-10-01,10,275,-0.8660254037844386,0.5000000000000001,7.7,90.49,326.87,156.02,150.05,151.1,25.64,25.55,0.4787,0.4816,24.39,1
2024-10-02,10,276,-0.8660254037844386,0.5000000000000001,13.04,85.13,339.45,151.57,156.02,148.34,24.31,25.64,0.4687,0.4394,24.22,1
2024-10-03,10,277,-0.8660254037844386,0.5000000000000001,18.98,99.27,358.13,152.21,151.57,150.05,24.45,24.31,0.4611,0.4805,24.36,1
2024-10-04,10,278,-0.8660254037844386,0.5000000000000001,58.6,152.99,416.43,158.41,152.21,156.02,24.39,24.45,0.5234,0.4933,25.35,1
2024-10-05,10,279,-0.8660254037844386,0.5000000000000001,32.16,165.39,448.33,158.16,158.41,151.57,24.22,24.39,0.5529,0.5263,25.24,1
2024-10-06,10,280,-0.8660254037844386,0.5000000000000001,0.66,140.33,443.46,156.92,158.16,152.21,24.36,24.22,0.5338,0.4817,24.91,1
2024-10-07,10,281,-0.8660254037844386,0.5000000000000001,8.79,139.93,404.73,161.79,156.92,158.41,25.35,24.36,0.4989,0.5115,26.06,1
2024-10-08,10,282,-0.8660254037844386,0.5000000000000001,9.86,142.09,412.44,159.86,161.79,158.16,25.24,25.35,0.5414,0.4482,25.73,1
2024-10-09,10,283,-0.8660254037844386,0.5000000000000001,23.9,152.95,433.66,163.92,159.86,156.92,24.91,25.24,0.5319,0.4553,25.62,1
2024-10-10,10,284,-0.8660254037844386,0.5000000000000001,12.06,146.03,429.09,164.24,163.92,161.79,26.06,24.91,0.5143,0.5038,25.12,1
2024-10-11,10,285,-0.8660254037844386,0.5000000000000001,34.76,122.19,460.65,161.66,164.24,159.86,25.73,26.06,0.5637,0.5201,24.1,1
2024-10-12,10,286,-0.8660254037844386,0.5000000000000001,14.06,104.09,470.96,162.61,161.66,163.92,25.62,25.73,0.5762,0.5407,23.92,1
2024-10-13,10,287,-0.8660254037844386,0.5000000000000001,5.24,108.67,468.19,162.39,162.61,164.24,25.12,25.62,0.5319,0.5114,25.08,1
2024-10-14,10,288,-0.8660254037844386,0.5000000000000001,1.73,101.61,456.99,164.46,162.39,161.66,24.1,25.12,0.5605,0.5808,24.4,1
2024-10-15,10,289,-0.8660254037844386,0.5000000000000001,0.63,92.38,452.04,159.51,164.46,162.61,23.92,24.1,0.5742,0.526,25.1,1
2024-10-16,10,290,-0.8660254037844386,0.5000000000000001,4.0,72.48,453.29,157.35,159.51,162.39,25.08,23.92,0.567,0.529,25.58,1
2024-10-17,10,291,-0.8660254037844386,0.5000000000000001,9.07,69.49,441.01,154.54,157.35,164.46,24.4,25.08,0.5915,0.5205,25.84,1
2024-10-18,10,292,-0.8660254037844386,0.5000000000000001,5.63,40.36,434.2,154.75,154.54,159.51,25.1,24.4,0.5658,0.5406,25.39,1
2024-10-19,10,293,-0.8660254037844386,0.5000000000000001,5.28,31.58,436.92,147.73,154.75,157.35,25.58,25.1,0.5722,0.5294,24.81,0
2024-10-20,10,294,-0.8660254037844386,0.5000000000000001,6.38,32.72,442.22,149.7,147.73,154.54,25.84,25.58,0.604,0.5286,25.56,0
2024-10-21,10,295,-0.8660254037844386,0.5000000000000001,8.77,39.76,449.28,148.96,149.7,154.75,25.39,25.84,0.5695,0.5416,26.1,1
2024-10-22,10,296,-0.8660254037844386,0.5000000000000001,24.31,63.44,460.0,141.07,148.96,147.73,24.81,25.39,0.5673,0.4713,25.12,1
2024-10-23,10,297,-0.8660254037844386,0.5000000000000001,16.79,76.23,433.98,143.66,141.07,149.7,25.56,24.81,0.5601,0.4568,26.1,1
2024-10-24,10,298,-0.8660254037844386,0.5000000000000001,0.89,68.05,406.08,149.15,143.66,148.96,26.1,25.56,0.5043,0.4914,26.57,1
2024-10-25,10,299,-0.8660254037844386,0.5000000000000001,16.47,78.89,404.15,148.54,149.15,141.07,25.12,26.1,0.5159,0.4866,26.14,1
2024-10-26,10,300,-0.8660254037844386,0.5000000000000001,5.08,78.69,404.39,149.4,148.54,143.66,26.1,25.12,0.501,0.51,26.15,1
2024-10-27,10,301,-0.8660254037844386,0.5000000000000001,2.93,75.24,402.44,144.43,149.4,149.15,26.57,26.1,0.5202,0.4921,26.51,1
2024-10-28,10,302,-0.8660254037844386,0.5000000000000001,2.88,69.35,385.56,132.61,144.43,148.54,26.14,26.57,0.484,0.4988,26.27,0
2024-10-29,10,303,-0.8660254037844386,0.5000000000000001,2.97,48.01,362.81,121.13,132.61,149.4,26.15,26.14,0.4628,0.4303,26.13,1
2024-10-30,10,304,-0.8660254037844386,0.5000000000000001,1.0,32.22,354.62,119.32,121.13,144.43,26.51,26.15,0.4774,0.4624,24.68,1
2024-10-31,10,305,-0.8660254037844386,0.5000000000000001,0.37,31.7,347.29,113.98,119.32,132.61,26.27,26.51,0.4598,0.4181,25.22,1
2024-11-01,11,306,-0.5000000000000004,0.8660254037844384,0.38,15.61,334.63,107.64,113.98,121.13,26.13,26.27,0.4126,0.4624,24.93,0
2024-11-02,11,307,-0.5000000000000004,0.8660254037844384,5.48,16.01,321.13,105.14,107.64,119.32,24.68,26.13,0.4099,0.3863,23.8,0
2024-11-03,11,308,-0.5000000000000004,0.8660254037844384,13.5,26.58,276.03,104.64,105.14,113.98,25.22,24.68,0.3755,0.4261,24.69,1
2024-11-04,11,309,-0.5000000000000004,0.8660254037844384,0.05,23.75,243.92,95.11,104.64,107.64,24.93,25.22,0.3519,0.3523,24.65,1
2024-11-05,11,310,-0.5000000000000004,0.8660254037844384,0.06,20.84,243.32,90.75,95.11,105.14,23.8,24.93,0.3773,0.3845,25.8,1
2024-11-06,11,311,-0.5000000000000004,0.8660254037844384,1.74,21.58,236.27,94.5,90.75,104.64,24.69,23.8,0.367,0.4186,24.91,0
2024-11-07,11,312,-0.5000000000000004,0.8660254037844384,0.33,21.54,226.74,86.93,94.5,95.11,24.65,24.69,0.3754,0.3929,24.9,0
2024-11-08,11,313,-0.5000000000000004,0.8660254037844384,0.1,21.26,202.94,87.62,86.93,90.75,25.8,24.65,0.3477,0.3224,25.34,0
2024-11-09,11,314,-0.5000000000000004,0.8660254037844384,0.37,16.15,191.25,82.33,87.62,94.5,24.91,25.8,0.3436,0.3446,25.75,0
2024-11-10,11,315,-0.5000000000000004,0.8660254037844384,1.33,3.98,157.82,81.14,82.33,86.93,24.9,24.91,0.3042,0.2997,26.18,0
2024-11-11,11,316,-0.5000000000000004,0.8660254037844384,0.25,4.18,144.01,81.86,81.14,87.62,25.34,24.9,0.2838,0.2856,26.36,0
2024-11-12,11,317,-0.5000000000000004,0.8660254037844384,0.05,4.17,138.82,80.75,81.86,82.33,25.75,25.34,0.2969,0.3368,25.56,0
2024-11-13,11,318,-0.5000000000000004,0.8660254037844384,0.06,2.49,137.15,80.24,80.75,81.14,26.18,25.75,0.2918,0.3491,24.54,0
2024-11-14,11,319,-0.5000000000000004,0.8660254037844384,0.3,2.46,136.82,71.36,80.24,81.86,26.36,26.18,0.2807,0.3453,24.5,0
2024-11-15,11,320,-0.5000000000000004,0.8660254037844384,0.21,2.57,133.03,72.61,71.36,80.75,25.56,26.36,0.2951,0.3479,24.71,0
2024-11-16,11,321,-0.5000000000000004,0.8660254037844384,0.1,2.3,124.06,65.45,72.61,80.24,24.54,25.56,0.2147,0.3241,24.12,0
2024-11-17,11,322,-0.5000000000000004,0.8660254037844384,0.27,1.24,118.7,63.55,65.45,71.36,24.5,24.54,0.251,0.313,23.8,0
2024-11-18,11,323,-0.5000000000000004,0.8660254037844384,0.07,1.06,113.49,61.66,63.55,72.61,24.71,24.5,0.246,0.2859,24.08,0
2024-11-19,11,324,-0.5000000000000004,0.8660254037844384,0.01,1.02,107.12,60.68,61.66,65.45,24.12,24.71,0.2695,0.3011,24.99,0
2024-11-20,11,325,-0.5000000000000004,0.8660254037844384,0.03,0.99,98.38,58.93,60.68,63.55,23.8,24.12,0.27,0.2694,23.8,0
2024-11-21,11,326,-0.5000000000000004,0.8660254037844384,0.1,0.79,74.17,52.13,58.93,61.66,24.08,23.8,0.1877,0.2691,23.18,0
2024-11-22,11,327,-0.5000000000000004,0.8660254037844384,0.23,0.81,57.61,43.89,52.13,60.68,24.99,24.08,0.2301,0.2872,22.66,0
2024-11-23,11,328,-0.5000000000000004,0.8660254037844384,0.04,0.75,56.76,45.6,43.89,58.93,23.8,24.99,0.1777,0.2805,23.43,0
2024-11-24,11,329,-0.5000000000000004,0.8660254037844384,0.07,0.55,40.36,43.89,45.6,52.13,23.18,23.8,0.1635,0.3662,23.03,0
2024-11-25,11,330,-0.5000000000000004,0.8660254037844384,0.02,0.5,35.3,46.06,43.89,43.89,22.66,23.18,0.1771,0.2308,23.56,0
2024-11-26,11,331,-0.5000000000000004,0.8660254037844384,0.03,0.52,32.4,42.95,46.06,45.6,23.43,22.66,0.1728,0.2657,22.58,0
2024-11-27,11,332,-0.5000000000000004,0.8660254037844384,0.0,0.49,29.52,34.7,42.95,43.89,23.03,23.43,0.1454,0.225,22.53,0
2024-11-28,11,333,-0.5000000000000004,0.8660254037844384,0.0,0.39,26.55,36.99,34.7,46.06,23.56,23.03,0.1869,0.2543,23.74,0
2024-11-29,11,334,-0.5000000000000004,0.8660254037844384,0.0,0.16,25.55,33.47,36.99,42.95,22.58,23.56,0.1866,0.2549,24.1,0
2024-11-30,11,335,-0.5000000000000004,0.8660254037844384,0.0,0.12,25.18,33.22,33.47,34.7,22.53,22.58,0.1937,0.2905,24.05,0
2024-12-01,12,336,-2.4492935982947064e-16,1.0,0.0,0.05,24.8,28.94,33.22,36.99,23.74,22.53,0.1637,0.2514,23.87,0
2024-12-02,12,337,-2.4492935982947064e-16,1.0,0.0,0.03,19.32,34.27,28.94,33.47,24.1,23.74,0.1666,0.2559,23.51,0
2024-12-03,12,338,-2.4492935982947064e-16,1.0,0.0,0.0,5.82,28.39,34.27,33.22,24.05,24.1,0.1546,0.2406,23.39,0
2024-12-04,12,339,-2.4492935982947064e-16,1.0,0.0,0.0,5.77,25.46,28.39,28.94,23.87,24.05,0.189,0.2114,23.09,0
2024-12-05,12,340,-2.4492935982947064e-16,1.0,0.0,0.0,5.71,24.66,25.46,34.27,23.51,23.87,0.0985,0.2339,23.01,0
2024-12-06,12,341,-2.4492935982947064e-16,1.0,0.01,0.01,3.98,19.07,24.66,28.39,23.39,23.51,0.1344,0.2409,22.98,0
2024-12-07,12,342,-2.4492935982947064e-16,1.0,0.1,0.11,3.75,19.94,19.07,25.46,23.09,23.39,0.1535,0.2545,24.61,0
2024-12-08,12,343,-2.4492935982947064e-16,1.0,0.01,0.12,3.66,25.73,19.94,24.66,23.01,23.09,0.1316,0.269,24.27,0
2024-12-09,12,344,-2.4492935982947064e-16,1.0,0.0,0.12,3.29,22.16,25.73,19.07,22.98,23.01,0.1478,0.2449,24.56,0
2024-12-10,12,345,-2.4492935982947064e-16,1.0,0.0,0.12,1.96,22.59,22.16,19.94,24.61,22.98,0.1492,0.2436,24.15,0
2024-12-11,12,346,-2.4492935982947064e-16,1.0,0.06,0.18,1.77,10.31,22.59,25.73,24.27,24.61,0.1384,0.1994,22.99,0
2024-12-12,12,347,-2.4492935982947064e-16,1.0,0.07,0.25,1.79,10.66,10.31,22.16,24.56,24.27,0.1529,0.2673,22.77,0
2024-12-13,12,348,-2.4492935982947064e-16,1.0,0.05,0.29,1.78,9.81,10.66,22.59,24.15,24.56,0.1642,0.2302,23.45,0
2024-12-14,12,349,-2.4492935982947064e-16,1.0,0.0,0.19,1.48,7.01,9.81,10.31,22.99,24.15,0.1466,0.2733,22.99,0
2024-12-15,12,350,-2.4492935982947064e-16,1.0,0.0,0.18,1.27,12.17,7.01,10.66,22.77,22.99,0.1421,0.2903,22.26,0
2024-12-16,12,351,-2.4492935982947064e-16,1.0,0.0,0.18,1.17,10.88,12.17,9.81,23.45,22.77,0.1477,0.2451,21.03,0
2024-12-17,12,352,-2.4492935982947064e-16,1.0,0.0,0.18,0.9,10.34,10.88,7.01,22.99,23.45,0.1507,0.2198,20.97,0
2024-12-18,12,353,-2.4492935982947064e-16,1.0,0.0,0.12,0.83,9.03,10.34,12.17,22.26,22.99,0.1159,0.25,21.64,0
2024-12-19,12,354,-2.4492935982947064e-16,1.0,0.0,0.05,0.82,2.0,9.03,10.88,21.03,22.26,0.16,0.261,22.54,0
2024-12-20,12,355,-2.4492935982947064e-16,1.0,0.0,0.0,0.79,2.0,2.0,10.34,20.97,21.03,0.1417,0.241,23.45,0
2024-12-21,12,356,-2.4492935982947064e-16,1.0,0.0,0.0,0.69,4.32,2.0,9.03,21.64,20.97,0.1759,0.2335,23.5,0
2024-12-22,12,357,-2.4492935982947064e-16,1.0,0.0,0.0,0.46,2.0,4.32,2.0,22.54,21.64,0.1622,0.2672,24.33,0
2024-12-23,12,358,-2.4492935982947064e-16,1.0,0.0,0.0,0.42,2.0,2.0,2.0,23.45,22.54,0.1738,0.2652,23.87,0
2024-12-24,12,359,-2.4492935982947064e-16,1.0,0.0,0.0,0.35,2.0,2.0,4.32,23.5,23.45,0.1301,0.2398,23.85,0
2024-12-25,12,360,-2.4492935982947064e-16,1.0,0.0,0.0,0.33,5.46,2.0,2.0,24.33,23.5,0.1429,0.2006,23.05,0
2024-12-26,12,361,-2.4492935982947064e-16,1.0,0.0,0.0,0.3,9.22,5.46,2.0,23.87,24.33,0.1254,0.2639,23.44,0
2024-12-27,12,362,-2.4492935982947064e-16,1.0,0.0,0.0,0.3,7.09,9.22,2.0,23.85,23.87,0.1362,0.2272,24.48,0
2024-12-28,12,363,-2.4492935982947064e-16,1.0,0.0,0.0,0.3,12.71,7.09,5.46,23.05,23.85,0.1753,0.2566,24.69,0
